id,ncomments
"1","1"
"2","0"
"7","0"
"75","2"
"97","3"
"114","2"
"117","0"
"162","0"
"163","0"
"164","23"
"183","3"
"241","4"
"244","0"
"245","0"
"249","1"
"259","0"
"264","1"
"276","0"
"277","0"
"290","4"
"312","0"
"369","0"
"377","2"
"380","0"
"381","0"
"382","3"
"387","2"
"397","1"
"398","0"
"416","0"
"437","0"
"438","0"
"486","0"
"515","2"
"553","0"
"580","0"
"595","0"
"627","1"
"645","2"
"675","2"
"807","0"
"829","3"
"847","0"
"854","5"
"978","0"
"1009","0"
"1044","9"
"1062","1"
"1063","3"
"1068","2"
"1069","3"
"1070","0"
"1108","0"
"1166","2"
"1180","2"
"1225","2"
"1238","4"
"1257","0"
"1262","2"
"1322","3"
"1344","3"
"1362","5"
"1368","3"
"1427","3"
"1463","0"
"1577","0"
"1621","0"
"1653","1"
"1680","6"
"1707","0"
"1735","4"
"1766","4"
"1906","5"
"1961","0"
"2003","3"
"2010","0"
"2013","5"
"2021","6"
"2022","2"
"2023","2"
"2028","0"
"2078","1"
"2087","5"
"2091","0"
"2092","3"
"2099","0"
"2120","3"
"2178","0"
"2226","0"
"2243","3"
"2257","0"
"2330","7"
"2342","0"
"2372","0"
"2403","2"
"2405","0"
"2503","0"
"2517","0"
"2525","1"
"2552","4"
"2581","2"
"2582","0"
"2592","2"
"2631","1"
"2703","5"
"2715","1"
"2804","0"
"2837","0"
"2963","5"
"2982","1"
"2985","0"
"3001","0"
"3004","0"
"3034","0"
"3056","3"
"3085","1"
"3142","0"
"3165","2"
"3174","2"
"3406","2"
"3460","0"
"3521","0"
"3543","0"
"3584","1"
"3600","0"
"3601","5"
"3606","0"
"3640","4"
"3674","1"
"3694","3"
"3707","0"
"3763","0"
"3787","1"
"3844","2"
"3848","4"
"3879","0"
"3889","0"
"3949","0"
"4104","3"
"4193","0"
"4196","1"
"4213","1"
"4217","1"
"4248","2"
"4253","1"
"4254","3"
"4309","7"
"4354","1"
"4420","5"
"4436","0"
"4471","6"
"4503","4"
"4524","2"
"4530","3"
"4536","1"
"4555","9"
"4570","0"
"4667","2"
"4752","1"
"4758","4"
"4796","0"
"4824","0"
"4841","0"
"4859","1"
"4981","0"
"5020","4"
"5033","0"
"5067","1"
"5084","0"
"5091","1"
"5107","1"
"5119","1"
"5132","0"
"5182","0"
"5212","0"
"5227","4"
"5244","4"
"5266","0"
"5310","0"
"5414","3"
"5440","0"
"5441","0"
"5467","1"
"5505","6"
"5514","3"
"5637","0"
"5644","2"
"5763","1"
"5786","2"
"5817","1"
"5835","0"
"5847","2"
"5860","2"
"5869","4"
"5883","3"
"5897","1"
"5932","0"
"5949","2"
"6020","0"
"6077","0"
"6204","0"
"6236","0"
"6259","0"
"6329","0"
"6411","0"
"6465","0"
"6478","1"
"6510","2"
"6530","0"
"6535","0"
"6550","1"
"6666","4"
"6694","0"
"6753","1"
"6756","2"
"6827","0"
"6842","9"
"6904","2"
"6946","0"
"6957","0"
"6998","1"
"7062","3"
"7080","0"
"7084","6"
"7204","3"
"7256","0"
"7277","0"
"7434","5"
"7519","0"
"7553","2"
"7641","8"
"7687","1"
"7697","0"
"7703","0"
"7705","2"
"7720","1"
"7776","1"
"7802","3"
"7849","7"
"7860","1"
"7870","0"
"7911","1"
"7920","2"
"7938","0"
"7961","1"
"8033","0"
"8066","1"
"8074","0"
"8099","0"
"8113","0"
"8155","1"
"8174","0"
"8181","3"
"8201","1"
"8303","0"
"8310","2"
"8427","6"
"8445","1"
"8446","1"
"8456","0"
"8573","0"
"8587","2"
"8602","4"
"8610","0"
"8621","3"
"8663","0"
"8711","2"
"8733","2"
"8744","2"
"8749","0"
"8757","0"
"8761","0"
"8785","0"
"8798","14"
"8803","1"
"8857","2"
"8865","0"
"8867","0"
"8873","0"
"8895","0"
"8896","0"
"8945","0"
"9095","5"
"9096","0"
"9106","0"
"9113","0"
"9133","1"
"9156","0"
"9230","3"
"9237","1"
"9263","4"
"9272","2"
"9348","1"
"9440","3"
"9453","1"
"9461","6"
"9470","0"
"9561","0"
"9623","1"
"9628","8"
"9668","2"
"9682","0"
"9763","0"
"9781","0"
"9810","0"
"9831","0"
"9908","0"
"9916","3"
"9935","0"
"9945","4"
"9967","0"
"9973","0"
"9980","0"
"9981","0"
"10000","2"
"10006","0"
"10011","0"
"10029","0"
"10032","0"
"10035","0"
"10071","3"
"10106","0"
"10109","1"
"10156","2"
"10201","4"
"10251","0"
"10270","0"
"10277","0"
"10292","0"
"10378","0"
"10386","0"
"10415","0"
"10446","0"
"10485","0"
"10535","5"
"10549","0"
"10551","0"
"10553","2"
"10554","4"
"10615","0"
"10646","0"
"10657","0"
"10691","0"
"10694","0"
"10722","2"
"10728","5"
"10729","1"
"10736","0"
"10825","5"
"10838","3"
"10847","0"
"10854","1"
"10857","2"
"10866","2"
"10898","0"
"10929","5"
"10974","2"
"11066","0"
"11098","1"
"11103","0"
"11140","1"
"11163","0"
"11170","2"
"11234","8"
"11263","1"
"11298","0"
"11317","1"
"11355","0"
"11363","1"
"11369","0"
"11376","0"
"11384","0"
"11393","0"
"11397","1"
"11398","0"
"11427","1"
"11444","4"
"11447","1"
"11540","0"
"11555","1"
"11606","1"
"11621","0"
"11623","0"
"11632","1"
"11658","0"
"11662","0"
"11737","0"
"11756","0"
"11768","1"
"11788","0"
"11794","2"
"11810","0"
"11840","2"
"11842","0"
"11860","4"
"11868","0"
"11893","0"
"11911","0"
"11917","1"
"11968","0"
"11972","2"
"11974","1"
"11985","2"
"11986","2"
"11995","5"
"12041","12"
"12066","1"
"12101","0"
"12131","2"
"12133","0"
"12153","1"
"12164","7"
"12178","0"
"12194","2"
"12313","1"
"12401","0"
"12402","1"
"12405","0"
"12428","5"
"12434","0"
"12482","3"
"12512","2"
"12546","2"
"12555","6"
"12568","0"
"12593","6"
"12596","3"
"12624","2"
"12684","0"
"12686","2"
"12699","2"
"12729","0"
"12792","2"
"12816","0"
"12836","0"
"12846","1"
"12857","1"
"12896","0"
"12899","0"
"12933","0"
"13039","0"
"13059","1"
"13120","0"
"13192","0"
"13235","1"
"13243","0"
"13286","3"
"13372","0"
"13375","2"
"13432","0"
"13446","0"
"13464","4"
"13496","1"
"13537","1"
"13543","0"
"13570","3"
"13618","0"
"13639","1"
"13652","2"
"13658","1"
"13698","0"
"13731","0"
"13760","3"
"13798","1"
"13821","2"
"13841","5"
"13862","0"
"13863","3"
"13955","0"
"13992","2"
"14025","0"
"14029","1"
"14038","1"
"14046","5"
"14102","0"
"14112","2"
"14134","0"
"14142","0"
"14152","0"
"14215","5"
"14216","0"
"14222","1"
"14249","0"
"14255","3"
"14256","0"
"14305","0"
"14465","3"
"14516","0"
"14534","5"
"14569","8"
"14635","2"
"14709","2"
"14713","1"
"14714","1"
"14717","0"
"14727","0"
"14738","0"
"14739","2"
"14757","2"
"14763","0"
"14820","1"
"14843","1"
"14864","6"
"14881","0"
"14890","6"
"14894","0"
"14898","1"
"14906","0"
"14940","1"
"14982","0"
"15014","3"
"15059","1"
"15066","8"
"15075","12"
"15102","1"
"15108","2"
"15116","0"
"15202","0"
"15207","0"
"15214","1"
"15235","5"
"15260","0"
"15262","2"
"15272","2"
"15315","1"
"15335","0"
"15349","2"
"15368","1"
"15394","5"
"15436","2"
"15446","2"
"15471","0"
"15475","1"
"15484","1"
"15491","0"
"15502","0"
"15595","0"
"15599","0"
"15617","1"
"15621","0"
"15641","5"
"15694","3"
"15722","1"
"15726","0"
"15741","1"
"15743","1"
"15744","1"
"15765","6"
"15813","0"
"15830","1"
"15881","0"
"15903","0"
"15934","3"
"15939","1"
"15943","0"
"15958","0"
"15961","0"
"15968","0"
"16133","2"
"16158","0"
"16164","0"
"16165","1"
"16169","1"
"16183","0"
"16187","2"
"16204","6"
"16227","3"
"16236","0"
"16247","0"
"16258","0"
"16287","1"
"16291","3"
"16353","2"
"16361","3"
"16380","5"
"16411","0"
"16422","0"
"16426","0"
"16486","1"
"16496","4"
"16500","2"
"16535","0"
"16546","1"
"16560","1"
"16564","8"
"16588","2"
"16607","2"
"16624","0"
"16651","0"
"16676","5"
"16685","2"
"16692","1"
"16731","0"
"16733","1"
"16747","2"
"16796","4"
"16806","3"
"16903","1"
"16958","1"
"16980","1"
"17066","1"
"17067","0"
"17075","0"
"17095","2"
"17172","0"
"17179","0"
"17187","1"
"17234","1"
"17316","4"
"17393","0"
"17399","3"
"17407","4"
"17412","11"
"17430","4"
"17448","3"
"17491","1"
"17510","1"
"17516","0"
"17524","1"
"17551","3"
"17562","1"
"17565","0"
"17593","0"
"17598","2"
"17632","3"
"17635","2"
"17698","3"
"17720","1"
"17721","1"
"17755","0"
"17847","4"
"17852","2"
"17862","0"
"17899","0"
"17930","1"
"17932","1"
"17965","0"
"17998","1"
"18007","2"
"18011","0"
"18018","1"
"18022","1"
"18035","4"
"18043","1"
"18061","13"
"18077","1"
"18086","2"
"18087","10"
"18124","1"
"18133","3"
"18154","0"
"18162","0"
"18167","4"
"18168","0"
"18185","0"
"18195","0"
"18207","0"
"18217","3"
"18275","0"
"18310","4"
"18327","0"
"18330","1"
"18347","0"
"18398","2"
"18494","0"
"18505","1"
"18533","3"
"18563","10"
"18608","0"
"18663","4"
"18680","1"
"18694","2"
"18720","0"
"18739","9"
"18819","2"
"18936","0"
"18978","4"
"19007","7"
"19033","5"
"19128","2"
"19147","1"
"19152","0"
"19176","0"
"19193","6"
"19214","8"
"19276","2"
"19290","1"
"19302","1"
"19309","2"
"19319","1"
"19373","0"
"19387","2"
"19419","1"
"19436","3"
"19448","0"
"19457","7"
"19469","0"
"19471","5"
"19524","0"
"19526","5"
"19565","0"
"19567","2"
"19631","0"
"19644","0"
"19694","1"
"19698","0"
"19714","0"
"19718","0"
"19749","0"
"19751","3"
"19756","0"
"19778","1"
"19790","0"
"19864","0"
"19868","2"
"19872","1"
"19911","4"
"19949","5"
"19980","2"
"19988","7"
"20004","8"
"20015","2"
"20022","1"
"20045","0"
"20095","2"
"20105","5"
"20108","0"
"20135","0"
"20140","1"
"20147","1"
"20163","0"
"20166","1"
"20168","0"
"20187","2"
"20201","0"
"20209","0"
"20216","0"
"20224","2"
"20242","1"
"20261","6"
"20371","2"
"20395","4"
"20402","4"
"20404","4"
"20406","2"
"20413","0"
"20422","9"
"20438","0"
"20481","10"
"20497","1"
"20521","0"
"20525","2"
"20530","6"
"20558","3"
"20645","0"
"20659","0"
"20661","3"
"20684","1"
"20693","0"
"20696","3"
"20703","1"
"20707","0"
"20744","4"
"20766","0"
"20787","0"
"20806","5"
"20828","2"
"20839","2"
"20845","0"
"20859","0"
"20871","1"
"20872","1"
"20874","0"
"20903","5"
"20904","0"
"20948","0"
"20951","0"
"20995","0"
"21003","8"
"21005","0"
"21067","3"
"21073","2"
"21114","3"
"21137","5"
"21177","0"
"21205","0"
"21225","2"
"21237","4"
"21247","2"
"21269","0"
"21297","1"
"21301","0"
"21305","1"
"21313","4"
"21375","2"
"21383","0"
"21413","4"
"21420","7"
"21523","2"
"21534","3"
"22651","1"
"22671","0"
"22703","0"
"22752","2"
"22768","2"
"22783","10"
"22795","5"
"22806","2"
"22809","1"
"22865","0"
"22903","0"
"22906","0"
"22925","0"
"22937","4"
"22953","1"
"22972","4"
"22985","0"
"22989","0"
"23007","1"
"23032","0"
"23039","1"
"23086","1"
"23097","0"
"23101","1"
"23133","0"
"23178","0"
"23191","0"
"23235","6"
"23294","1"
"23302","1"
"23315","0"
"23322","8"
"23329","0"
"23334","0"
"23371","4"
"23382","2"
"23433","5"
"23438","0"
"23452","1"
"23454","0"
"23459","2"
"23474","0"
"23507","0"
"23519","3"
"23521","0"
"23592","2"
"23598","0"
"23612","2"
"23627","0"
"23632","3"
"23664","1"
"23673","1"
"23683","3"
"23734","1"
"23778","11"
"23794","5"
"23801","3"
"23809","2"
"23843","0"
"23850","6"
"23862","3"
"23914","2"
"24023","0"
"24044","2"
"24055","0"
"24084","2"
"24112","0"
"24130","1"
"24139","0"
"24164","2"
"24166","6"
"24178","0"
"24227","1"
"24277","1"
"24338","0"
"24384","1"
"24436","0"
"24444","7"
"24518","5"
"24538","0"
"24543","4"
"24567","0"
"24613","0"
"24647","0"
"24657","0"
"24662","2"
"24675","1"
"24729","0"
"24773","0"
"24803","0"
"24832","1"
"24863","5"
"24908","0"
"24923","1"
"24947","0"
"24990","1"
"25001","0"
"25036","0"
"25080","0"
"25088","0"
"25100","2"
"25132","0"
"25162","7"
"25219","2"
"25260","8"
"25282","3"
"25319","1"
"25444","0"
"25472","5"
"25473","2"
"25475","0"
"25490","0"
"25491","0"
"25494","1"
"25520","4"
"25530","0"
"25578","0"
"25635","4"
"25647","4"
"25661","7"
"25689","3"
"25769","6"
"25855","1"
"25874","5"
"25884","0"
"25894","4"
"25897","4"
"25900","1"
"25915","0"
"25939","0"
"25941","2"
"25958","0"
"25979","1"
"26027","0"
"26047","0"
"26062","3"
"26092","2"
"26142","3"
"26197","0"
"26223","1"
"26226","0"
"26242","0"
"26272","0"
"26278","0"
"26307","6"
"26319","0"
"26347","0"
"26390","2"
"26400","4"
"26446","1"
"26459","0"
"26469","1"
"26486","0"
"26531","1"
"26560","3"
"26561","0"
"26598","2"
"26615","1"
"26660","2"
"26685","0"
"26696","1"
"27769","2"
"27770","2"
"27782","3"
"27805","0"
"27829","0"
"27831","3"
"27849","3"
"27862","11"
"27885","0"
"27897","1"
"27904","1"
"27913","2"
"27933","0"
"27934","0"
"27939","0"
"27958","3"
"27964","0"
"27988","1"
"29014","1"
"29082","11"
"29170","0"
"29220","0"
"29226","5"
"29251","0"
"29292","0"
"29296","0"
"29324","1"
"29355","6"
"29387","0"
"29388","0"
"29407","2"
"29429","0"
"29460","3"
"29499","1"
"29515","3"
"29557","2"
"29622","1"
"29635","1"
"29735","3"
"29748","0"
"29824","1"
"29902","0"
"29930","0"
"29936","0"
"29937","0"
"29974","0"
"29982","0"
"29992","2"
"30002","1"
"30046","1"
"30096","0"
"30133","5"
"30135","4"
"30203","1"
"30289","4"
"30320","0"
"30323","2"
"30329","1"
"30330","9"
"30336","2"
"30362","2"
"30365","3"
"30431","1"
"30471","2"
"30499","0"
"30508","0"
"30519","0"
"30527","0"
"30575","0"
"30694","0"
"30697","3"
"30701","2"
"30743","0"
"30782","1"
"30818","7"
"30833","4"
"30893","0"
"30898","3"
"30919","0"
"30940","0"
"30949","0"
"30998","5"
"31001","1"
"31027","0"
"31043","2"
"31065","0"
"31100","1"
"31122","0"
"31162","0"
"31183","4"
"31204","2"
"31247","0"
"31248","0"
"31289","0"
"31315","0"
"31337","0"
"31368","7"
"31370","2"
"31388","1"
"31404","0"
"31460","3"
"31511","0"
"31549","0"
"31560","1"
"31573","0"
"31576","0"
"31606","2"
"31636","9"
"31637","0"
"31653","0"
"31683","0"
"31696","1"
"31705","4"
"31813","0"
"31826","2"
"31843","0"
"31872","0"
"31933","2"
"31975","0"
"32012","4"
"32036","1"
"32047","3"
"32063","0"
"32105","1"
"32123","1"
"32143","1"
"32171","5"
"32185","1"
"32236","2"
"32268","0"
"32285","0"
"32288","0"
"32334","2"
"32345","1"
"32347","1"
"32353","0"
"32372","5"
"32451","1"
"32510","0"
"32521","0"
"32526","6"
"32529","0"
"32532","3"
"32568","0"
"32574","2"
"32595","0"
"32616","3"
"32640","3"
"32641","0"
"32645","1"
"32672","0"
"32677","1"
"32719","1"
"32730","3"
"32761","0"
"32805","0"
"32837","1"
"32902","0"
"32953","0"
"32964","1"
"32987","2"
"33006","0"
"33020","0"
"33050","0"
"33064","1"
"33104","1"
"33114","6"
"33142","5"
"33148","0"
"33161","0"
"33189","0"
"33212","0"
"33257","1"
"33273","3"
"33293","0"
"33294","2"
"33308","0"
"33314","2"
"33343","6"
"33352","2"
"33410","0"
"33428","0"
"33456","1"
"33459","4"
"33460","1"
"33491","1"
"33507","3"
"33559","0"
"33565","2"
"33585","1"
"33603","2"
"33604","1"
"33627","0"
"33637","1"
"33641","0"
"33648","0"
"33663","0"
"33698","5"
"33722","1"
"33811","7"
"33822","5"
"33830","5"
"33834","0"
"33844","2"
"33871","0"
"33900","3"
"33909","2"
"33950","4"
"33990","1"
"34003","2"
"34022","2"
"34039","0"
"34042","0"
"34130","1"
"34142","1"
"34159","4"
"34205","0"
"34207","2"
"34241","0"
"34255","2"
"34271","1"
"34282","1"
"34298","0"
"34326","8"
"34337","1"
"34339","0"
"34343","1"
"34350","0"
"34368","3"
"34397","0"
"34419","1"
"34440","1"
"34519","0"
"34542","0"
"34577","8"
"34599","2"
"34661","0"
"34674","6"
"34687","5"
"34698","0"
"34707","0"
"34718","2"
"34782","1"
"34810","0"
"34871","0"
"34904","0"
"34913","0"
"34952","2"
"34955","3"
"34961","1"
"34962","1"
"34965","1"
"34988","0"
"34992","4"
"35015","1"
"35053","1"
"35089","0"
"35144","1"
"35222","2"
"35239","0"
"35254","0"
"35261","0"
"35264","1"
"35307","0"
"35387","0"
"35441","0"
"35450","1"
"35492","3"
"35495","0"
"35542","3"
"35556","5"
"35571","0"
"35572","1"
"35611","8"
"35635","4"
"35704","6"
"35720","0"
"35735","0"
"35741","2"
"35756","0"
"35776","0"
"35791","4"
"35831","0"
"35880","12"
"35891","2"
"35924","1"
"35977","3"
"35998","2"
"36001","1"
"36047","6"
"36073","1"
"36117","0"
"36128","0"
"36143","0"
"36156","3"
"36158","0"
"36172","1"
"36263","1"
"36267","2"
"36272","1"
"36313","1"
"36331","5"
"36355","4"
"36363","5"
"36406","1"
"36418","0"
"36427","3"
"36458","5"
"36462","2"
"36468","0"
"36517","1"
"36580","0"
"36598","2"
"36609","4"
"36618","7"
"36629","3"
"36671","3"
"36726","0"
"36735","4"
"36754","13"
"36774","0"
"36804","0"
"36807","1"
"36831","0"
"36873","0"
"36909","2"
"36948","0"
"36986","5"
"37036","0"
"37049","1"
"37121","1"
"37147","2"
"37165","0"
"37169","4"
"37175","2"
"37183","4"
"37196","4"
"37208","1"
"37243","5"
"37246","4"
"37270","1"
"37327","3"
"37338","9"
"37380","7"
"37383","0"
"37388","1"
"37417","3"
"37457","4"
"37472","3"
"37481","0"
"37505","0"
"37519","2"
"37559","0"
"37568","1"
"37577","5"
"37588","1"
"37639","0"
"37676","0"
"37724","2"
"37734","2"
"37820","2"
"37855","5"
"37861","2"
"37864","0"
"37871","1"
"37875","1"
"37893","2"
"37934","5"
"37949","1"
"37989","0"
"38001","2"
"38037","4"
"38051","1"
"38062","3"
"38071","0"
"38074","2"
"38112","1"
"38119","0"
"38134","2"
"38147","0"
"38149","0"
"38150","5"
"38156","0"
"38241","1"
"38245","0"
"38247","0"
"38250","2"
"38321","0"
"38331","0"
"38501","0"
"38502","0"
"38504","0"
"38546","0"
"38567","2"
"38629","0"
"38644","0"
"38655","3"
"38660","3"
"38708","0"
"38715","0"
"38890","1"
"38899","0"
"38925","0"
"38942","3"
"38960","1"
"38972","1"
"38990","5"
"39014","1"
"39051","2"
"39055","0"
"39077","6"
"39087","1"
"39097","1"
"39101","12"
"39122","0"
"39165","0"
"39205","1"
"39271","0"
"39285","5"
"39297","10"
"39440","0"
"39520","1"
"39524","0"
"39530","0"
"39540","0"
"39547","0"
"39555","0"
"39585","1"
"39662","2"
"39692","1"
"39696","9"
"39711","3"
"39729","0"
"39762","1"
"39775","2"
"39801","0"
"39833","1"
"39857","6"
"39882","0"
"39892","0"
"39893","1"
"39913","1"
"39925","1"
"39930","0"
"39933","1"
"39990","6"
"40023","0"
"40085","3"
"40127","2"
"40154","0"
"40182","1"
"40185","0"
"40227","5"
"40255","4"
"40274","0"
"40289","2"
"40291","1"
"40298","1"
"40336","8"
"40392","1"
"40395","0"
"40396","6"
"40416","4"
"40482","1"
"40534","4"
"40562","1"
"40594","7"
"40616","1"
"40655","2"
"40720","2"
"40808","1"
"40849","0"
"40861","5"
"40869","0"
"40992","0"
"40995","2"
"41010","0"
"41058","0"
"41122","0"
"41139","6"
"41160","3"
"41230","1"
"41239","0"
"41333","2"
"41343","0"
"41350","1"
"41364","0"
"41393","0"
"41459","0"
"41478","6"
"41502","4"
"41539","3"
"41605","3"
"41685","0"
"41688","3"
"41708","1"
"41716","1"
"41783","4"
"41810","3"
"41905","1"
"41913","10"
"41918","2"
"41943","1"
"41966","2"
"41988","1"
"42014","2"
"42020","0"
"42035","3"
"42071","0"
"42091","0"
"42092","0"
"42093","0"
"42101","1"
"42103","1"
"42168","2"
"42171","1"
"42191","1"
"42209","1"
"42229","3"
"42278","2"
"42289","1"
"42314","1"
"42334","0"
"42369","1"
"42383","4"
"42397","2"
"42406","0"
"42417","1"
"42455","0"
"42462","0"
"42466","0"
"42469","2"
"42476","0"
"42500","5"
"42509","0"
"42601","4"
"42618","0"
"42621","0"
"42626","0"
"42629","0"
"42663","9"
"42782","0"
"42801","0"
"42802","0"
"42897","0"
"42912","0"
"43008","7"
"43063","0"
"43083","3"
"43255","1"
"43284","0"
"43287","1"
"43294","2"
"43370","0"
"43373","2"
"43411","0"
"43450","2"
"43454","1"
"43503","1"
"43522","0"
"43529","1"
"43537","3"
"43539","0"
"43546","2"
"43574","4"
"43615","4"
"43649","1"
"43658","0"
"43669","1"
"43692","0"
"43707","0"
"43737","0"
"43740","0"
"43750","1"
"43780","0"
"43791","0"
"43794","6"
"43807","0"
"43837","0"
"43856","5"
"43921","0"
"43926","0"
"44018","1"
"44033","0"
"44043","0"
"44131","0"
"44149","0"
"44151","7"
"44181","0"
"44186","0"
"44190","0"
"44210","2"
"44214","0"
"44247","0"
"44275","2"
"44315","0"
"44335","0"
"44337","2"
"44345","2"
"44382","2"
"44419","5"
"44489","1"
"44532","0"
"44543","2"
"44596","0"
"44620","0"
"44644","0"
"44668","1"
"44705","3"
"44716","0"
"44801","0"
"44843","10"
"44849","4"
"44881","1"
"44980","0"
"44987","0"
"44997","0"
"45049","0"
"45074","2"
"45093","0"
"45097","0"
"45156","0"
"45184","1"
"45254","2"
"45311","2"
"45326","0"
"45328","0"
"45375","1"
"45380","1"
"45410","1"
"45490","0"
"45509","1"
"45527","3"
"45552","4"
"45561","4"
"45578","0"
"45593","0"
"45660","0"
"45680","0"
"45687","0"
"45695","0"
"45712","0"
"45723","0"
"45738","0"
"45750","1"
"45776","0"
"45794","2"
"45808","0"
"45831","3"
"45834","0"
"45849","2"
"45871","2"
"45892","0"
"45919","0"
"45928","2"
"45986","0"
"45999","0"
"46003","2"
"46004","0"
"46020","3"
"46021","1"
"46070","0"
"46080","3"
"46092","3"
"46095","0"
"46099","1"
"46108","0"
"46112","2"
"46124","2"
"46125","0"
"46164","0"
"46199","3"
"46212","2"
"46268","0"
"46289","0"
"46293","2"
"46340","0"
"46344","0"
"46348","1"
"46353","1"
"46369","1"
"46395","0"
"46438","1"
"46477","1"
"46484","0"
"46525","0"
"46540","0"
"46563","1"
"46583","0"
"46608","3"
"46652","2"
"46683","0"
"46696","1"
"46704","0"
"46746","0"
"46764","4"
"46793","0"
"46807","3"
"46818","8"
"46836","0"
"46849","1"
"46900","0"
"46907","2"
"46941","0"
"46953","2"
"46957","1"
"46966","2"
"46973","5"
"46984","0"
"46993","0"
"46997","2"
"47027","1"
"47043","0"
"47070","0"
"47152","2"
"47153","1"
"47182","7"
"47185","0"
"47191","0"
"47192","1"
"47198","2"
"47224","0"
"47232","0"
"47261","0"
"47279","4"
"47334","4"
"47341","0"
"47376","0"
"47400","2"
"47401","3"
"47433","4"
"47467","2"
"47489","0"
"47490","4"
"47509","0"
"47555","1"
"47617","2"
"47618","2"
"47638","0"
"47641","1"
"47652","2"
"47658","2"
"47671","2"
"47692","0"
"47742","0"
"47762","6"
"47789","4"
"47809","5"
"47821","0"
"47887","3"
"47890","0"
"48040","0"
"48053","1"
"48058","3"
"48092","3"
"48110","0"
"48117","4"
"48139","1"
"48154","1"
"48158","0"
"48187","3"
"48206","4"
"48226","0"
"48249","0"
"48257","0"
"48270","2"
"48302","1"
"48354","1"
"48378","0"
"48391","4"
"48396","0"
"48411","0"
"48422","3"
"48438","1"
"48539","1"
"48543","0"
"48580","0"
"48601","6"
"48607","0"
"48667","0"
"48705","0"
"48714","1"
"48735","0"
"48754","5"
"48774","2"
"48826","1"
"48927","6"
"48980","0"
"48988","0"
"49016","1"
"49048","1"
"49056","5"
"49080","5"
"49086","1"
"49097","1"
"49107","4"
"49163","0"
"49184","0"
"49205","0"
"49206","0"
"49228","1"
"49260","1"
"49274","0"
"49305","0"
"49332","0"
"49354","4"
"49356","3"
"49441","0"
"49442","3"
"49515","0"
"49550","2"
"49581","0"
"49638","1"
"49647","0"
"49682","0"
"49695","1"
"49699","3"
"49718","1"
"49761","1"
"49771","2"
"49823","2"
"49851","0"
"49859","0"
"50893","2"
"50895","4"
"50913","2"
"50925","1"
"50970","5"
"51010","1"
"51017","1"
"51039","1"
"51056","1"
"51069","5"
"51083","0"
"51182","2"
"51195","1"
"51203","1"
"51207","0"
"51256","6"
"51306","1"
"51309","4"
"51343","4"
"51344","0"
"51361","1"
"51366","2"
"51369","4"
"51413","0"
"51425","0"
"51476","2"
"51479","3"
"51554","5"
"51579","1"
"51587","0"
"51614","0"
"51657","1"
"51675","0"
"51676","5"
"51755","2"
"51784","0"
"51822","1"
"51827","1"
"51843","5"
"51860","0"
"51882","0"
"51936","2"
"51979","0"
"51994","2"
"52000","1"
"52080","0"
"52136","4"
"52149","0"
"52158","2"
"52186","2"
"52193","0"
"52199","0"
"52262","0"
"52271","0"
"52278","2"
"52296","2"
"52372","1"
"52436","0"
"52447","1"
"52506","5"
"52512","1"
"52527","7"
"52574","0"
"52643","6"
"52658","0"
"52666","2"
"52667","0"
"52689","0"
"52699","1"
"52704","0"
"52728","0"
"52735","0"
"52742","4"
"52754","3"
"52804","0"
"52828","2"
"52856","10"
"52862","0"
"52863","0"
"52870","1"
"52879","0"
"52887","2"
"52920","1"
"52980","2"
"53014","0"
"53027","0"
"53029","0"
"53041","4"
"53047","0"
"53065","0"
"53087","3"
"53104","1"
"53162","6"
"53166","1"
"53173","0"
"53265","2"
"53288","0"
"53305","0"
"53359","2"
"53374","3"
"53417","1"
"53440","2"
"53448","2"
"53474","1"
"53528","0"
"53538","0"
"53573","7"
"53596","9"
"53630","2"
"53699","2"
"53753","2"
"53773","3"
"53791","2"
"53841","1"
"53847","3"
"53864","2"
"53867","0"
"53895","2"
"53922","3"
"53929","0"
"53954","0"
"53974","0"
"53978","3"
"54007","3"
"54009","0"
"54027","5"
"54055","0"
"54091","3"
"54099","2"
"54163","1"
"54190","7"
"54244","0"
"54324","1"
"54325","3"
"54343","7"
"54418","0"
"54454","2"
"54480","0"
"54501","1"
"54512","0"
"54547","1"
"54572","0"
"54580","0"
"54590","0"
"54599","0"
"54630","1"
"54669","5"
"54672","3"
"54706","2"
"54732","1"
"54734","16"
"54744","1"
"54758","0"
"54770","0"
"54831","0"
"54850","0"
"54852","3"
"54857","2"
"54865","0"
"54929","1"
"54952","6"
"54967","1"
"54986","5"
"55043","1"
"55061","1"
"55075","0"
"55076","11"
"55083","3"
"55086","2"
"55104","0"
"55105","2"
"55119","5"
"55138","2"
"55139","4"
"55179","3"
"55180","6"
"55181","3"
"55185","2"
"55190","0"
"55191","1"
"55197","0"
"55205","9"
"55244","2"
"55249","2"
"55270","7"
"55272","0"
"55283","1"
"55300","6"
"55313","5"
"55342","1"
"55354","2"
"55357","0"
"55371","2"
"55380","2"
"55381","0"
"55387","1"
"55419","0"
"55456","5"
"55460","0"
"55467","6"
"55469","3"
"55470","0"
"55514","0"
"55525","2"
"55562","4"
"55580","3"
"55613","1"
"55615","2"
"55618","3"
"55673","0"
"55703","0"
"55711","2"
"55712","0"
"55718","1"
"55792","1"
"55862","1"
"55876","1"
"55971","1"
"55982","3"
"55990","2"
"56010","4"
"56016","0"
"56031","0"
"56056","0"
"56069","2"
"56126","2"
"56155","1"
"56190","0"
"56201","0"
"56265","2"
"56302","0"
"56347","0"
"56366","4"
"56369","0"
"56399","0"
"56401","1"
"56405","1"
"56408","6"
"56417","2"
"56423","0"
"56516","1"
"56551","6"
"56555","2"
"56568","0"
"56609","0"
"56627","2"
"56681","1"
"56693","0"
"56769","0"
"56772","1"
"56777","3"
"56804","0"
"56809","0"
"56822","5"
"56825","1"
"56851","1"
"56852","5"
"56870","2"
"56886","2"
"56895","3"
"56930","2"
"56978","1"
"57040","0"
"57055","7"
"57078","1"
"57087","6"
"57115","0"
"57128","4"
"57143","1"
"57151","1"
"57182","1"
"57203","0"
"57241","1"
"57252","1"
"57268","0"
"57302","2"
"57319","4"
"57337","0"
"57349","2"
"57363","0"
"57378","1"
"57384","0"
"57386","0"
"57397","1"
"57406","1"
"57427","4"
"57435","0"
"57504","0"
"57509","0"
"57527","3"
"57556","9"
"57615","0"
"57644","0"
"57666","4"
"57688","0"
"57706","0"
"57715","1"
"57722","1"
"57734","1"
"57747","0"
"57754","4"
"57758","0"
"57775","4"
"57776","1"
"57810","0"
"57819","0"
"57837","0"
"57888","3"
"57896","0"
"57901","2"
"57933","3"
"57950","3"
"57965","0"
"58027","0"
"58048","0"
"58054","0"
"58107","0"
"58115","6"
"58141","0"
"58147","0"
"58155","0"
"58169","10"
"58174","0"
"58187","4"
"58207","0"
"58208","2"
"58245","0"
"58369","0"
"58385","9"
"58387","9"
"58388","0"
"58458","0"
"58500","0"
"58511","5"
"58549","1"
"58570","2"
"58585","2"
"58586","2"
"58597","5"
"58612","1"
"58617","4"
"58619","4"
"58626","0"
"58634","0"
"58682","6"
"58693","0"
"58696","2"
"58697","0"
"58702","0"
"58719","0"
"58755","0"
"58763","0"
"58771","0"
"58775","0"
"58793","1"
"58838","4"
"58899","0"
"58937","0"
"58947","0"
"58950","0"
"59042","1"
"59076","2"
"59101","3"
"59126","1"
"59188","12"
"59217","0"
"59220","0"
"59233","1"
"59307","0"
"59320","2"
"59323","0"
"59383","0"
"59407","1"
"59411","1"
"59434","5"
"59452","0"
"59458","1"
"59469","1"
"59470","0"
"59499","0"
"59500","3"
"59517","3"
"59551","0"
"59574","2"
"60617","4"
"60630","2"
"60638","0"
"60639","1"
"60657","3"
"60662","0"
"60730","0"
"60763","0"
"60794","0"
"60815","2"
"60826","0"
"60857","7"
"60867","2"
"60877","0"
"60892","0"
"60919","0"
"60959","0"
"61043","2"
"61049","0"
"61053","0"
"61061","0"
"61094","1"
"61110","0"
"61123","8"
"61173","0"
"61177","3"
"61190","0"
"61198","1"
"61210","4"
"61279","1"
"61325","6"
"61386","1"
"61395","6"
"61409","3"
"61446","0"
"61479","2"
"61535","2"
"61556","1"
"61580","0"
"61601","2"
"61613","0"
"61647","0"
"61649","0"
"61666","4"
"61839","2"
"61890","1"
"61897","0"
"61900","0"
"61966","2"
"61967","2"
"61984","0"
"62046","0"
"62047","0"
"62056","3"
"62080","1"
"62147","0"
"62183","1"
"62190","0"
"62212","0"
"62260","0"
"62268","0"
"62276","0"
"62351","2"
"62376","3"
"62386","0"
"62409","0"
"62413","4"
"62414","0"
"62420","1"
"62441","6"
"62464","0"
"62483","3"
"62500","0"
"62517","0"
"62521","0"
"62589","2"
"62590","0"
"62600","4"
"62613","0"
"62644","0"
"62686","20"
"62708","0"
"62731","5"
"62769","2"
"62802","3"
"62835","17"
"62930","3"
"62940","0"
"63003","0"
"63036","1"
"63046","0"
"63097","6"
"63130","4"
"63139","0"
"63177","5"
"63179","0"
"63181","1"
"63191","0"
"63215","1"
"63218","0"
"63219","4"
"63315","0"
"63396","0"
"63416","0"
"63431","2"
"63432","2"
"63493","6"
"63500","0"
"63561","0"
"63593","0"
"63617","0"
"63634","1"
"63727","0"
"63734","0"
"63800","4"
"63821","7"
"63867","0"
"63881","1"
"63905","12"
"63907","1"
"63920","0"
"63942","5"
"63944","0"
"63946","0"
"63952","1"
"64029","3"
"64040","2"
"64052","1"
"64054","0"
"64055","0"
"64080","0"
"64094","6"
"64111","5"
"64125","2"
"64146","2"
"64161","4"
"64182","0"
"64186","0"
"64188","2"
"64191","1"
"64211","4"
"64215","3"
"64282","1"
"64286","0"
"64334","0"
"64339","1"
"64341","0"
"64410","0"
"64422","0"
"64437","0"
"64443","1"
"64458","0"
"64494","0"
"64529","1"
"64562","0"
"64624","0"
"64638","3"
"64660","1"
"64690","0"
"64722","0"
"64740","0"
"64754","2"
"64773","8"
"64884","3"
"64915","5"
"64920","0"
"64931","5"
"64937","0"
"64968","0"
"64979","0"
"64983","0"
"64989","1"
"65021","0"
"65083","2"
"65097","1"
"65104","0"
"65122","5"
"65136","0"
"65142","1"
"65153","5"
"65184","3"
"65186","3"
"65299","17"
"65319","1"
"65396","5"
"65403","0"
"65459","1"
"65461","0"
"65463","3"
"65494","0"
"65516","0"
"65522","3"
"65526","1"
"65537","0"
"65544","4"
"65545","0"
"65586","1"
"65591","0"
"65625","3"
"65639","0"
"65731","3"
"65761","0"
"65769","1"
"65793","2"
"65803","3"
"65815","0"
"65824","2"
"65836","4"
"65869","0"
"65871","6"
"65872","1"
"65885","2"
"65901","0"
"65912","2"
"65917","1"
"65918","0"
"65930","0"
"65975","4"
"66000","9"
"66003","5"
"66016","0"
"66019","4"
"66026","0"
"66051","20"
"66071","1"
"66076","6"
"66098","4"
"66142","0"
"66159","1"
"66166","4"
"66217","8"
"66225","1"
"66251","0"
"66252","0"
"66272","4"
"66283","1"
"66310","0"
"66318","7"
"66361","1"
"66376","0"
"66436","4"
"66446","0"
"66466","1"
"66472","1"
"66475","7"
"66508","2"
"66510","1"
"66523","0"
"66533","4"
"66559","3"
"66592","3"
"66632","1"
"66639","0"
"66653","6"
"66675","5"
"66688","2"
"66798","1"
"66825","0"
"66883","4"
"66908","0"
"66946","1"
"66949","4"
"66963","6"
"67011","0"
"67075","5"
"67092","3"
"67093","4"
"67145","2"
"67168","3"
"67184","1"
"67205","0"
"67346","0"
"67349","1"
"67452","0"
"67474","3"
"67514","0"
"67539","8"
"67596","9"
"67608","1"
"67630","0"
"67646","3"
"67695","2"
"67700","0"
"67707","1"
"67710","5"
"67712","2"
"67727","0"
"67730","0"
"67735","2"
"67767","3"
"67790","3"
"67834","0"
"67835","2"
"67892","0"
"67907","2"
"67939","0"
"67942","1"
"67968","0"
"68059","5"
"68063","0"
"68122","4"
"68123","3"
"68139","0"
"68142","0"
"68158","4"
"68168","7"
"68171","1"
"68190","4"
"68214","2"
"68216","4"
"68221","2"
"68227","2"
"68234","1"
"68239","2"
"68240","1"
"68243","0"
"68245","0"
"68248","3"
"68261","1"
"68266","0"
"68272","0"
"68296","0"
"68304","0"
"68317","2"
"68325","7"
"68327","15"
"68345","1"
"68347","0"
"68353","0"
"68405","0"
"68408","2"
"68437","2"
"68442","2"
"68459","0"
"68478","1"
"68500","0"
"68506","5"
"68539","0"
"68566","2"
"68580","1"
"68600","0"
"68624","0"
"68631","1"
"68670","0"
"68671","1"
"68699","0"
"68740","3"
"68748","5"
"68780","4"
"68783","5"
"68785","5"
"68794","2"
"68807","2"
"68818","0"
"68827","5"
"68847","0"
"68877","0"
"68890","1"
"68892","1"
"68918","0"
"68956","0"
"68972","0"
"68975","9"
"69002","0"
"69025","4"
"69037","0"
"69074","0"
"69092","3"
"69107","0"
"69239","1"
"69273","4"
"69288","0"
"69289","1"
"69290","0"
"69333","0"
"69340","9"
"69356","2"
"69362","2"
"69392","1"
"69398","0"
"69432","0"
"69453","2"
"69459","5"
"70463","0"
"70467","0"
"70477","0"
"70550","7"
"70571","1"
"70579","11"
"70601","4"
"70605","3"
"70632","0"
"70684","2"
"70695","1"
"70756","5"
"70776","0"
"70818","0"
"70848","1"
"70863","0"
"70894","3"
"70900","0"
"70914","1"
"70933","3"
"70940","3"
"70963","11"
"70982","5"
"71003","1"
"71023","1"
"71031","1"
"71046","1"
"71134","0"
"71169","3"
"71181","2"
"71250","3"
"71252","1"
"71334","1"
"71356","2"
"71389","3"
"71402","1"
"71410","2"
"71427","2"
"71449","0"
"71503","5"
"71573","0"
"71619","1"
"71665","0"
"71684","1"
"71689","3"
"71696","9"
"71728","3"
"71748","2"
"71761","5"
"71816","3"
"71843","0"
"71867","1"
"71891","1"
"71925","2"
"71957","0"
"71979","0"
"71986","2"
"72039","4"
"72041","1"
"72043","0"
"72050","2"
"72117","0"
"72125","2"
"72146","4"
"72163","1"
"72182","1"
"72217","0"
"72237","5"
"72304","0"
"72317","0"
"72319","2"
"72327","0"
"72338","1"
"72339","4"
"72365","5"
"72385","1"
"72401","6"
"72402","0"
"72407","1"
"72457","0"
"72486","0"
"72501","3"
"72510","1"
"72535","3"
"72551","2"
"72557","0"
"72582","4"
"72589","2"
"72606","0"
"72647","1"
"72650","4"
"72653","4"
"72656","0"
"72698","0"
"72755","3"
"72765","0"
"72766","0"
"72783","8"
"72792","2"
"72855","4"
"72875","7"
"72914","3"
"72935","2"
"72999","0"
"73031","1"
"73059","0"
"73090","2"
"73136","4"
"73145","0"
"73147","2"
"73158","0"
"73185","2"
"73204","0"
"73214","2"
"73217","4"
"73223","0"
"73276","0"
"73331","8"
"73338","0"
"73344","4"
"73369","10"
"73406","0"
"73417","4"
"73433","2"
"73445","2"
"73451","7"
"73469","3"
"73476","2"
"73479","0"
"73492","2"
"73536","1"
"73584","3"
"73652","0"
"73678","0"
"73689","1"
"73701","0"
"73717","9"
"73718","0"
"73744","0"
"73750","4"
"73756","1"
"73759","1"
"73792","2"
"73834","1"
"73861","1"
"73878","0"
"73911","0"
"73926","1"
"73929","1"
"73941","0"
"73956","2"
"73970","0"
"73980","1"
"73998","0"
"74058","0"
"74060","2"
"74106","0"
"74153","0"
"74159","1"
"74169","1"
"74201","9"
"74209","0"
"74216","4"
"74254","0"
"74259","0"
"74296","2"
"74341","3"
"74346","6"
"74353","1"
"74360","1"
"74382","2"
"74429","1"
"74480","1"
"74484","0"
"74487","0"
"74520","2"
"74547","0"
"74586","0"
"74595","2"
"74613","6"
"74656","3"
"74674","0"
"74695","6"
"74725","1"
"75735","0"
"75790","1"
"75798","0"
"75814","0"
"75848","0"
"75867","3"
"75924","3"
"75938","1"
"75942","5"
"75956","1"
"75958","12"
"75996","0"
"75997","0"
"76014","2"
"76060","0"
"76065","1"
"76070","1"
"76101","2"
"76114","1"
"76167","0"
"76184","1"
"76373","5"
"76413","0"
"76486","4"
"76492","0"
"76535","2"
"76544","0"
"76577","1"
"76588","0"
"76610","0"
"76670","0"
"76680","0"
"76693","1"
"76715","0"
"76779","1"
"76804","2"
"76816","0"
"76842","2"
"76845","2"
"76873","1"
"76895","0"
"76903","1"
"76914","1"
"76951","4"
"76999","0"
"77020","2"
"77031","0"
"77039","2"
"77112","4"
"77122","2"
"77127","10"
"77147","1"
"77156","3"
"77166","0"
"77177","0"
"77193","3"
"77204","1"
"77230","1"
"77241","1"
"77320","0"
"77336","0"
"77366","0"
"77371","8"
"77420","2"
"77428","0"
"77439","3"
"77445","1"
"77488","6"
"77495","0"
"77507","3"
"77515","0"
"77522","1"
"77532","2"
"77549","7"
"77554","2"
"77591","1"
"77600","2"
"78634","4"
"78733","4"
"78744","2"
"78817","2"
"78860","8"
"78888","3"
"78907","2"
"78940","2"
"78960","2"
"78998","0"
"79054","0"
"79072","1"
"79088","5"
"79098","1"
"79107","2"
"79118","0"
"79161","1"
"79172","3"
"79230","1"
"79253","7"
"79274","5"
"79317","0"
"79378","1"
"79423","0"
"79427","0"
"79438","0"
"79456","0"
"79479","9"
"79492","1"
"79506","0"
"79550","4"
"79566","4"
"79573","1"
"79583","1"
"79591","1"
"79611","1"
"79665","3"
"79671","1"
"79684","2"
"79702","2"
"79744","0"
"79760","1"
"79852","0"
"79875","3"
"79897","1"
"79904","1"
"79921","7"
"79925","4"
"79943","0"
"79976","2"
"79997","5"
"80003","3"
"80005","0"
"80010","0"
"80029","0"
"80084","0"
"80089","4"
"80098","2"
"80157","1"
"80170","2"
"80197","2"
"80210","4"
"80217","6"
"80222","0"
"80233","3"
"80235","0"
"80251","0"
"80254","3"
"80267","1"
"80280","0"
"80304","6"
"80351","3"
"80360","14"
"80393","7"
"80441","1"
"80454","6"
"80484","2"
"80540","2"
"80608","2"
"80624","0"
"80627","0"
"80655","0"
"80685","0"
"80699","0"
"80715","2"
"80729","6"
"80748","1"
"80786","5"
"80791","2"
"80797","1"
"80803","1"
"80814","2"
"80905","5"
"80929","0"
"80989","0"
"80998","0"
"81004","1"
"81026","2"
"81032","0"
"81101","3"
"81106","2"
"81152","0"
"81186","0"
"81202","2"
"81215","2"
"81218","1"
"81235","2"
"81250","0"
"81285","0"
"81305","1"
"81316","0"
"81427","4"
"81435","2"
"81478","2"
"81501","3"
"81507","1"
"81525","4"
"81578","4"
"81614","5"
"81658","1"
"81726","0"
"81758","6"
"81824","1"
"81826","1"
"81832","3"
"81845","2"
"81867","0"
"81929","0"
"81956","2"
"81962","1"
"81980","3"
"82029","2"
"82071","0"
"82080","1"
"82083","3"
"82129","2"
"82173","0"
"82189","0"
"82212","1"
"82235","0"
"82249","5"
"82262","0"
"82264","2"
"82280","3"
"82285","2"
"82330","0"
"82346","0"
"82359","7"
"82413","4"
"82437","0"
"82562","1"
"82568","1"
"82575","7"
"82596","2"
"82630","1"
"82652","4"
"82677","6"
"82700","0"
"82722","3"
"82771","2"
"82787","0"
"82869","0"
"82879","3"
"82917","5"
"82932","4"
"82941","6"
"82976","2"
"82997","1"
"83000","0"
"83001","0"
"83029","1"
"83054","2"
"83068","5"
"83089","7"
"83097","0"
"83099","0"
"83138","1"
"83142","1"
"83147","1"
"83150","0"
"83166","0"
"83171","3"
"83185","0"
"83214","0"
"83222","5"
"83231","0"
"83239","5"
"83263","2"
"83327","0"
"83331","0"
"83356","0"
"83361","0"
"83365","0"
"83385","0"
"83402","0"
"83403","1"
"83407","0"
"83436","0"
"83440","0"
"83469","0"
"83478","0"
"83503","0"
"83518","0"
"83531","0"
"83549","2"
"83624","0"
"83631","0"
"83667","2"
"83748","3"
"83764","0"
"83772","2"
"83776","2"
"83783","0"
"83800","0"
"83805","1"
"83815","0"
"83843","2"
"83862","1"
"83898","0"
"83935","5"
"83937","6"
"83948","2"
"83961","3"
"83980","1"
"84058","3"
"84060","0"
"84082","6"
"84093","1"
"84096","0"
"84128","2"
"84162","2"
"84172","1"
"84205","6"
"84209","2"
"84214","1"
"84240","1"
"84276","0"
"84349","4"
"84377","0"
"84384","0"
"84403","0"
"84410","2"
"84422","0"
"84443","2"
"84461","0"
"84465","16"
"84468","1"
"84507","7"
"84509","2"
"84518","0"
"84525","0"
"84529","1"
"84540","1"
"84623","1"
"84673","2"
"84681","0"
"84704","0"
"84733","0"
"84747","3"
"84779","0"
"84781","0"
"84810","0"
"84824","0"
"84827","4"
"84839","1"
"84851","0"
"84921","2"
"84923","0"
"84924","1"
"84934","1"
"84993","1"
"85066","0"
"85149","5"
"85158","2"
"85162","1"
"85167","2"
"85214","3"
"85223","1"
"85228","1"
"85251","8"
"85275","1"
"85295","4"
"85298","1"
"85319","7"
"85406","6"
"85410","1"
"85446","1"
"85478","6"
"85546","2"
"85551","0"
"85689","0"
"85694","0"
"85698","2"
"85718","0"
"85746","6"
"85764","2"
"85767","1"
"85770","0"
"85773","1"
"85801","4"
"85812","0"
"85813","4"
"85816","0"
"85818","5"
"85845","0"
"85857","4"
"85862","0"
"85877","1"
"85886","0"
"85919","5"
"85946","2"
"85998","3"
"86010","2"
"86012","1"
"86024","6"
"86042","0"
"86060","3"
"86073","3"
"86210","0"
"86317","1"
"86359","5"
"86370","1"
"86440","1"
"86446","0"
"86465","0"
"86495","5"
"86536","0"
"86537","0"
"86559","0"
"86561","1"
"86609","2"
"86655","3"
"86659","0"
"86692","1"
"86704","6"
"86757","0"
"86759","0"
"86760","1"
"86773","5"
"86778","5"
"86779","2"
"86788","13"
"86791","1"
"86821","3"
"86834","3"
"86838","2"
"86893","1"
"86900","8"
"86908","0"
"86916","4"
"86921","3"
"86940","1"
"86971","4"
"87045","7"
"87067","17"
"87073","2"
"87110","2"
"87114","2"
"87124","2"
"87194","0"
"87207","2"
"87225","7"
"87278","7"
"87298","4"
"87340","2"
"87343","5"
"87384","3"
"87387","7"
"87403","4"
"87421","2"
"87447","4"
"87460","2"
"87499","3"
"87525","2"
"87571","2"
"87579","9"
"88596","1"
"88629","2"
"88665","0"
"88706","2"
"88750","0"
"88774","1"
"88805","0"
"88900","3"
"88904","2"
"88910","2"
"88925","0"
"88935","1"
"88939","0"
"88948","1"
"88954","1"
"88971","4"
"88973","0"
"88998","1"
"89004","1"
"89011","2"
"89048","0"
"89057","5"
"89062","0"
"89074","3"
"89105","0"
"89111","2"
"89125","3"
"89139","1"
"89183","0"
"89266","1"
"89289","0"
"89334","6"
"89339","1"
"89341","6"
"89361","0"
"89369","2"
"89431","1"
"89487","0"
"89491","0"
"89500","0"
"89502","1"
"89505","3"
"89546","0"
"89576","0"
"89582","4"
"89589","0"
"89599","0"
"89605","1"
"89607","6"
"89619","1"
"89642","7"
"89669","1"
"89670","6"
"89684","2"
"89689","2"
"89756","1"
"89834","1"
"89859","7"
"89869","2"
"89897","3"
"89903","14"
"89905","3"
"89920","6"
"89924","0"
"89927","0"
"89929","0"
"89962","0"
"89976","3"
"90001","9"
"90009","10"
"90012","3"
"90023","4"
"90049","3"
"90105","0"
"90115","4"
"90118","3"
"90119","0"
"90191","7"
"90226","7"
"90297","0"
"90314","2"
"90341","2"
"90377","0"
"90402","0"
"90434","5"
"90486","0"
"90503","6"
"90520","2"
"90558","2"
"90565","0"
"90607","0"
"90725","1"
"90732","0"
"90738","1"
"90749","0"
"90787","7"
"90799","3"
"90809","0"
"90821","0"
"90822","3"
"90828","0"
"90842","0"
"90932","3"
"90962","3"
"90964","1"
"90994","3"
"91001","0"
"91028","0"
"91041","0"
"91055","0"
"91109","0"
"91148","7"
"91164","4"
"91165","1"
"91170","0"
"91195","1"
"91199","5"
"91264","1"
"91266","3"
"91334","4"
"91347","0"
"91427","1"
"91466","0"
"91486","2"
"91526","0"
"91548","0"
"91560","3"
"91573","2"
"91641","1"
"91652","6"
"91692","2"
"91722","0"
"91737","0"
"91755","3"
"91762","3"
"91783","0"
"91843","12"
"91875","3"
"91979","0"
"91990","7"
"92008","2"
"92051","11"
"92058","3"
"92085","3"
"92130","3"
"92136","0"
"92137","0"
"92139","4"
"92164","5"
"92309","3"
"92356","0"
"92396","2"
"92405","0"
"92430","5"
"92441","8"
"92442","1"
"92494","3"
"92526","0"
"92538","12"
"92543","3"
"92555","2"
"92602","1"
"92622","2"
"92647","0"
"92655","4"
"92717","5"
"92775","3"
"92780","4"
"92788","0"
"92790","5"
"92806","4"
"92809","3"
"92852","2"
"92903","0"
"93016","3"
"93021","2"
"93053","4"
"93098","2"
"93137","2"
"93171","0"
"93191","3"
"93220","0"
"93242","0"
"93245","0"
"93255","1"
"93296","1"
"93342","4"
"93389","0"
"93438","0"
"93445","0"
"93446","7"
"93453","0"
"93463","0"
"93466","1"
"93499","4"
"93511","2"
"93524","0"
"93535","0"
"93550","2"
"93565","0"
"93631","1"
"93670","0"
"93695","3"
"93765","0"
"93780","1"
"93789","0"
"93820","1"
"93851","2"
"93852","0"
"93854","0"
"93869","0"
"93876","1"
"93893","0"
"93933","8"
"93939","4"
"93993","1"
"94143","3"
"94154","4"
"94208","4"
"94292","1"
"94305","2"
"94306","2"
"94331","0"
"94346","0"
"94349","3"
"94356","4"
"94419","0"
"94449","3"
"94493","2"
"94501","3"
"94521","0"
"94584","6"
"94592","2"
"94606","0"
"94638","2"
"94680","4"
"94682","0"
"94707","5"
"94729","1"
"94730","2"
"94756","8"
"94763","2"
"94810","2"
"94815","4"
"94820","1"
"94870","1"
"94885","1"
"94886","1"
"94895","5"
"94906","0"
"95001","3"
"95017","0"
"95052","0"
"95069","2"
"95078","4"
"95161","2"
"95165","4"
"95186","1"
"95217","0"
"95256","0"
"95262","2"
"95286","0"
"95304","4"
"95308","2"
"95311","0"
"95362","4"
"95369","0"
"95440","2"
"95558","5"
"95576","0"
"95588","2"
"95597","6"
"95650","5"
"95659","6"
"95669","1"
"95670","0"
"95703","11"
"95706","0"
"95729","2"
"95771","5"
"95776","0"
"95849","5"
"95891","3"
"95909","0"
"95929","3"
"95946","0"
"95967","0"
"95984","0"
"96004","13"
"96075","1"
"96088","5"
"96089","0"
"96109","2"
"96114","2"
"96134","2"
"96178","1"
"96204","3"
"96214","0"
"96227","1"
"96228","0"
"96244","0"
"96246","1"
"96248","2"
"96258","0"
"96285","0"
"96299","3"
"96316","1"
"96366","3"
"96401","2"
"96405","1"
"96417","0"
"96418","0"
"96437","0"
"96447","0"
"96467","0"
"96472","1"
"96489","1"
"96504","0"
"96508","4"
"96520","2"
"96568","0"
"96636","0"
"96668","0"
"96698","1"
"96736","7"
"96737","1"
"96743","6"
"96745","0"
"96752","2"
"96761","12"
"96867","5"
"96914","0"
"96933","0"
"96942","0"
"96985","4"
"96997","2"
"96999","4"
"97079","1"
"97167","0"
"97175","0"
"97232","4"
"97241","1"
"97244","2"
"97256","1"
"97277","1"
"97292","0"
"97293","1"
"97313","0"
"97319","2"
"97324","0"
"97469","3"
"97524","0"
"97556","0"
"97698","6"
"97704","1"
"97739","0"
"97751","1"
"97768","3"
"97772","9"
"97790","0"
"97798","0"
"97825","0"
"97855","3"
"97856","16"
"97873","1"
"97878","6"
"97879","5"
"97902","2"
"97908","4"
"97952","1"
"98017","1"
"98025","4"
"98087","1"
"98088","5"
"98102","4"
"98105","0"
"98130","0"
"98153","4"
"98156","5"
"98161","7"
"98165","5"
"98197","0"
"98201","5"
"98207","0"
"98213","0"
"98270","0"
"98316","4"
"98339","3"
"98372","2"
"98385","1"
"98400","7"
"98405","3"
"98412","5"
"98422","3"
"98442","0"
"98458","22"
"98488","2"
"98492","10"
"99503","0"
"99523","1"
"99570","2"
"99628","6"
"99646","2"
"99676","1"
"99701","3"
"99767","0"
"99791","0"
"99926","8"
"99944","1"
"100019","0"
"100069","4"
"100113","0"
"100129","4"
"100131","2"
"100151","5"
"100156","1"
"100211","2"
"100218","1"
"100272","5"
"100284","2"
"100308","1"
"100311","0"
"100321","2"
"100384","2"
"100388","8"
"100398","0"
"100454","1"
"100492","4"
"100519","1"
"100528","3"
"100536","2"
"100545","1"
"100548","1"
"100557","1"
"100620","4"
"100662","5"
"100665","11"
"100700","0"
"100724","2"
"100734","3"
"100761","0"
"100769","4"
"100820","0"
"100893","8"
"100898","6"
"100903","2"
"100921","2"
"100984","6"
"101000","1"
"101018","6"
"101055","1"
"101070","0"
"101089","1"
"101104","0"
"101119","0"
"101124","4"
"101141","0"
"101180","2"
"101263","1"
"101267","1"
"101363","1"
"101404","1"
"101423","3"
"101434","1"
"101441","1"
"101479","4"
"101485","0"
"101489","5"
"101601","0"
"101686","0"
"101715","7"
"101737","2"
"101739","5"
"101770","0"
"101801","6"
"101860","0"
"101864","6"
"101872","1"
"101899","0"
"101925","0"
"101938","2"
"101942","0"
"102008","0"
"102013","0"
"102073","0"
"102085","0"
"102105","0"
"102122","0"
"102125","0"
"102182","3"
"102193","2"
"102261","5"
"102297","0"
"102352","2"
"102378","0"
"102393","4"
"102412","3"
"102424","0"
"102430","2"
"102454","1"
"102461","0"
"102464","1"
"102465","0"
"102473","4"
"102519","0"
"102524","0"
"102545","2"
"102554","8"
"102642","15"
"102676","0"
"102727","1"
"102734","3"
"102758","2"
"102765","1"
"102776","0"
"102797","0"
"102800","0"
"102816","0"
"102822","3"
"102833","2"
"102860","1"
"102871","0"
"102885","0"
"102913","0"
"102922","3"
"102928","1"
"103012","10"
"103018","0"
"103042","1"
"103140","0"
"103179","1"
"103184","1"
"103185","4"
"103206","3"
"103207","0"
"103222","2"
"103226","4"
"103314","0"
"103323","3"
"103346","1"
"103377","2"
"103384","0"
"103407","0"
"103427","0"
"103539","7"
"103652","0"
"103672","2"
"103712","5"
"103750","5"
"103779","0"
"103791","0"
"103798","2"
"103804","0"
"103879","0"
"103883","0"
"103894","2"
"103895","0"
"103936","10"
"103937","0"
"103957","0"
"104001","0"
"104009","0"
"104030","0"
"104090","3"
"104109","5"
"104145","0"
"104147","0"
"104160","9"
"104167","0"
"104202","0"
"104206","0"
"104228","0"
"104271","0"
"104276","4"
"104277","0"
"104310","2"
"104330","8"
"104362","0"
"104365","2"
"104440","0"
"104495","8"
"104508","0"
"104543","2"
"104549","0"
"104571","1"
"104630","0"
"104667","1"
"104679","0"
"104689","1"
"104705","8"
"104737","1"
"104738","0"
"104780","0"
"104813","0"
"104899","4"
"105004","3"
"105006","6"
"105019","1"
"105073","4"
"105095","1"
"105104","2"
"105116","0"
"105184","7"
"105195","3"
"105198","2"
"105201","2"
"105204","1"
"105205","0"
"105215","0"
"105230","0"
"105262","3"
"105263","8"
"105268","0"
"105276","0"
"105289","3"
"105416","4"
"105432","2"
"105475","0"
"105494","1"
"105495","5"
"105500","0"
"105547","5"
"105617","5"
"105675","2"
"105700","2"
"105723","4"
"105753","2"
"105756","3"
"105773","3"
"105777","1"
"105817","6"
"105901","0"
"105911","0"
"105922","0"
"105924","0"
"105956","2"
"106036","4"
"106040","0"
"106087","4"
"106105","0"
"106112","0"
"106171","7"
"106234","2"
"106238","4"
"106269","0"
"106288","1"
"106293","1"
"106298","0"
"106305","6"
"106316","1"
"106337","1"
"106434","9"
"106463","0"
"106473","7"
"106490","8"
"106494","0"
"106526","3"
"106538","0"
"106562","4"
"106603","3"
"106628","8"
"106661","3"
"106686","0"
"106689","0"
"106702","3"
"106708","1"
"106722","3"
"106727","2"
"106728","1"
"106729","3"
"106737","3"
"106768","9"
"106780","13"
"106831","3"
"106840","0"
"106843","6"
"106853","0"
"106907","4"
"106931","0"
"106940","0"
"106972","4"
"106974","3"
"106995","1"
"107022","2"
"107036","0"
"107074","5"
"107079","1"
"107087","6"
"107157","2"
"107178","1"
"107238","2"
"107248","3"
"107316","1"
"107361","6"
"107373","0"
"107374","6"
"107425","7"
"107438","2"
"107482","2"
"107498","1"
"107505","1"
"107527","3"
"107570","4"
"107709","2"
"107731","0"
"107738","1"
"107741","6"
"107810","7"
"107828","17"
"107844","4"
"107865","2"
"107906","3"
"107913","10"
"107967","2"
"107968","1"
"107975","0"
"107986","0"
"108012","1"
"108022","13"
"108077","1"
"108078","0"
"108102","0"
"108121","0"
"108129","4"
"108177","0"
"108188","2"
"108230","0"
"108269","7"
"108284","0"
"108314","6"
"108399","4"
"108428","3"
"108437","10"
"108472","2"
"108532","9"
"108552","0"
"108559","0"
"108602","0"
"108615","1"
"108625","0"
"108653","1"
"108693","1"
"108696","8"
"108739","2"
"108752","1"
"108776","3"
"108779","2"
"108835","2"
"108844","0"
"108867","4"
"108883","1"
"108909","2"
"108943","10"
"108946","4"
"108969","5"
"108971","4"
"108973","2"
"109057","7"
"109075","0"
"109139","6"
"109163","3"
"109197","1"
"109228","1"
"109293","5"
"109328","1"
"109346","1"
"109358","2"
"109374","2"
"109384","3"
"109413","2"
"109415","1"
"109435","0"
"109442","0"
"109580","0"
"109588","14"
"109608","0"
"109628","0"
"109639","0"
"109669","0"
"109678","6"
"109688","6"
"109694","0"
"109763","0"
"109775","3"
"109786","0"
"109814","0"
"109828","9"
"109855","2"
"109874","1"
"109875","1"
"109877","0"
"109902","1"
"109907","1"
"109929","6"
"109931","0"
"109942","0"
"109954","0"
"109961","1"
"109980","2"
"110018","4"
"110051","1"
"110057","2"
"110120","0"
"110126","1"
"110151","2"
"110162","1"
"110171","0"
"110181","15"
"110183","1"
"110219","1"
"110221","0"
"110240","4"
"110291","7"
"110300","2"
"110307","8"
"110308","1"
"110310","6"
"110316","1"
"110334","2"
"110351","0"
"110355","2"
"110442","0"
"110452","4"
"110480","3"
"110525","4"
"110570","3"
"110620","2"
"110634","2"
"110639","2"
"110725","4"
"110784","6"
"110816","0"
"110859","3"
"110862","0"
"110900","2"
"110903","0"
"110914","0"
"110931","0"
"110936","3"
"110954","2"
"111013","4"
"111044","0"
"111059","4"
"111110","0"
"111113","6"
"111116","3"
"111121","1"
"111145","1"
"111172","0"
"111176","5"
"111179","0"
"111206","0"
"111222","0"
"111249","1"
"111250","1"
"111336","0"
"111340","6"
"111370","0"
"111393","1"
"111410","2"
"111415","0"
"111431","1"
"111458","1"
"111473","1"
"111482","1"
"111594","0"
"111686","7"
"111688","1"
"111691","5"
"111752","2"
"111776","12"
"111787","1"
"111789","6"
"111805","0"
"111824","1"
"111825","4"
"111840","3"
"111859","2"
"111883","0"
"111955","4"
"111964","0"
"111976","3"
"112065","5"
"112069","0"
"112149","0"
"112159","1"
"112184","1"
"112185","8"
"112204","0"
"112210","4"
"112221","1"
"112229","0"
"112302","1"
"112327","0"
"112342","3"
"112357","1"
"112376","12"
"112406","0"
"112407","0"
"112409","1"
"112497","1"
"112528","13"
"112536","5"
"112549","0"
"112572","0"
"112579","0"
"112654","0"
"112662","3"
"112878","2"
"112888","0"
"112892","1"
"112910","2"
"112915","5"
"112950","0"
"112997","0"
"113068","1"
"113084","0"
"113098","0"
"113111","11"
"113122","0"
"113166","1"
"113167","7"
"113173","0"
"113226","9"
"113278","12"
"113313","0"
"113318","1"
"113347","3"
"113352","2"
"113395","0"
"113402","0"
"113451","3"
"113472","0"
"113481","1"
"113492","1"
"113508","4"
"113524","0"
"113543","1"
"113568","4"
"114633","0"
"114685","7"
"114686","3"
"114820","0"
"114840","1"
"114841","3"
"114856","1"
"114882","0"
"114892","6"
"114996","4"
"115009","2"
"115052","3"
"115125","0"
"115142","1"
"115156","4"
"115204","4"
"115255","2"
"115276","3"
"115280","0"
"115284","1"
"115285","4"
"115309","1"
"115320","0"
"115342","0"
"115353","0"
"115370","5"
"115395","9"
"115427","2"
"115447","5"
"115467","0"
"115540","0"
"115604","1"
"115677","6"
"115683","0"
"115697","0"
"115703","2"
"115706","8"
"115747","1"
"115766","2"
"115769","1"
"115790","0"
"115794","0"
"115832","6"
"115844","2"
"115847","1"
"115855","1"
"115949","0"
"115967","0"
"115969","1"
"115995","3"
"116027","1"
"116031","5"
"116091","2"
"116110","2"
"116113","6"
"116137","0"
"116139","11"
"116171","0"
"116192","2"
"116202","0"
"116211","3"
"116235","3"
"116283","0"
"116285","1"
"116301","0"
"116331","0"
"116332","0"
"116367","0"
"116371","8"
"116447","0"
"116561","4"
"116562","4"
"116600","5"
"116610","3"
"116629","0"
"116631","3"
"116654","5"
"116699","5"
"116753","0"
"116774","1"
"116792","5"
"116816","1"
"116837","0"
"116898","4"
"116929","8"
"116958","1"
"116982","0"
"116995","3"
"116998","0"
"117018","0"
"117057","0"
"117073","5"
"117101","0"
"117137","0"
"117195","2"
"117250","2"
"117260","2"
"117268","0"
"117269","1"
"117291","0"
"117293","0"
"117325","2"
"117338","2"
"117384","3"
"117394","3"
"117395","1"
"117467","0"
"117530","2"
"117623","0"
"117662","4"
"117667","2"
"117686","7"
"117722","0"
"117807","0"
"117814","2"
"117830","0"
"117875","0"
"117904","4"
"117930","3"
"117931","2"
"117938","2"
"117955","0"
"117958","0"
"117960","0"
"117987","2"
"117994","3"
"117996","1"
"118007","8"
"118035","0"
"118044","2"
"118050","2"
"118101","1"
"118131","6"
"118146","1"
"118167","2"
"118183","0"
"118198","0"
"118201","1"
"118230","0"
"118320","7"
"118336","4"
"118347","8"
"118360","1"
"118388","1"
"118391","2"
"118430","5"
"118441","0"
"118445","8"
"118460","4"
"118469","1"
"118473","9"
"118480","3"
"118499","4"
"118544","0"
"118619","3"
"118638","0"
"118680","1"
"118699","3"
"118747","1"
"118796","0"
"118826","0"
"118854","2"
"118870","3"
"118914","1"
"118946","2"
"118948","0"
"118980","0"
"118987","0"
"118993","4"
"119031","0"
"119042","5"
"119047","2"
"119056","2"
"119075","0"
"119088","0"
"119101","1"
"119107","10"
"119140","2"
"119159","1"
"119176","11"
"119181","3"
"119299","0"
"119309","1"
"119320","0"
"119322","0"
"119357","10"
"119370","1"
"119441","1"
"119499","2"
"119510","3"
"119527","0"
"119538","3"
"119560","0"
"119579","5"
"119594","2"
"119612","3"
"119631","0"
"119682","2"
"119698","12"
"119713","0"
"119726","1"
"119752","2"
"119791","0"
"119855","3"
"119883","5"
"119892","6"
"119894","0"
"119917","4"
"119931","1"
"119933","2"
"119936","0"
"119959","5"
"119962","3"
"119988","3"
"119989","1"
"120020","7"
"120038","1"
"120043","1"
"120061","0"
"120070","2"
"120129","3"
"120136","4"
"120154","0"
"120160","0"
"120169","0"
"120212","4"
"120258","1"
"120266","2"
"120290","3"
"120295","1"
"120301","3"
"120305","2"
"120325","4"
"120333","6"
"120362","1"
"120371","3"
"120372","0"
"120378","0"
"120382","3"
"120393","0"
"120576","1"
"120647","2"
"120648","0"
"120650","0"
"120684","1"
"120711","2"
"120729","4"
"120735","0"
"120741","4"
"120767","0"
"120797","9"
"120842","0"
"120902","0"
"120906","0"
"120924","10"
"120938","6"
"120968","1"
"120995","2"
"121024","5"
"121058","4"
"121088","2"
"121113","3"
"121239","2"
"121258","0"
"121273","3"
"121311","0"
"121316","0"
"121335","11"
"121349","4"
"121380","5"
"121382","1"
"121385","3"
"121435","3"
"121504","4"
"121511","5"
"121514","2"
"121527","5"
"121571","2"
"121574","10"
"121645","0"
"121651","5"
"121687","2"
"121693","0"
"121702","1"
"121713","0"
"121751","1"
"121754","0"
"121762","4"
"121770","0"
"121776","1"
"121800","4"
"121877","0"
"121892","0"
"121900","0"
"121905","0"
"121942","2"
"121948","4"
"121954","0"
"121956","0"
"121969","3"
"121971","0"
"121980","2"
"121999","1"
"122036","0"
"122041","1"
"122067","6"
"122089","4"
"122099","2"
"122137","3"
"122138","3"
"122273","0"
"122321","2"
"122328","1"
"122336","29"
"122339","0"
"122347","1"
"122361","0"
"122364","7"
"122404","0"
"122405","6"
"122448","0"
"122490","4"
"122501","1"
"122547","1"
"122550","1"
"122572","4"
"122573","6"
"122578","2"
"122584","2"
"122587","0"
"122608","1"
"122638","3"
"122668","1"
"122728","6"
"122730","4"
"122766","0"
"122773","6"
"122786","1"
"122789","10"
"122806","1"
"122826","4"
"122834","7"
"122846","4"
"122859","4"
"122880","12"
"122881","0"
"122975","4"
"122982","1"
"122986","6"
"123035","0"
"123091","0"
"123110","0"
"123121","0"
"123131","0"
"123136","1"
"123165","10"
"123173","2"
"123243","1"
"123253","7"
"123330","0"
"123332","0"
"123347","0"
"123351","2"
"123366","1"
"123372","3"
"123413","0"
"123432","0"
"123435","1"
"123452","0"
"123455","1"
"123493","5"
"123533","1"
"123534","0"
"123536","0"
"123585","1"
"123642","8"
"123644","3"
"123655","6"
"123694","6"
"123722","11"
"123733","4"
"123744","1"
"123792","0"
"123833","3"
"123870","1"
"123885","3"
"123892","3"
"123931","0"
"123991","0"
"124027","2"
"124050","0"
"124058","0"
"124061","4"
"124100","0"
"124135","4"
"124145","0"
"124167","1"
"124184","1"
"124190","0"
"124193","9"
"124253","6"
"124260","1"
"124279","2"
"124326","2"
"124328","3"
"124356","1"
"124369","1"
"124371","2"
"124380","0"
"124411","2"
"124414","5"
"124505","1"
"124507","5"
"124521","5"
"124556","2"
"124608","0"
"124621","0"
"124671","1"
"124714","1"
"124742","1"
"124765","0"
"124774","0"
"124840","4"
"124874","12"
"124906","9"
"124956","1"
"124962","2"
"124964","2"
"124998","1"
"125015","4"
"125024","3"
"125040","1"
"125064","0"
"125065","5"
"125106","4"
"126142","0"
"126149","6"
"126255","0"
"126261","11"
"126345","1"
"126387","0"
"126390","6"
"126392","6"
"126458","1"
"126461","3"
"126484","5"
"126493","7"
"126495","4"
"126498","0"
"126502","2"
"126527","0"
"126562","4"
"126575","4"
"126591","4"
"126610","1"
"126627","1"
"126703","5"
"126705","0"
"126721","0"
"126733","0"
"126737","5"
"126851","0"
"126853","1"
"126865","1"
"126936","1"
"126940","0"
"126948","1"
"126969","2"
"126974","5"
"126991","7"
"127013","4"
"127022","0"
"127027","2"
"127049","2"
"127051","8"
"127065","0"
"127067","1"
"127083","4"
"127111","17"
"127116","2"
"127229","2"
"127237","5"
"127295","0"
"127301","4"
"127319","7"
"127335","0"
"127344","0"
"127423","4"
"127430","1"
"127432","0"
"127460","0"
"127467","0"
"127550","1"
"127594","4"
"127610","3"
"127628","0"
"127634","2"
"127638","4"
"127655","14"
"127707","2"
"127769","2"
"127806","2"
"127808","5"
"127829","0"
"127843","3"
"127865","1"
"127871","3"
"127920","2"
"127940","10"
"127942","6"
"127967","2"
"127987","0"
"128067","2"
"128074","2"
"128111","2"
"128138","2"
"128160","4"
"128175","1"
"128208","3"
"128211","4"
"128254","7"
"128268","2"
"128275","0"
"128298","0"
"128428","4"
"128485","0"
"128503","0"
"128512","3"
"128514","0"
"128530","2"
"128567","2"
"128591","3"
"128682","0"
"128683","4"
"128687","1"
"128715","5"
"128736","2"
"128774","5"
"128801","2"
"128842","2"
"128854","0"
"128870","2"
"128884","0"
"128888","2"
"128928","0"
"128971","0"
"128972","3"
"128990","1"
"129010","0"
"129014","8"
"129027","3"
"129054","8"
"129091","5"
"129104","2"
"129122","1"
"129134","0"
"129150","6"
"129158","0"
"129161","10"
"129190","4"
"129196","4"
"129242","4"
"129243","13"
"129258","2"
"129263","0"
"129270","1"
"129273","0"
"129327","5"
"129332","1"
"129413","4"
"129423","2"
"129428","1"
"129434","9"
"129445","3"
"129448","4"
"129498","2"
"129604","8"
"129636","5"
"129639","4"
"129671","1"
"129679","7"
"129703","6"
"129749","0"
"129762","7"
"129783","1"
"129789","2"
"129854","0"
"129855","5"
"129861","3"
"129867","6"
"129880","9"
"129891","3"
"129923","3"
"129946","6"
"129948","2"
"129965","0"
"129970","7"
"129971","7"
"129996","3"
"130015","1"
"130025","3"
"130038","1"
"130039","1"
"130068","1"
"130091","1"
"130172","3"
"130206","1"
"130254","1"
"130263","7"
"130274","3"
"130287","2"
"130292","9"
"130326","2"
"130344","0"
"130409","0"
"130439","0"
"130442","5"
"130462","0"
"130468","7"
"130497","3"
"130525","8"
"130541","1"
"130556","1"
"130561","2"
"130583","11"
"130604","0"
"130724","0"
"130786","0"
"130794","2"
"130822","1"
"130904","8"
"130955","1"
"130985","1"
"130988","1"
"131038","1"
"131063","0"
"131074","1"
"131084","4"
"131092","2"
"131103","1"
"131113","0"
"131123","13"
"131149","1"
"131193","3"
"131194","1"
"131243","1"
"131309","8"
"131318","2"
"131358","0"
"131382","0"
"131386","2"
"131457","0"
"131482","4"
"131485","1"
"131522","2"
"131544","2"
"131575","0"
"131596","1"
"131598","3"
"131628","1"
"131650","1"
"131702","0"
"131708","7"
"131720","2"
"131750","2"
"131798","3"
"131821","9"
"131844","0"
"131849","4"
"132941","5"
"132960","4"
"133034","0"
"133041","1"
"133078","2"
"133091","4"
"133176","5"
"133191","1"
"133243","4"
"133269","0"
"133317","10"
"133320","0"
"133333","0"
"133341","1"
"133369","2"
"133387","5"
"133433","0"
"133440","0"
"133456","13"
"133470","0"
"133511","4"
"133515","0"
"133548","0"
"133582","5"
"133587","1"
"133594","1"
"133626","1"
"133652","6"
"133781","0"
"133784","2"
"133793","4"
"133817","4"
"133861","6"
"133880","2"
"133906","2"
"133922","0"
"133942","0"
"133960","3"
"134016","0"
"134021","0"
"134034","4"
"134078","2"
"134093","2"
"134095","2"
"134114","5"
"134133","0"
"134158","0"
"134159","0"
"134207","0"
"134208","5"
"134211","8"
"134220","0"
"134224","0"
"134240","0"
"134272","1"
"134297","0"
"134315","8"
"134337","8"
"134349","2"
"134379","0"
"134388","2"
"134394","0"
"134451","0"
"134469","2"
"134490","0"
"134520","1"
"134530","3"
"134555","2"
"134562","4"
"134660","2"
"134666","0"
"134676","17"
"134679","12"
"134684","8"
"134690","0"
"134694","6"
"134720","13"
"134760","1"
"134764","2"
"134767","0"
"134853","4"
"134874","3"
"134878","4"
"134913","0"
"134967","5"
"135025","2"
"135042","11"
"135052","1"
"135137","0"
"135155","1"
"135157","2"
"135218","3"
"135222","0"
"135246","5"
"135290","0"
"135302","5"
"135361","1"
"135362","0"
"135442","2"
"135468","3"
"135484","5"
"135486","7"
"135489","0"
"135492","3"
"135540","5"
"135545","1"
"135561","0"
"135562","0"
"135581","6"
"135590","4"
"135653","0"
"135687","3"
"135699","0"
"135701","1"
"135705","5"
"135753","4"
"135761","4"
"135787","0"
"135799","6"
"135808","0"
"135817","1"
"135829","7"
"135830","3"
"135858","2"
"135890","0"
"135912","1"
"135919","10"
"135936","1"
"135966","0"
"135979","0"
"136038","0"
"136091","6"
"136116","9"
"136149","3"
"136237","6"
"136250","13"
"136257","3"
"136268","0"
"136306","1"
"136331","1"
"136348","1"
"136454","2"
"136464","3"
"136540","0"
"136551","15"
"136622","2"
"136647","2"
"136738","3"
"136773","1"
"136779","1"
"136819","5"
"136833","1"
"136837","1"
"136863","2"
"136864","2"
"136872","5"
"136914","4"
"136962","0"
"136979","0"
"137046","5"
"137071","1"
"137104","2"
"137133","1"
"137140","1"
"137170","0"
"137178","3"
"137214","0"
"137241","5"
"137242","0"
"137253","0"
"137255","0"
"137284","2"
"137308","2"
"137309","0"
"137334","4"
"137342","3"
"137391","0"
"137394","3"
"137401","1"
"137419","1"
"137441","4"
"137443","1"
"137507","1"
"137514","3"
"137541","1"
"137551","4"
"137592","9"
"137607","8"
"137636","5"
"137662","0"
"137667","1"
"137714","7"
"137730","0"
"137755","2"
"137780","5"
"137833","0"
"137855","0"
"138011","3"
"138039","1"
"138052","2"
"138088","0"
"138168","0"
"138170","0"
"138203","0"
"138226","7"
"138229","6"
"138278","1"
"138305","8"
"138319","3"
"138363","3"
"138385","2"
"138389","2"
"138477","3"
"138556","4"
"138611","2"
"138628","0"
"138650","0"
"138715","1"
"138749","9"
"138819","3"
"138844","1"
"138945","1"
"138987","2"
"139012","0"
"139018","0"
"139059","0"
"139105","0"
"139171","2"
"139190","4"
"139218","0"
"139220","0"
"139226","3"
"139232","4"
"139243","5"
"139245","3"
"139248","1"
"139256","1"
"139294","0"
"139313","1"
"139349","5"
"139362","5"
"139406","1"
"139408","3"
"139541","9"
"139547","0"
"139565","4"
"139573","5"
"139586","1"
"139604","0"
"139611","1"
"139615","1"
"139620","5"
"139654","2"
"139685","3"
"139704","2"
"139712","0"
"139715","2"
"139749","2"
"139833","0"
"139841","3"
"139847","0"
"139864","3"
"139879","2"
"139895","3"
"139934","0"
"139991","0"
"140013","3"
"140050","0"
"140088","4"
"140090","0"
"140138","1"
"140185","1"
"140266","2"
"140291","1"
"140349","0"
"140374","0"
"140418","4"
"140424","0"
"140430","2"
"140433","0"
"140446","2"
"140447","0"
"140457","3"
"140466","1"
"140479","0"
"140485","0"
"140490","9"
"140518","3"
"140535","4"
"140605","2"
"140621","0"
"140684","1"
"140695","2"
"140791","3"
"140805","1"
"140808","7"
"140843","1"
"140886","4"
"140888","1"
"140906","0"
"140926","5"
"140975","0"
"141000","3"
"141018","0"
"141021","0"
"141029","4"
"141045","1"
"141101","8"
"141113","0"
"141129","1"
"141133","7"
"141138","3"
"141153","4"
"141157","13"
"141185","0"
"141196","5"
"141203","0"
"141223","19"
"141228","1"
"141273","0"
"141324","4"
"141336","0"
"141338","1"
"141350","2"
"141365","3"
"141369","0"
"141427","0"
"141438","1"
"141495","1"
"141505","0"
"141506","6"
"141509","0"
"141518","5"
"141522","0"
"141588","3"
"141612","0"
"141664","2"
"141666","2"
"141670","0"
"141686","1"
"141729","2"
"141733","12"
"141773","4"
"141792","2"
"141805","5"
"141820","1"
"141851","1"
"141871","0"
"141896","0"
"141903","5"
"141978","0"
"142011","2"
"142039","1"
"142067","4"
"142127","2"
"142167","0"
"142178","0"
"142209","0"
"142211","2"
"142218","2"
"142228","3"
"142373","3"
"142376","0"
"142403","1"
"142405","0"
"142406","1"
"142410","4"
"142418","5"
"142453","1"
"142457","2"
"142465","1"
"142479","3"
"142482","2"
"142484","0"
"142496","13"
"142506","2"
"142517","0"
"142561","4"
"142585","3"
"142586","2"
"142593","5"
"142601","0"
"142629","0"
"142650","3"
"142666","5"
"142682","0"
"142698","1"
"142703","2"
"142711","0"
"142713","0"
"142760","2"
"142767","0"
"142792","0"
"142819","0"
"142875","3"
"142877","0"
"142879","12"
"142920","9"
"142925","0"
"143007","5"
"143020","1"
"143162","3"
"143174","2"
"143194","0"
"143198","1"
"143212","4"
"143221","0"
"143231","1"
"143244","0"
"143261","4"
"143276","7"
"143304","0"
"143342","0"
"143351","4"
"143380","0"
"143383","1"
"143408","10"
"143480","2"
"143485","1"
"143502","4"
"143524","0"
"143542","4"
"143583","0"
"143618","1"
"143622","0"
"143625","9"
"143663","0"
"143672","1"
"143673","2"
"143684","0"
"143685","0"
"143711","6"
"143736","5"
"143803","1"
"143807","0"
"143820","3"
"143828","7"
"143833","0"
"143849","0"
"143866","6"
"143896","4"
"143904","2"
"143942","0"
"143966","0"
"143968","0"
"143969","2"
"143971","0"
"143993","0"
"144010","3"
"144012","2"
"144058","0"
"144066","0"
"144102","1"
"144142","0"
"144202","0"
"144270","0"
"144278","0"
"144294","0"
"144311","10"
"144413","1"
"144466","5"
"144500","0"
"144541","2"
"144590","0"
"144597","0"
"144624","3"
"144631","6"
"144633","2"
"144635","6"
"144659","4"
"144679","2"
"144697","0"
"144719","2"
"144722","1"
"144743","1"
"144754","3"
"144789","0"
"144792","0"
"144811","1"
"144844","0"
"144933","0"
"144969","1"
"144984","3"
"144989","6"
"145012","0"
"145040","5"
"145046","0"
"145091","0"
"145109","0"
"145130","4"
"145167","1"
"145172","0"
"145181","0"
"145201","6"
"145239","3"
"145267","1"
"145289","5"
"145294","6"
"145310","3"
"145325","3"
"145341","0"
"145389","0"
"145441","0"
"145467","5"
"145479","3"
"145491","2"
"145500","0"
"145503","6"
"145506","2"
"145522","7"
"145532","0"
"145535","0"
"145604","0"
"145613","1"
"145633","3"
"145640","0"
"145666","2"
"145681","3"
"145695","0"
"145724","2"
"145733","3"
"145753","0"
"145755","3"
"145773","2"
"145797","1"
"145827","2"
"145830","0"
"145850","5"
"145862","3"
"145909","3"
"145951","2"
"145967","7"
"146000","2"
"146034","0"
"146045","2"
"146050","2"
"146065","2"
"146069","4"
"146079","4"
"146101","5"
"146117","3"
"146128","2"
"146139","2"
"146145","2"
"146169","1"
"146181","0"
"146208","0"
"146211","2"
"146253","0"
"146271","3"
"146304","3"
"146396","0"
"146437","0"
"146442","0"
"146507","5"
"146534","2"
"146590","0"
"146595","5"
"146610","7"
"146616","2"
"146666","5"
"146703","0"
"146759","2"
"146766","4"
"146814","1"
"146816","0"
"146855","0"
"146870","0"
"146930","2"
"146980","1"
"146984","2"
"146987","0"
"146991","0"
"146996","5"
"147002","1"
"147007","0"
"147026","0"
"147071","2"
"147098","9"
"147102","0"
"147105","7"
"147111","11"
"147122","1"
"147139","7"
"147183","0"
"147205","0"
"147215","0"
"147250","1"
"147269","3"
"147337","2"
"147393","1"
"147491","0"
"147543","1"
"147575","0"
"147577","0"
"147596","2"
"147605","1"
"147623","2"
"147638","2"
"147714","0"
"147752","2"
"147757","0"
"147780","0"
"147804","2"
"147812","1"
"147870","3"
"147900","1"
"147942","0"
"147977","4"
"147991","2"
"148004","0"
"148005","1"
"148029","2"
"148059","1"
"148082","8"
"148098","1"
"148106","0"
"148161","0"
"148165","9"
"148175","2"
"148188","0"
"148194","0"
"148223","0"
"148249","3"
"148260","0"
"148294","5"
"148360","0"
"148369","3"
"148402","6"
"148429","4"
"148450","1"
"148466","3"
"148469","0"
"148507","7"
"148511","3"
"148519","0"
"148522","1"
"148647","0"
"148727","1"
"148788","0"
"148811","17"
"148822","7"
"148831","1"
"148833","3"
"148852","0"
"148903","1"
"148933","1"
"148947","0"
"148973","0"
"149007","0"
"149024","2"
"149029","4"
"149035","0"
"149050","2"
"149145","0"
"149178","2"
"149200","3"
"149250","4"
"149293","0"
"149295","1"
"149314","1"
"149353","3"
"149402","5"
"149442","4"
"149481","4"
"149532","8"
"149607","1"
"149621","1"
"149648","1"
"149669","1"
"149704","0"
"149723","4"
"149734","2"
"149777","1"
"149833","4"
"149854","0"
"149871","1"
"149874","1"
"149881","1"
"149909","0"
"149912","2"
"149934","0"
"149985","1"
"150009","2"
"150026","0"
"150036","3"
"150084","0"
"150085","1"
"150096","2"
"150153","13"
"150181","6"
"150303","0"
"150323","2"
"150351","0"
"150419","4"
"150432","6"
"150498","5"
"150539","4"
"150549","0"
"150553","2"
"150591","2"
"150603","9"
"150638","1"
"150670","4"
"150727","2"
"150780","0"
"150804","1"
"150835","3"
"150866","1"
"150867","6"
"150871","1"
"150880","0"
"150886","1"
"150904","3"
"150913","1"
"150967","0"
"151011","3"
"151037","1"
"151041","0"
"151120","0"
"151203","0"
"151215","0"
"151228","1"
"151238","1"
"151306","2"
"151310","5"
"151342","4"
"151351","1"
"151359","8"
"151362","4"
"151448","6"
"151484","9"
"151510","2"
"151529","4"
"151544","1"
"151587","0"
"151590","0"
"151594","0"
"151613","2"
"151630","2"
"151657","0"
"151671","3"
"151684","4"
"151688","1"
"151689","1"
"151701","2"
"151720","3"
"151747","1"
"151786","3"
"151799","4"
"151806","4"
"151811","3"
"151812","4"
"151830","2"
"151858","6"
"151877","2"
"151880","1"
"151884","1"
"151898","1"
"151923","2"
"151941","2"
"151963","0"
"151973","10"
"151982","1"
"151993","3"
"152018","0"
"152034","0"
"152040","3"
"152093","1"
"152137","4"
"152180","2"
"152188","0"
"152192","10"
"152240","0"
"152284","9"
"152300","2"
"152335","4"
"152361","0"
"152366","0"
"152377","0"
"152466","1"
"152511","0"
"152516","2"
"152547","0"
"152553","0"
"152567","0"
"152577","4"
"152587","0"
"152598","0"
"152606","14"
"152649","1"
"152667","0"
"152687","3"
"152714","0"
"152719","2"
"152725","1"
"152744","0"
"152765","7"
"152792","1"
"152807","0"
"152838","6"
"152840","3"
"152871","2"
"152893","3"
"152928","0"
"152964","3"
"152989","1"
"153024","0"
"153042","2"
"153085","5"
"153134","0"
"153148","2"
"153155","0"
"153160","2"
"153236","1"
"153245","2"
"153249","0"
"153264","3"
"153265","4"
"153274","0"
"153284","0"
"153306","0"
"153318","4"
"153330","1"
"153341","16"
"153343","2"
"153359","0"
"153406","0"
"153422","2"
"153454","0"
"153475","6"
"153497","0"
"153552","1"
"153557","0"
"153604","3"
"153618","0"
"153660","8"
"153670","1"
"153693","1"
"153702","0"
"153708","2"
"153724","7"
"153726","4"
"153765","0"
"153777","2"
"153785","2"
"153787","5"
"153797","11"
"153812","1"
"153833","0"
"153835","0"
"153842","1"
"153854","2"
"153860","0"
"153923","0"
"153930","3"
"153976","9"
"154009","1"
"154038","2"
"154041","0"
"154060","1"
"154068","0"
"154088","1"
"154104","0"
"154130","0"
"154137","1"
"154150","0"
"154181","0"
"154197","1"
"154208","0"
"154211","0"
"154214","0"
"154217","2"
"154228","0"
"154231","0"
"154235","4"
"154295","4"
"154304","1"
"154310","7"
"154312","7"
"154314","13"
"154320","2"
"154327","0"
"154329","1"
"154350","0"
"154378","6"
"154410","0"
"154420","3"
"154434","3"
"154435","3"
"154439","1"
"154440","1"
"154482","1"
"154491","0"
"154512","5"
"154554","2"
"154577","5"
"154588","1"
"154589","0"
"154591","0"
"154592","0"
"154594","0"
"154599","0"
"154604","2"
"154624","8"
"154629","0"
"154652","1"
"154685","0"
"154736","1"
"154738","0"
"154748","7"
"154762","0"
"154827","3"
"154828","3"
"154837","2"
"154840","0"
"154862","3"
"154917","0"
"154935","6"
"154936","0"
"154937","0"
"154964","6"
"154975","2"
"154982","1"
"155013","10"
"155061","1"
"155088","3"
"155125","2"
"155138","0"
"155160","0"
"155161","0"
"155175","2"
"155180","1"
"155207","0"
"155258","0"
"155328","0"
"155360","8"
"155377","0"
"155428","4"
"155438","0"
"155444","9"
"155480","0"
"155545","0"
"155589","4"
"155594","3"
"155601","1"
"155627","5"
"155637","0"
"155665","8"
"155679","0"
"155695","5"
"155704","1"
"155709","0"
"155754","14"
"155792","0"
"155801","0"
"155816","0"
"155844","0"
"155874","0"
"155875","2"
"155891","0"
"155893","5"
"155908","2"
"155943","0"
"156996","5"
"157020","3"
"157026","0"
"157035","0"
"157061","2"
"157126","2"
"157133","0"
"157198","0"
"157213","6"
"157221","1"
"157260","3"
"157264","0"
"157316","0"
"157322","4"
"157327","4"
"157328","1"
"157336","0"
"157370","0"
"157394","0"
"157416","0"
"157427","3"
"157434","0"
"157446","2"
"157459","0"
"157473","7"
"157478","13"
"157482","0"
"157508","0"
"157511","3"
"157515","5"
"157528","2"
"157541","2"
"157559","5"
"157598","1"
"157630","0"
"157641","0"
"157647","0"
"157734","1"
"157741","1"
"157756","5"
"157812","1"
"157877","1"
"157880","4"
"157912","2"
"157934","2"
"157970","1"
"157984","7"
"158009","0"
"158045","1"
"158047","3"
"158106","0"
"158153","4"
"158186","0"
"158247","1"
"158266","3"
"158273","0"
"158277","7"
"158282","0"
"158310","2"
"158354","2"
"158397","1"
"158420","4"
"158422","1"
"158434","0"
"158436","0"
"158502","0"
"158515","3"
"158575","0"
"158576","1"
"158584","0"
"158602","1"
"158609","0"
"158672","0"
"158721","4"
"158733","0"
"158770","1"
"158774","4"
"158787","0"
"158845","0"
"158920","0"
"158930","3"
"159021","3"
"159027","1"
"159040","5"
"159061","2"
"159071","3"
"159078","0"
"159125","0"
"159141","3"
"159165","1"
"159169","3"
"159217","0"
"159231","5"
"159261","1"
"159272","2"
"159290","0"
"159331","16"
"159383","4"
"159384","0"
"159396","0"
"159397","4"
"159427","2"
"159467","1"
"159490","0"
"159498","2"
"159502","0"
"159524","4"
"159545","2"
"159551","2"
"159560","5"
"159566","2"
"159572","3"
"159575","5"
"159579","3"
"159599","2"
"159609","3"
"159626","5"
"159639","2"
"159643","1"
"159646","4"
"159654","3"
"159670","1"
"159685","6"
"159686","3"
"159688","0"
"159694","3"
"159695","2"
"159718","2"
"159739","0"
"159740","5"
"159756","0"
"159761","2"
"159779","0"
"159787","3"
"159794","1"
"159819","0"
"159823","0"
"159839","3"
"159878","18"
"159894","0"
"159907","2"
"159929","5"
"159956","1"
"159970","5"
"160010","4"
"160021","1"
"160055","2"
"160078","0"
"160097","1"
"160118","7"
"160120","0"
"160136","1"
"160178","0"
"160194","1"
"160226","0"
"160231","5"
"160271","3"
"160281","1"
"160297","7"
"160309","2"
"160313","1"
"160324","0"
"160381","5"
"160386","2"
"160392","1"
"160426","0"
"160433","3"
"160439","0"
"160441","5"
"160443","1"
"160453","0"
"160516","2"
"160522","3"
"160568","5"
"160582","1"
"160619","3"
"160637","0"
"160651","4"
"160659","6"
"160666","2"
"160669","16"
"160672","4"
"160678","6"
"160747","7"
"160776","7"
"160849","4"
"160863","12"
"160874","3"
"160878","0"
"160942","0"
"160950","1"
"160987","2"
"161029","4"
"161037","2"
"161046","0"
"161070","10"
"161122","0"
"161173","1"
"161220","2"
"161240","5"
"161268","2"
"161272","0"
"161296","3"
"161316","2"
"161328","2"
"161395","0"
"161456","3"
"161487","0"
"161504","0"
"161519","1"
"161587","10"
"161590","1"
"161618","6"
"161666","1"
"161688","2"
"161737","0"
"161811","6"
"161819","0"
"161837","0"
"161861","0"
"161869","7"
"161878","0"
"161879","1"
"161906","1"
"161927","0"
"161931","2"
"161951","3"
"161956","1"
"161957","6"
"161968","1"
"161990","0"
"161992","2"
"162011","2"
"162014","0"
"162071","6"
"162096","0"
"162132","4"
"162200","1"
"162264","0"
"162316","0"
"162342","0"
"162372","2"
"162387","0"
"162436","5"
"162454","8"
"162459","7"
"162475","4"
"162485","3"
"162492","0"
"162594","2"
"162601","1"
"162640","0"
"162672","0"
"162698","4"
"162705","2"
"162708","3"
"162730","0"
"162751","0"
"162782","2"
"162803","5"
"162806","0"
"162815","6"
"162829","3"
"162839","1"
"162844","1"
"162847","3"
"162852","2"
"162894","1"
"162902","0"
"162906","4"
"162920","1"
"162926","1"
"162940","0"
"162970","0"
"162991","0"
"163010","10"
"163049","0"
"163066","0"
"163076","0"
"163081","3"
"163110","2"
"163167","2"
"163207","3"
"163209","0"
"163235","6"
"163308","2"
"163315","0"
"163432","4"
"163467","1"
"163486","1"
"163521","2"
"163524","4"
"163531","3"
"163547","2"
"163588","2"
"163614","5"
"163620","0"
"163630","4"
"163637","0"
"163684","1"
"164702","1"
"164748","2"
"164758","4"
"164789","2"
"164798","1"
"164811","14"
"164835","3"
"164857","1"
"164860","1"
"164884","0"
"164885","3"
"164921","0"
"164941","4"
"164987","4"
"165004","2"
"165037","0"
"165065","0"
"165081","1"
"165101","6"
"165131","1"
"165177","4"
"165186","2"
"165197","0"
"165202","0"
"165296","1"
"165314","3"
"165340","0"
"165435","0"
"165449","4"
"165452","2"
"165482","0"
"165565","2"
"165567","0"
"165601","0"
"165607","1"
"165628","3"
"165673","0"
"165684","2"
"165713","0"
"165716","5"
"165728","7"
"165731","1"
"165750","6"
"165770","0"
"165812","1"
"165860","1"
"165864","2"
"165869","3"
"165885","0"
"165896","3"
"165918","0"
"165951","0"
"166075","4"
"166097","3"
"166101","0"
"166131","1"
"166136","1"
"166146","4"
"166148","0"
"166156","0"
"166160","4"
"166166","0"
"166279","0"
"166304","1"
"166379","0"
"166385","0"
"166465","6"
"166468","2"
"166472","2"
"166546","4"
"166559","4"
"166635","0"
"166654","0"
"166675","1"
"166676","2"
"166682","0"
"166690","3"
"166707","4"
"166724","8"
"166744","0"
"166751","0"
"166781","0"
"166813","3"
"166847","1"
"166891","1"
"166901","1"
"166903","0"
"166949","1"
"166950","1"
"167006","1"
"167015","1"
"167019","0"
"167023","7"
"167064","4"
"167095","0"
"167112","3"
"167116","3"
"167128","7"
"167130","0"
"167144","0"
"167173","10"
"167180","0"
"167190","1"
"167216","3"
"167245","1"
"167271","0"
"167276","0"
"167292","0"
"167302","2"
"167329","7"
"167336","4"
"167353","1"
"167381","1"
"167401","4"
"167449","2"
"167495","0"
"167514","2"
"167550","1"
"167579","0"
"167613","1"
"167626","1"
"167639","1"
"167650","4"
"167679","2"
"167707","4"
"167729","5"
"167774","0"
"167807","4"
"167935","1"
"167983","1"
"167998","3"
"168007","0"
"168018","1"
"168046","0"
"168060","7"
"168115","1"
"168122","6"
"168230","4"
"168233","4"
"168244","1"
"168283","3"
"168323","1"
"168327","0"
"168359","2"
"168375","0"
"168403","0"
"168434","2"
"168456","4"
"168470","0"
"168516","1"
"168530","1"
"168598","7"
"168602","0"
"168690","3"
"168714","3"
"168722","0"
"168744","0"
"168763","5"
"168777","4"
"168821","0"
"168856","0"
"168889","0"
"168913","0"
"168937","1"
"168948","1"
"168958","5"
"168971","3"