id,activity_time
"1","3104189"
"2","3467038"
"7","3842961"
"75","3692711"
"97","2530279"
"114","2208489"
"117","1586843"
"162","3843827"
"163","2686347"
"164","3843812"
"183","3271912"
"241","4959833"
"244","84640"
"245","2575183"
"249","3858899"
"259","793539"
"264","4416692"
"276","1826174"
"277","2568663"
"290","571210"
"312","2865933"
"369","85443"
"377","588718"
"380","3838101"
"381","3182207"
"382","2784651"
"387","2169090"
"397","4211269"
"398","1049878"
"416","281481"
"437","650695"
"438","1944949"
"486","3695902"
"515","782464"
"553","4138215"
"580","471271"
"595","77908"
"627","625750"
"645","1650426"
"675","2636884"
"807","2345399"
"829","3496206"
"847","440"
"854","949927"
"978","22203"
"1009","2508652"
"1044","3093242"
"1062","4236353"
"1063","50952"
"1068","2505342"
"1069","1806000"
"1070","3804303"
"1108","1375"
"1166","46869"
"1180","8480"
"1225","760280"
"1238","3789123"
"1257","3788746"
"1262","872254"
"1322","1752925"
"1344","1151"
"1362","32379"
"1368","3777406"
"1427","345"
"1463","322969"
"1577","129"
"1621","1633102"
"1653","700322"
"1680","1413931"
"1707","3747741"
"1735","3378041"
"1766","44113"
"1906","1293190"
"1961","1192"
"2003","316615"
"2010","340838"
"2013","1733412"
"2021","269"
"2022","75774"
"2023","73396"
"2028","322154"
"2078","3716184"
"2087","2567937"
"2091","2708014"
"2092","3714863"
"2099","11018"
"2120","3712908"
"2178","1370071"
"2226","118699"
"2243","1025356"
"2257","3696531"
"2330","711518"
"2342","3687585"
"2372","139691"
"2403","199542"
"2405","3682511"
"2503","4000777"
"2517","15723"
"2525","1989"
"2552","2421731"
"2581","3529122"
"2582","3664904"
"2592","2395497"
"2631","2924420"
"2703","3353775"
"2715","3827757"
"2804","348"
"2837","1465318"
"2963","852"
"2982","1164259"
"2985","777"
"3001","2876054"
"3004","3886806"
"3034","291"
"3056","3707513"
"3085","699353"
"3142","4447"
"3165","1263295"
"3174","1594"
"3406","637"
"3460","1322978"
"3521","1354735"
"3543","1531"
"3584","1381234"
"3600","13415"
"3601","145736"
"3606","896680"
"3640","2236947"
"3674","144081"
"3694","2362894"
"3707","241"
"3763","3246"
"3787","5743"
"3844","918156"
"3848","2237189"
"3879","348"
"3889","443"
"3949","59079"
"4104","2770446"
"4193","4182377"
"4196","3875225"
"4213","14281"
"4217","1074"
"4248","4701801"
"4253","22794"
"4254","441069"
"4309","19044"
"4354","5927"
"4420","93076"
"4436","2564"
"4471","846"
"4503","1212"
"4524","172"
"4530","1942326"
"4536","1895"
"4555","3303007"
"4570","1208468"
"4667","1344909"
"4752","1673316"
"4758","3725138"
"4796","1489413"
"4824","973"
"4841","2999611"
"4859","1095"
"4981","7094"
"5020","199"
"5033","309457"
"5067","997"
"5084","1349495"
"5091","2618472"
"5107","228273"
"5119","3047607"
"5132","2047318"
"5182","572"
"5212","269"
"5227","3586455"
"5244","3932324"
"5266","5122"
"5310","120089"
"5414","403938"
"5440","881037"
"5441","632"
"5467","2276192"
"5505","4744416"
"5514","1453"
"5637","3956"
"5644","256"
"5763","2164143"
"5786","2841565"
"5817","26389"
"5835","3034"
"5847","2435693"
"5860","7761"
"5869","2113850"
"5883","369"
"5897","90988"
"5932","1894"
"5949","362"
"6020","83999"
"6077","1916"
"6204","2907"
"6236","2559557"
"6259","3295441"
"6329","835295"
"6411","2777"
"6465","3808"
"6478","1564"
"6510","48229"
"6530","49257"
"6535","69"
"6550","586821"
"6666","2709989"
"6694","3622441"
"6753","1940074"
"6756","1262189"
"6827","254"
"6842","523201"
"6904","120"
"6946","267770"
"6957","1337806"
"6998","3779154"
"7062","1407548"
"7080","501880"
"7084","6389"
"7204","2385961"
"7256","581"
"7277","27036"
"7434","544606"
"7519","2492801"
"7553","847082"
"7641","1105894"
"7687","766764"
"7697","422991"
"7703","2756734"
"7705","3445644"
"7720","1189119"
"7776","1054"
"7802","4148973"
"7849","2417635"
"7860","194"
"7870","611"
"7911","3366558"
"7920","0"
"7938","2019"
"7961","32"
"8033","602"
"8066","1872535"
"8074","1006"
"8099","1058"
"8113","2940229"
"8155","1080541"
"8174","510681"
"8181","1477828"
"8201","2814757"
"8303","1208"
"8310","464874"
"8427","878635"
"8445","9663"
"8446","11553"
"8456","262"
"8573","135189"
"8587","1788"
"8602","1214349"
"8610","1173"
"8621","279973"
"8663","716"
"8711","2101"
"8733","16979"
"8744","2421733"
"8749","486425"
"8757","367499"
"8761","2156941"
"8785","218"
"8798","2179300"
"8803","218"
"8857","1064188"
"8865","8945"
"8867","1037854"
"8873","2785"
"8895","467390"
"8896","1949"
"8945","419235"
"9095","3655232"
"9096","3970070"
"9106","2179"
"9113","190"
"9133","860466"
"9156","760872"
"9230","1148"
"9237","185"
"9263","3294"
"9272","2145"
"9348","4142973"
"9440","2396384"
"9453","1587790"
"9461","2486391"
"9470","2545592"
"9561","3367215"
"9623","386"
"9628","3369340"
"9668","304"
"9682","41"
"9763","365090"
"9781","4119"
"9810","2160589"
"9831","126"
"9908","21504"
"9916","377061"
"9935","2908"
"9945","1230082"
"9967","56"
"9973","414507"
"9980","887"
"9981","64029"
"10000","249427"
"10006","2062"
"10011","7803"
"10029","4161878"
"10032","932124"
"10035","539"
"10071","3045828"
"10106","50"
"10109","2236"
"10156","860521"
"10201","815"
"10251","123"
"10270","2614"
"10277","1939899"
"10292","445696"
"10378","1139587"
"10386","4184877"
"10415","8776"
"10446","1615"
"10485","108163"
"10535","605"
"10549","15"
"10551","1331"
"10553","3244671"
"10554","859"
"10615","2950477"
"10646","206"
"10657","1807"
"10691","1846178"
"10694","882"
"10722","512476"
"10728","724"
"10729","2342694"
"10736","512052"
"10825","587"
"10838","89"
"10847","10"
"10854","494"
"10857","3271"
"10866","2378969"
"10898","3259"
"10929","4192918"
"10974","3279016"
"11066","349"
"11098","815"
"11103","2095"
"11140","1804"
"11163","5703"
"11170","254084"
"11234","57877"
"11263","2275018"
"11298","1505433"
"11317","221771"
"11355","3214067"
"11363","351471"
"11369","169"
"11376","93"
"11384","162285"
"11393","3908083"
"11397","3224670"
"11398","133"
"11427","116390"
"11444","2331341"
"11447","75819"
"11540","1504962"
"11555","20025"
"11606","211"
"11621","4473980"
"11623","715"
"11632","13899"
"11658","2443325"
"11662","154"
"11737","548"
"11756","1180630"
"11768","670"
"11788","3611353"
"11794","955"
"11810","1131"
"11840","2635009"
"11842","1187707"
"11860","292951"
"11868","3868761"
"11893","164"
"11911","165165"
"11917","53"
"11968","128580"
"11972","601"
"11974","1413432"
"11985","2836169"
"11986","102"
"11995","2506"
"12041","1647145"
"12066","2593613"
"12101","2854538"
"12131","2831891"
"12133","57881"
"12153","2160272"
"12164","4605"
"12178","144"
"12194","807"
"12313","3252976"
"12401","1434520"
"12402","216"
"12405","5320"
"12428","1538279"
"12434","50959"
"12482","464"
"12512","11165"
"12546","2004426"
"12555","4367751"
"12568","2141808"
"12593","91280"
"12596","2221752"
"12624","557083"
"12684","1612"
"12686","76435"
"12699","3756076"
"12729","407"
"12792","898134"
"12816","445"
"12836","832"
"12846","460"
"12857","5413"
"12896","2461329"
"12899","1513"
"12933","1016"
"13039","1617"
"13059","230"
"13120","1635526"
"13192","2342"
"13235","5099"
"13243","3141802"
"13286","2210748"
"13372","882626"
"13375","3431312"
"13432","896121"
"13446","260"
"13464","149774"
"13496","744842"
"13537","9425"
"13543","625"
"13570","4216760"
"13618","89630"
"13639","1271"
"13652","3271228"
"13658","2559879"
"13698","4059459"
"13731","1702128"
"13760","2728472"
"13798","87738"
"13821","1276035"
"13841","40372"
"13862","2286808"
"13863","150"
"13955","3088847"
"13992","3789836"
"14025","134623"
"14029","34"
"14038","3275035"
"14046","2925411"
"14102","105"
"14112","960382"
"14134","127179"
"14142","885995"
"14152","198752"
"14215","2695"
"14216","1018"
"14222","865783"
"14249","1050597"
"14255","662"
"14256","490"
"14305","604"
"14465","31"
"14516","3234628"
"14534","54323"
"14569","12045"
"14635","309"
"14709","2164"
"14713","106175"
"14714","386"
"14717","52061"
"14727","1747305"
"14738","2525318"
"14739","51625"
"14757","3139157"
"14763","1857415"
"14820","348120"
"14843","3310225"
"14864","35279"
"14881","2160943"
"14890","33686"
"14894","1105"
"14898","73"
"14906","2233"
"14940","1362"
"14982","227"
"15014","280"
"15059","2175164"
"15066","1808"
"15075","1358264"
"15102","4312335"
"15108","931"
"15116","202"
"15202","709186"
"15207","15349"
"15214","3188104"
"15235","1675416"
"15260","338"
"15262","188643"
"15272","538370"
"15315","409667"
"15335","165"
"15349","25729"
"15368","196169"
"15394","578842"
"15436","378"
"15446","906295"
"15471","179097"
"15475","5502"
"15484","1571328"
"15491","17137"
"15502","75"
"15595","1931"
"15599","2642316"
"15617","6720"
"15621","1345031"
"15641","983949"
"15694","2296141"
"15722","2987"
"15726","557181"
"15741","2192"
"15743","102500"
"15744","240"
"15765","1540"
"15813","1049"
"15830","1740"
"15881","6395"
"15903","197"
"15934","2497780"
"15939","397982"
"15943","48"
"15958","1488758"
"15961","1027"
"15968","9813"
"16133","516"
"16158","61"
"16164","2619"
"16165","2925451"
"16169","216402"
"16183","2528"
"16187","4390"
"16204","1234077"
"16227","0"
"16236","66"
"16247","3256023"
"16258","84"
"16287","3160"
"16291","62676"
"16353","7994"
"16361","1842566"
"16380","630"
"16411","3360"
"16422","1588281"
"16426","4197"
"16486","3083463"
"16496","3744793"
"16500","706"
"16535","1006"
"16546","12616"
"16560","991"
"16564","1991934"
"16588","239"
"16607","505"
"16624","11"
"16651","148"
"16676","136"
"16685","1357"
"16692","353"
"16731","1971229"
"16733","999"
"16747","1842"
"16796","2256825"
"16806","11219"
"16903","1778628"
"16958","1819"
"16980","130733"
"17066","223"
"17067","849640"
"17075","378"
"17095","10182"
"17172","48"
"17179","381938"
"17187","254778"
"17234","899591"
"17316","8185"
"17393","2445917"
"17399","345563"
"17407","14839"
"17412","745103"
"17430","315893"
"17448","261430"
"17491","6290"
"17510","71"
"17516","1847769"
"17524","698"
"17551","385749"
"17562","80353"
"17565","3292"
"17593","56"
"17598","2113"
"17632","189930"
"17635","379"
"17698","2324693"
"17720","774359"
"17721","90"
"17755","59"
"17847","3739960"
"17852","2942771"
"17862","68"
"17899","2984416"
"17930","2986207"
"17932","100"
"17965","567"
"17998","52"
"18007","982"
"18011","35"
"18018","13"
"18022","8735"
"18035","2369874"
"18043","70829"
"18061","17"
"18077","1282534"
"18086","2306122"
"18087","3489499"
"18124","602"
"18133","472530"
"18154","67"
"18162","1988741"
"18167","944"
"18168","7177"
"18185","15"
"18195","37"
"18207","12712"
"18217","799"
"18275","34697"
"18310","5586"
"18327","165190"
"18330","6417"
"18347","2047244"
"18398","76"
"18494","95685"
"18505","79203"
"18533","2435"
"18563","62"
"18608","122"
"18663","1401"
"18680","156"
"18694","3185420"
"18720","356048"
"18739","278"
"18819","663947"
"18936","74"
"18978","160224"
"19007","559076"
"19033","141506"
"19128","2007461"
"19147","60472"
"19152","514"
"19176","70321"
"19193","598"
"19214","7102"
"19276","1465668"
"19290","1579"
"19302","55167"
"19309","980"
"19319","2692326"
"19373","1501599"
"19387","2435"
"19419","1805604"
"19436","19907"
"19448","21"
"19457","1760"
"19469","27"
"19471","122275"
"19524","3927396"
"19526","308"
"19565","426361"
"19567","775230"
"19631","2240"
"19644","77"
"19694","1799387"
"19698","2393"
"19714","962"
"19718","247"
"19749","214557"
"19751","1353318"
"19756","633"
"19778","414"
"19790","861"
"19864","4757"
"19868","3619"
"19872","90"
"19911","546205"
"19949","4008150"
"19980","2742136"
"19988","441034"
"20004","62177"
"20015","2439"
"20022","24672"
"20045","201"
"20095","2891361"
"20105","3013391"
"20108","665945"
"20135","2892970"
"20140","993571"
"20147","2073203"
"20163","1174"
"20166","1167"
"20168","538"
"20187","2549044"
"20201","42"
"20209","48"
"20216","6069"
"20224","15750"
"20242","4050967"
"20261","2599"
"20371","13446"
"20395","32"
"20402","1129"
"20404","898511"
"20406","457516"
"20413","2709412"
"20422","2703285"
"20438","34"
"20481","4088"
"20497","1834328"
"20521","403"
"20525","812"
"20530","19083"
"20558","1386"
"20645","1298"
"20659","22300"
"20661","885502"
"20684","771"
"20693","139"
"20696","199"
"20703","2670011"
"20707","13"
"20744","292"
"20766","372"
"20787","260"
"20806","2446727"
"20828","311"
"20839","417"
"20845","187075"
"20859","15794"
"20871","1272350"
"20872","1897302"
"20874","2616"
"20903","333271"
"20904","290219"
"20948","147"
"20951","732290"
"20995","202562"
"21003","1924552"
"21005","10636"
"21067","156"
"21073","15333"
"21114","2301286"
"21137","2100584"
"21177","3838975"
"21205","1725"
"21225","565515"
"21237","24933"
"21247","24035"
"21269","298"
"21297","2125067"
"21301","1518335"
"21305","2864"
"21313","1940853"
"21375","10"
"21383","142727"
"21413","1714827"
"21420","9740"
"21523","83637"
"21534","77"
"22651","667"
"22671","895185"
"22703","10910"
"22752","96"
"22768","2743"
"22783","204"
"22795","2111091"
"22806","11526"
"22809","3660622"
"22865","792928"
"22903","2527834"
"22906","3811776"
"22925","3184838"
"22937","460"
"22953","6074"
"22972","236295"
"22985","20"
"22989","640"
"23007","652"
"23032","323"
"23039","67"
"23086","148"
"23097","2104037"
"23101","2050141"
"23133","344"
"23178","148"
"23191","6952"
"23235","2334"
"23294","637"
"23302","12372"
"23315","491"
"23322","3201295"
"23329","1728427"
"23334","1588869"
"23371","3895530"
"23382","3166"
"23433","317"
"23438","3615290"
"23452","3402154"
"23454","107059"
"23459","35847"
"23474","5"
"23507","5922"
"23519","266"
"23521","3400054"
"23592","512369"
"23598","630"
"23612","4060253"
"23627","2804031"
"23632","22"
"23664","774866"
"23673","459"
"23683","373246"
"23734","2289924"
"23778","3535338"
"23794","912985"
"23801","77927"
"23809","1350"
"23843","758"
"23850","169"
"23862","578"
"23914","185"
"24023","80"
"24044","2049114"
"24055","1926"
"24084","1015031"
"24112","1946"
"24130","1543555"
"24139","25"
"24164","37"
"24166","16497"
"24178","3782472"
"24227","29"
"24277","589385"
"24338","1714"
"24384","807832"
"24436","1277"
"24444","3306501"
"24518","534"
"24538","18"
"24543","859703"
"24567","1904276"
"24613","651"
"24647","37"
"24657","97"
"24662","845"
"24675","237681"
"24729","1034"
"24773","1191"
"24803","169"
"24832","1141670"
"24863","2014783"
"24908","2003127"
"24923","537"
"24947","161"
"24990","65"
"25001","521"
"25036","116858"
"25080","478452"
"25088","113755"
"25100","784"
"25132","198"
"25162","2990"
"25219","1806157"
"25260","155624"
"25282","546"
"25319","260687"
"25444","4118"
"25472","8309"
"25473","60420"
"25475","2721458"
"25490","3411"
"25491","1381"
"25494","1736548"
"25520","454"
"25530","44991"
"25578","3425"
"25635","186"
"25647","11762"
"25661","282"
"25689","2281"
"25769","571"
"25855","132"
"25874","1440980"
"25884","521"
"25894","2616141"
"25897","10775"
"25900","210"
"25915","157"
"25939","14"
"25941","4201"
"25958","11767"
"25979","214"
"26027","65214"
"26047","1924"
"26062","190"
"26092","1080"
"26142","3414673"
"26197","67219"
"26223","3665819"
"26226","55"
"26242","112643"
"26272","25692"
"26278","67"
"26307","443987"
"26319","250089"
"26347","602793"
"26390","2128934"
"26400","449"
"26446","7096"
"26459","852214"
"26469","1840000"
"26486","244718"
"26531","2138"
"26560","2428"
"26561","1791431"
"26598","719887"
"26615","151"
"26660","149311"
"26685","3743689"
"26696","3124235"
"27769","1710110"
"27770","16910"
"27782","1028447"
"27805","2687974"
"27829","2059237"
"27831","147"
"27849","4020"
"27862","381673"
"27885","213"
"27897","1129982"
"27904","2349"
"27913","2970690"
"27933","1080"
"27934","1585"
"27939","32066"
"27958","2533021"
"27964","194"
"27988","1601"
"29014","1177649"
"29082","6998"
"29170","1847530"
"29220","418518"
"29226","1690292"
"29251","3455312"
"29292","25012"
"29296","118"
"29324","675"
"29355","1803539"
"29387","1519"
"29388","876"
"29407","2093440"
"29429","175"
"29460","20860"
"29499","1121"
"29515","1445351"
"29557","408"
"29622","202"
"29635","2864"
"29735","208471"
"29748","1653"
"29824","1350"
"29902","950344"
"29930","239"
"29936","61215"
"29937","436"
"29974","13"
"29982","3259188"
"29992","1509084"
"30002","118"
"30046","1094"
"30096","2125018"
"30133","946"
"30135","711546"
"30203","50"
"30289","4073"
"30320","13"
"30323","1412017"
"30329","114"
"30330","869975"
"30336","105"
"30362","2361765"
"30365","1661381"
"30431","50"
"30471","2569882"
"30499","59"
"30508","22634"
"30519","1824655"
"30527","4866"
"30575","1982102"
"30694","2208606"
"30697","733300"
"30701","93"
"30743","603"
"30782","87"
"30818","47383"
"30833","1303"
"30893","53"
"30898","476963"
"30919","152"
"30940","780"
"30949","12435"
"30998","512"
"31001","7578"
"31027","1843"
"31043","304"
"31065","737"
"31100","340"
"31122","70"
"31162","26"
"31183","3802"
"31204","93424"
"31247","185"
"31248","1431"
"31289","14"
"31315","16"
"31337","21"
"31368","4156"
"31370","2066365"
"31388","1286"
"31404","215"
"31460","388"
"31511","152244"
"31549","3473"
"31560","514220"
"31573","27"
"31576","393"
"31606","1342516"
"31636","267895"
"31637","2857"
"31653","299033"
"31683","40"
"31696","262"
"31705","1145373"
"31813","2131899"
"31826","155"
"31843","1456089"
"31872","1208"
"31933","3011"
"31975","596238"
"32012","1974980"
"32036","1022"
"32047","835"
"32063","769"
"32105","3246"
"32123","457955"
"32143","74"
"32171","2097"
"32185","111"
"32236","1013147"
"32268","42"
"32285","794823"
"32288","744"
"32334","2187"
"32345","904835"
"32347","2992076"
"32353","98"
"32372","1620244"
"32451","1823"
"32510","303"
"32521","466680"
"32526","1680714"
"32529","151"
"32532","2190131"
"32568","179"
"32574","3366537"
"32595","68"
"32616","5510"
"32640","2191245"
"32641","1410"
"32645","2141266"
"32672","268"
"32677","9"
"32719","485"
"32730","933081"
"32761","1967085"
"32805","366"
"32837","361"
"32902","2084"
"32953","7803"
"32964","3350"
"32987","81"
"33006","63399"
"33020","604"
"33050","1881170"
"33064","325910"
"33104","1367683"
"33114","258313"
"33142","286107"
"33148","162"
"33161","325713"
"33189","4457"
"33212","306"
"33257","703241"
"33273","396"
"33293","2139265"
"33294","98"
"33308","15586"
"33314","1949418"
"33343","691"
"33352","898"
"33410","2098102"
"33428","1273177"
"33456","1701876"
"33459","1752203"
"33460","789079"
"33491","188"
"33507","516"
"33559","18"
"33565","5145"
"33585","3410538"
"33603","187"
"33604","1293352"
"33627","21"
"33637","600"
"33641","13010"
"33648","1844398"
"33663","326"
"33698","569932"
"33722","25"
"33811","1872913"
"33822","127"
"33830","540068"
"33834","120021"
"33844","953"
"33871","1238"
"33900","2183652"
"33909","595863"
"33950","1306"
"33990","731"
"34003","998033"
"34022","134"
"34039","119"
"34042","2623547"
"34130","469701"
"34142","2242515"
"34159","142"
"34205","222120"
"34207","2912"
"34241","9"
"34255","6074"
"34271","1586079"
"34282","723"
"34298","920826"
"34326","373"
"34337","15"
"34339","244198"
"34343","1116767"
"34350","486"
"34368","33"
"34397","207"
"34419","3509521"
"34440","244"
"34519","8584"
"34542","824"
"34577","35047"
"34599","36"
"34661","66"
"34674","2457"
"34687","1467333"
"34698","48"
"34707","428"
"34718","129"
"34782","348"
"34810","38"
"34871","1676227"
"34904","3364"
"34913","2532192"
"34952","3259"
"34955","244"
"34961","715"
"34962","189"
"34965","94"
"34988","576"
"34992","3814377"
"35015","1171413"
"35053","96614"
"35089","59524"
"35144","445"
"35222","190"
"35239","20"
"35254","600"
"35261","13"
"35264","200901"
"35307","830573"
"35387","2572697"
"35441","1522311"
"35450","1290537"
"35492","1289644"
"35495","3929"
"35542","11"
"35556","457951"
"35571","838"
"35572","83300"
"35611","50730"
"35635","1911149"
"35704","304"
"35720","251"
"35735","2230"
"35741","219"
"35756","4838"
"35776","379"
"35791","1317626"
"35831","523"
"35880","7141"
"35891","224"
"35924","380531"
"35977","43405"
"35998","1465"
"36001","3633230"
"36047","905"
"36073","697"
"36117","28238"
"36128","1140938"
"36143","2580"
"36156","503"
"36158","1239925"
"36172","839646"
"36263","3170"
"36267","399534"
"36272","287"
"36313","1409911"
"36331","821699"
"36355","8398"
"36363","1531068"
"36406","1424"
"36418","362"
"36427","289"
"36458","391931"
"36462","3179131"
"36468","2028494"
"36517","821"
"36580","70"
"36598","11739"
"36609","3714073"
"36618","1701933"
"36629","3689144"
"36671","1711957"
"36726","1897109"
"36735","274"
"36754","2568511"
"36774","1298"
"36804","157"
"36807","25"
"36831","3012935"
"36873","1618294"
"36909","346"
"36948","1344"
"36986","591691"
"37036","523547"
"37049","584344"
"37121","1519466"
"37147","321"
"37165","480"
"37169","75"
"37175","596993"
"37183","84"
"37196","57842"
"37208","123795"
"37243","1309"
"37246","448"
"37270","1680906"
"37327","2649"
"37338","106"
"37380","8667"
"37383","1191196"
"37388","1260222"
"37417","736377"
"37457","11323"
"37472","78"
"37481","3394364"
"37505","1583710"
"37519","3752643"
"37559","300"
"37568","13"
"37577","595"
"37588","1599540"
"37639","1226"
"37676","89"
"37724","20"
"37734","67"
"37820","94"
"37855","329589"
"37861","304"
"37864","82"
"37871","1716"
"37875","4733"
"37893","606"
"37934","63"
"37949","18"
"37989","37"
"38001","2588524"
"38037","3119822"
"38051","1150457"
"38062","128"
"38071","1227889"
"38074","66"
"38112","28"
"38119","14"
"38134","12"
"38147","91"
"38149","143"
"38150","26"
"38156","36"
"38241","1806909"
"38245","342"
"38247","1501"
"38250","2014162"
"38321","2961686"
"38331","154"
"38501","172923"
"38502","34477"
"38504","32003"
"38546","395"
"38567","32004"
"38629","1391092"
"38644","14980"
"38655","3650438"
"38660","26"
"38708","114"
"38715","641"
"38890","468004"
"38899","94"
"38925","213"
"38942","457110"
"38960","125"
"38972","1545"
"38990","2821"
"39014","977263"
"39051","471"
"39055","96"
"39077","1561133"
"39087","48"
"39097","1632996"
"39101","922332"
"39122","119"
"39165","1062"
"39205","362"
"39271","922"
"39285","19"
"39297","247333"
"39440","1410211"
"39520","114"
"39524","834397"
"39530","511"
"39540","249080"
"39547","87"
"39555","845"
"39585","292"
"39662","22595"
"39692","41"
"39696","1463012"
"39711","2436170"
"39729","2916222"
"39762","41"
"39775","264828"
"39801","1287"
"39833","3641315"
"39857","897495"
"39882","246"
"39892","1533218"
"39893","37674"
"39913","18"
"39925","311183"
"39930","2238537"
"39933","1818"
"39990","3103809"
"40023","190447"
"40085","146"
"40127","777"
"40154","215"
"40182","38"
"40185","41"
"40227","60"
"40255","756"
"40274","539990"
"40289","1041172"
"40291","1480045"
"40298","27"
"40336","51"
"40392","496"
"40395","1269"
"40396","2975"
"40416","1856"
"40482","80"
"40534","2765890"
"40562","52"
"40594","2561203"
"40616","13"
"40655","26"
"40720","174"
"40808","54"
"40849","1685"
"40861","1317"
"40869","111583"
"40992","32"
"40995","44"
"41010","2382869"
"41058","540"
"41122","624208"
"41139","947"
"41160","23224"
"41230","1311405"
"41239","7229"
"41333","1190"
"41343","236"
"41350","2763085"
"41364","515"
"41393","47"
"41459","359"
"41478","1440"
"41502","5329"
"41539","792637"
"41605","1451"
"41685","218553"
"41688","4421"
"41708","75227"
"41716","1007"
"41783","246202"
"41810","1011503"
"41905","12647"
"41913","670259"
"41918","651"
"41943","68"
"41966","1171940"
"41988","2191440"
"42014","754"
"42020","664351"
"42035","1377"
"42071","92"
"42091","38"
"42092","575105"
"42093","893"
"42101","46046"
"42103","5430"
"42168","305"
"42171","119"
"42191","1264"
"42209","3009224"
"42229","168"
"42278","2397776"
"42289","3277279"
"42314","2622367"
"42334","2805804"
"42369","296203"
"42383","133"
"42397","205"
"42406","289524"
"42417","1494"
"42455","1173"
"42462","1645914"
"42466","3302895"
"42469","1526"
"42476","1583916"
"42500","2039734"
"42509","191"
"42601","18910"
"42618","1570701"
"42621","43"
"42626","2821580"
"42629","148"
"42663","44578"
"42782","1436"
"42801","3020140"
"42802","33"
"42897","604"
"42912","130"
"43008","2440412"
"43063","36"
"43083","63"
"43255","718"
"43284","1704427"
"43287","2005528"
"43294","3341797"
"43370","531"
"43373","2837627"
"43411","79"
"43450","610"
"43454","34"
"43503","2394847"
"43522","3003671"
"43529","1254175"
"43537","1486"
"43539","16"
"43546","680089"
"43574","2778122"
"43615","2672030"
"43649","55"
"43658","44"
"43669","1641736"
"43692","614"
"43707","42"
"43737","244227"
"43740","2048630"
"43750","6432"
"43780","503215"
"43791","3402959"
"43794","1197769"
"43807","639"
"43837","1100"
"43856","3963"
"43921","463"
"43926","1173050"
"44018","1304"
"44033","626"
"44043","14"
"44131","1328"
"44149","367"
"44151","3268008"
"44181","84123"
"44186","234"
"44190","872911"
"44210","1143037"
"44214","989752"
"44247","464"
"44275","2194"
"44315","403"
"44335","313739"
"44337","39"
"44345","1945494"
"44382","43806"
"44419","513"
"44489","1658928"
"44532","553"
"44543","299"
"44596","202"
"44620","923"
"44644","131"
"44668","1206199"
"44705","545"
"44716","3390080"
"44801","320"
"44843","7362"
"44849","928925"
"44881","490"
"44980","1625038"
"44987","176594"
"44997","246"
"45049","88"
"45074","696247"
"45093","408831"
"45097","38"
"45156","570733"
"45184","827"
"45254","70"
"45311","55"
"45326","44279"
"45328","911"
"45375","233254"
"45380","2263229"
"45410","1680663"
"45490","1255905"
"45509","2138962"
"45527","7047"
"45552","662"
"45561","261589"
"45578","1927"
"45593","638380"
"45660","705811"
"45680","95"
"45687","1753120"
"45695","172973"
"45712","3280421"
"45723","19"
"45738","110"
"45750","5364"
"45776","2223"
"45794","159"
"45808","444"
"45831","76"
"45834","331"
"45849","227256"
"45871","931"
"45892","8338"
"45919","224"
"45928","1341826"
"45986","132"
"45999","699582"
"46003","1259"
"46004","633020"
"46020","744"
"46021","2956273"
"46070","1777610"
"46080","516514"
"46092","44291"
"46095","81"
"46099","3367122"
"46108","130277"
"46112","978"
"46124","130"
"46125","1312"
"46164","1762656"
"46199","15356"
"46212","1124856"
"46268","8"
"46289","521"
"46293","791"
"46340","25"
"46344","1294114"
"46348","2435"
"46353","1184700"
"46369","941292"
"46395","87455"
"46438","1307399"
"46477","171"
"46484","158"
"46525","23"
"46540","198"
"46563","8412"
"46583","14"
"46608","255"
"46652","186441"
"46683","2530356"
"46696","217"
"46704","29"
"46746","146344"
"46764","43458"
"46793","1218361"
"46807","2222609"
"46818","390"
"46836","1811203"
"46849","1547"
"46900","5464"
"46907","48316"
"46941","856783"
"46953","60045"
"46957","2279"
"46966","42408"
"46973","15462"
"46984","810"
"46993","73"
"46997","2096127"
"47027","2122789"
"47043","114"
"47070","1206"
"47152","1774"
"47153","12872"
"47182","186"
"47185","5750"
"47191","473442"
"47192","27"
"47198","880"
"47224","592"
"47232","2211991"
"47261","283"
"47279","13486"
"47334","383861"
"47341","212"
"47376","51"
"47400","2582685"
"47401","1002322"
"47433","318994"
"47467","2166"
"47489","2202429"
"47490","256541"
"47509","1026"
"47555","331"
"47617","1067778"
"47618","120"
"47638","583223"
"47641","1432160"
"47652","329"
"47658","23"
"47671","354"
"47692","113"
"47742","935990"
"47762","1569384"
"47789","238"
"47809","854"
"47821","4301"
"47887","43"
"47890","2262902"
"48040","1213"
"48053","1060204"
"48058","7049"
"48092","1677395"
"48110","5958"
"48117","698521"
"48139","1897920"
"48154","87309"
"48158","150"
"48187","2758710"
"48206","764"
"48226","1135"
"48249","13"
"48257","574"
"48270","1362"
"48302","60"
"48354","16"
"48378","1122695"
"48391","984"
"48396","95"
"48411","404"
"48422","591804"
"48438","87318"
"48539","1741849"
"48543","1484193"
"48580","41"
"48601","330"
"48607","376161"
"48667","16"
"48705","1476"
"48714","76"
"48735","48"
"48754","515544"
"48774","23"
"48826","437"
"48927","20232"
"48980","768"
"48988","44943"
"49016","39"
"49048","170"
"49056","1508"
"49080","311"
"49086","9277"
"49097","1489"
"49107","7721"
"49163","43"
"49184","91"
"49205","908738"
"49206","636"
"49228","1112"
"49260","1691"
"49274","1104"
"49305","301"
"49332","33"
"49354","4435"
"49356","2205761"
"49441","304"
"49442","1998639"
"49515","490"
"49550","1785016"
"49581","1724433"
"49638","98"
"49647","48"
"49682","2217262"
"49695","54"
"49699","1035403"
"49718","1781"
"49761","2"
"49771","45333"
"49823","212"
"49851","594"
"49859","111"
"50893","2756735"
"50895","202"
"50913","125526"
"50925","43284"
"50970","308931"
"51010","1375854"
"51017","3011299"
"51039","1002"
"51056","43"
"51069","2360975"
"51083","23613"
"51182","1770052"
"51195","1423093"
"51203","2072878"
"51207","43"
"51256","2984328"
"51306","1901136"
"51309","1712"
"51343","394"
"51344","404662"
"51361","591"
"51366","171304"
"51369","1539"
"51413","94"
"51425","0"
"51476","2909358"
"51479","151"
"51554","3755"
"51579","450021"
"51587","689"
"51614","236710"
"51657","433"
"51675","498779"
"51676","16"
"51755","144"
"51784","19"
"51822","12"
"51827","0"
"51843","19"
"51860","1584024"
"51882","1183"
"51936","510"
"51979","686"
"51994","100"
"52000","2833"
"52080","117"
"52136","1372"
"52149","88"
"52158","12"
"52186","230"
"52193","3402106"
"52199","12633"
"52262","506"
"52271","398"
"52278","408"
"52296","230853"
"52372","13"
"52436","2135"
"52447","3222"
"52506","469547"
"52512","313"
"52527","336363"
"52574","2826824"
"52643","2206"
"52658","81"
"52666","1390797"
"52667","148"
"52689","499"
"52699","59"
"52704","399504"
"52728","3251016"
"52735","124573"
"52742","2165755"
"52754","1218657"
"52804","15"
"52828","52"
"52856","153"
"52862","0"
"52863","521585"
"52870","1249267"
"52879","2115613"
"52887","88"
"52920","2318"
"52980","3246598"
"53014","1448"
"53027","25"
"53029","555"
"53041","26"
"53047","340"
"53065","1399"
"53087","32473"
"53104","2647554"
"53162","15"
"53166","308"
"53173","230504"
"53265","493"
"53288","27"
"53305","530863"
"53359","265125"
"53374","0"
"53417","679978"
"53440","22474"
"53448","1081659"
"53474","2276987"
"53528","52"
"53538","345139"
"53573","768271"
"53596","1798783"
"53630","390088"
"53699","3048016"
"53753","84"
"53773","247480"
"53791","1186"
"53841","129"
"53847","43569"
"53864","56219"
"53867","2447503"
"53895","79897"
"53922","1148573"
"53929","905"
"53954","183"
"53974","20"
"53978","101454"
"54007","29"
"54009","174082"
"54027","1310422"
"54055","54"
"54091","0"
"54099","256"
"54163","258"
"54190","400"
"54244","116406"
"54324","2162040"
"54325","496"
"54343","2753469"
"54418","859"
"54454","179812"
"54480","1057805"
"54501","1071"
"54512","86628"
"54547","130527"
"54572","882114"
"54580","194680"
"54590","604"
"54599","81"
"54630","192812"
"54669","499"
"54672","70"
"54706","1184521"
"54732","104969"
"54734","5128"
"54744","46"
"54758","87"
"54770","18"
"54831","43374"
"54850","74"
"54852","322"
"54857","1889"
"54865","142948"
"54929","566"
"54952","1315"
"54967","1606"
"54986","1020"
"55043","308"
"55061","1665971"
"55075","10939"
"55076","9699"
"55083","353016"
"55086","605"
"55104","936"
"55105","0"
"55119","234428"
"55138","3690"
"55139","4129"
"55179","285"
"55180","1603"
"55181","635"
"55185","240"
"55190","44"
"55191","340"
"55197","16860"
"55205","461158"
"55244","22"
"55249","99213"
"55270","284"
"55272","42"
"55283","8390"
"55300","26702"
"55313","996"
"55342","201"
"55354","388"
"55357","216"
"55371","306098"
"55380","25"
"55381","473"
"55387","108"
"55419","1188"
"55456","46"
"55460","894836"
"55467","715"
"55469","0"
"55470","524"
"55514","100"
"55525","258"
"55562","127"
"55580","567859"
"55613","17149"
"55615","693592"
"55618","362"
"55673","15579"
"55703","14784"
"55711","845"
"55712","3281397"
"55718","131"
"55792","261"
"55862","8967"
"55876","644730"
"55971","328"
"55982","886"
"55990","1140"
"56010","105"
"56016","126888"
"56031","53"
"56056","607027"
"56069","1086923"
"56126","24"
"56155","2042"
"56190","370"
"56201","4186"
"56265","337"
"56302","798"
"56347","14189"
"56366","740305"
"56369","38"
"56399","993"
"56401","1145985"
"56405","60"
"56408","1501"
"56417","108"
"56423","112"
"56516","213322"
"56551","405"
"56555","2615"
"56568","543263"
"56609","674254"
"56627","15716"
"56681","322"
"56693","156658"
"56769","530"
"56772","1125"
"56777","660"
"56804","512"
"56809","300"
"56822","56"
"56825","1290"
"56851","1079890"
"56852","358"
"56870","1254"
"56886","1408"
"56895","29896"
"56930","855"
"56978","355"
"57040","743771"
"57055","76167"
"57078","5"
"57087","85872"
"57115","1647268"
"57128","1394"
"57143","1101866"
"57151","74"
"57182","561"
"57203","551"
"57241","35507"
"57252","1366049"
"57268","1194586"
"57302","146"
"57319","72"
"57337","43589"
"57349","58"
"57363","12"
"57378","32"
"57384","160"
"57386","154"
"57397","2952376"
"57406","963"
"57427","90"
"57435","353"
"57504","2001855"
"57509","0"
"57527","2889040"
"57556","390069"
"57615","108"
"57644","42"
"57666","836"
"57688","176993"
"57706","20"
"57715","0"
"57722","86"
"57734","1352801"
"57747","301"
"57754","174623"
"57758","90710"
"57775","4245"
"57776","185745"
"57810","137"
"57819","68"
"57837","1109159"
"57888","1136"
"57896","326"
"57901","52470"
"57933","40605"
"57950","3022151"
"57965","5356"
"58027","19"
"58048","156775"
"58054","322"
"58107","71"
"58115","5808"
"58141","2381"
"58147","39148"
"58155","28133"
"58169","3164"
"58174","194"
"58187","18381"
"58207","1321"
"58208","3762"
"58245","1192"
"58369","889"
"58385","2009774"
"58387","359"
"58388","62"
"58458","21"
"58500","119"
"58511","171"
"58549","569"
"58570","2892845"
"58585","35"
"58586","1950461"
"58597","9010"
"58612","144"
"58617","711"
"58619","89425"
"58626","498643"
"58634","319179"
"58682","398512"
"58693","315039"
"58696","3560"
"58697","960"
"58702","8"
"58719","15420"
"58755","1219"
"58763","342"
"58771","1592333"
"58775","21"
"58793","3942"
"58838","3063291"
"58899","148"
"58937","1338084"
"58947","29"
"58950","2775"
"59042","6934"
"59076","1226274"
"59101","758"
"59126","398"
"59188","897558"
"59217","41"
"59220","506547"
"59233","167"
"59307","1513"
"59320","2372"
"59323","412"
"59383","40"
"59407","501778"
"59411","534541"
"59434","126"
"59452","40"
"59458","129760"
"59469","52116"
"59470","1970670"
"59499","170"
"59500","2074567"
"59517","359449"
"59551","26"
"59574","6381"
"60617","328"
"60630","1908391"
"60638","10209"
"60639","2560563"
"60657","2130855"
"60662","1289"
"60730","1232163"
"60763","71874"
"60794","0"
"60815","233503"
"60826","56"
"60857","2631"
"60867","17"
"60877","98"
"60892","19"
"60919","44"
"60959","39295"
"61043","2322889"
"61049","93"
"61053","605"
"61061","386"
"61094","1595382"
"61110","16598"
"61123","3036009"
"61173","49"
"61177","1065016"
"61190","829"
"61198","1613"
"61210","272"
"61279","129806"
"61325","954598"
"61386","626"
"61395","272"
"61409","7462"
"61446","28"
"61479","1369371"
"61535","8"
"61556","1119159"
"61580","1607614"
"61601","2429"
"61613","889512"
"61647","1418610"
"61649","39"
"61666","2119"
"61839","88479"
"61890","1101211"
"61897","658"
"61900","156"
"61966","2026"
"61967","432320"
"61984","974930"
"62046","456"
"62047","17"
"62056","10176"
"62080","24085"
"62147","219"
"62183","963909"
"62190","2462360"
"62212","3207679"
"62260","1003"
"62268","16777"
"62276","53"
"62351","247"
"62376","171277"
"62386","68"
"62409","799072"
"62413","63"
"62414","32"
"62420","9649"
"62441","3404"
"62464","8880"
"62483","855384"
"62500","4535"
"62517","307"
"62521","1722047"
"62589","312"
"62590","1909419"
"62600","400119"
"62613","30"
"62644","48"
"62686","11425"
"62708","9585"
"62731","3001"
"62769","1586224"
"62802","154"
"62835","227914"
"62930","1959327"
"62940","18751"
"63003","972"
"63036","4"
"63046","258219"
"63097","1912811"
"63130","301"
"63139","170"
"63177","7310"
"63179","1933857"
"63181","43231"
"63191","22"
"63215","192"
"63218","33102"
"63219","1928380"
"63315","1704482"
"63396","106"
"63416","86559"
"63431","3454"
"63432","46058"
"63493","19"
"63500","2602"
"63561","45"
"63593","54"
"63617","14"
"63634","179"
"63727","17"
"63734","70"
"63800","608"
"63821","17501"
"63867","1539821"
"63881","49"
"63905","1820750"
"63907","47"
"63920","34"
"63942","591"
"63944","76772"
"63946","1975097"
"63952","8166"
"64029","1429"
"64040","709"
"64052","2986765"
"64054","1974"
"64055","589"
"64080","1080963"
"64094","2602877"
"64111","4445"
"64125","2125197"
"64146","126"
"64161","2970431"
"64182","634"
"64186","562"
"64188","356"
"64191","148"
"64211","230"
"64215","1906336"
"64282","319809"
"64286","319783"
"64334","16"
"64339","9493"
"64341","36"
"64410","309125"
"64422","480281"
"64437","322"
"64443","1834953"
"64458","196"
"64494","36"
"64529","1430"
"64562","1850"
"64624","89"
"64638","312130"
"64660","235965"
"64690","50"
"64722","70244"
"64740","129823"
"64754","45037"
"64773","282838"
"64884","1903428"
"64915","803061"
"64920","150"
"64931","361741"
"64937","77"
"64968","1874747"
"64979","4045"
"64983","4161"
"64989","305856"
"65021","87771"
"65083","920244"
"65097","31805"
"65104","11532"
"65122","1515"
"65136","293491"
"65142","2464755"
"65153","2399614"
"65184","301134"
"65186","44046"
"65299","4438"
"65319","71"
"65396","27"
"65403","84"
"65459","1461141"
"65461","79"
"65463","764869"
"65494","2043412"
"65516","655245"
"65522","359473"
"65526","1058158"
"65537","976"
"65544","295050"
"65545","43374"
"65586","88063"
"65591","43722"
"65625","2806561"
"65639","238"
"65731","172904"
"65761","606"
"65769","854885"
"65793","2089534"
"65803","180"
"65815","1326"
"65824","970502"
"65836","1394"
"65869","131692"
"65871","217864"
"65872","2455247"
"65885","196083"
"65901","7"
"65912","18983"
"65917","885"
"65918","97759"
"65930","1867"
"65975","693"
"66000","5566"
"66003","1781229"
"66016","366187"
"66019","196"
"66026","1134"
"66051","1848"
"66071","333273"
"66076","213278"
"66098","13196"
"66142","676"
"66159","233"
"66166","124059"
"66217","132296"
"66225","728"
"66251","1483025"
"66252","1243427"
"66272","2405491"
"66283","143702"
"66310","1775631"
"66318","4840"
"66361","226"
"66376","618"
"66436","527"
"66446","61"
"66466","2059"
"66472","596"
"66475","2457"
"66508","268"
"66510","94"
"66523","884078"
"66533","15165"
"66559","35994"
"66592","958525"
"66632","97"
"66639","2519"
"66653","3091"
"66675","785"
"66688","397496"
"66798","647465"
"66825","51"
"66883","841534"
"66908","19945"
"66946","19"
"66949","352231"
"66963","155"
"67011","59"
"67075","1200"
"67092","131832"
"67093","738"
"67145","1329262"
"67168","996188"
"67184","10"
"67205","364"
"67346","20398"
"67349","696"
"67452","658"
"67474","26"
"67514","263276"
"67539","17451"
"67596","433040"
"67608","35"
"67630","2439195"
"67646","410"
"67695","466"
"67700","1188189"
"67707","1045909"
"67710","2559503"
"67712","2632365"
"67727","593"
"67730","0"
"67735","683286"
"67767","109"
"67790","2658461"
"67834","199"
"67835","1383"
"67892","350"
"67907","171"
"67939","1162640"
"67942","17"
"67968","17"
"68059","367"
"68063","763"
"68122","21750"
"68123","2145"
"68139","558"
"68142","1448"
"68158","125"
"68168","164345"
"68171","2"
"68190","429683"
"68214","8495"
"68216","1050858"
"68221","7641"
"68227","5975"
"68234","1283"
"68239","1408"
"68240","1009"
"68243","20"
"68245","49"
"68248","0"
"68261","9806"
"68266","397"
"68272","1603921"
"68296","332"
"68304","1177174"
"68317","54"
"68325","7036"
"68327","153005"
"68345","117"
"68347","519439"
"68353","2109043"
"68405","16315"
"68408","577"
"68437","2627285"
"68442","2662"
"68459","101"
"68478","1820"
"68500","232881"
"68506","114947"
"68539","328"
"68566","170412"
"68580","93"
"68600","109"
"68624","931011"
"68631","14"
"68670","39"
"68671","15"
"68699","3521"
"68740","423"
"68748","2731"
"68780","649384"
"68783","447240"
"68785","30608"
"68794","134"
"68807","1723"
"68818","1545"
"68827","401"
"68847","1130"
"68877","1933"
"68890","111"
"68892","239"
"68918","1254069"
"68956","308"
"68972","33"
"68975","3066210"
"69002","9436"
"69025","186"
"69037","24"
"69074","64814"
"69092","27"
"69107","64195"
"69239","2866485"
"69273","3264"
"69288","1087"
"69289","16"
"69290","60800"
"69333","39"
"69340","43990"
"69356","111576"
"69362","43531"
"69392","186035"
"69398","18"
"69432","936410"
"69453","21"
"69459","1530090"
"70463","174129"
"70467","169"
"70477","1479"
"70550","115528"
"70571","466380"
"70579","132484"
"70601","116522"
"70605","4716"
"70632","1781713"
"70684","100"
"70695","80"
"70756","2077935"
"70776","1087"
"70818","287357"
"70848","429719"
"70863","1832"
"70894","28"
"70900","137"
"70914","62"
"70933","476"
"70940","129662"
"70963","1489"
"70982","903506"
"71003","416"
"71023","314"
"71031","528778"
"71046","504151"
"71134","2642281"
"71169","2328304"
"71181","5"
"71250","497306"
"71252","35"
"71334","259416"
"71356","889236"
"71389","11544"
"71402","868"
"71410","245"
"71427","632"
"71449","1825069"
"71503","330"
"71573","78"
"71619","652176"
"71665","45922"
"71684","58"
"71689","26475"
"71696","892"
"71728","100"
"71748","27"
"71761","13072"
"71816","1299"
"71843","2871555"
"71867","1651924"
"71891","1422"
"71925","29"
"71957","643"
"71979","55"
"71986","95195"
"72039","587794"
"72041","22"
"72043","228"
"72050","29388"
"72117","2273"
"72125","127"
"72146","1512"
"72163","239897"
"72182","2471616"
"72217","134558"
"72237","11"
"72304","51"
"72317","119"
"72319","81"
"72327","252"
"72338","567731"
"72339","180"
"72365","302698"
"72385","9"
"72401","150"
"72402","152619"
"72407","140"
"72457","982"
"72486","9844"
"72501","801879"
"72510","610"
"72535","99497"
"72551","1798"
"72557","1679322"
"72582","1174330"
"72589","988451"
"72606","62"
"72647","226"
"72650","3271"
"72653","2575567"
"72656","1125363"
"72698","259800"
"72755","1327"
"72765","40"
"72766","33"
"72783","471"
"72792","2224738"
"72855","485"
"72875","22"
"72914","199"
"72935","149"
"72999","597"
"73031","686601"
"73059","36"
"73090","860870"
"73136","187998"
"73145","38"
"73147","1516178"
"73158","1562"
"73185","96"
"73204","9998"
"73214","19"
"73217","1490550"
"73223","611"
"73276","929165"
"73331","842751"
"73338","5993"
"73344","925017"
"73369","1965996"
"73406","432322"
"73417","2851417"
"73433","194"
"73445","233"
"73451","1511785"
"73469","131"
"73476","2211132"
"73479","2975855"
"73492","65"
"73536","2484299"
"73584","540522"
"73652","145"
"73678","119319"
"73689","1683865"
"73701","863"
"73717","432611"
"73718","476"
"73744","1769899"
"73750","8805"
"73756","597045"
"73759","35"
"73792","1819038"
"73834","1904939"
"73861","142"
"73878","1227713"
"73911","1757509"
"73926","36"
"73929","2946"
"73941","61"
"73956","649647"
"73970","309"
"73980","3335"
"73998","83"
"74058","120984"
"74060","126"
"74106","42"
"74153","1728084"
"74159","0"
"74169","3259"
"74201","467997"
"74209","1323"
"74216","304"
"74254","2803423"
"74259","750583"
"74296","3119"
"74341","43874"
"74346","9186"
"74353","1034268"
"74360","20"
"74382","134"
"74429","19294"
"74480","143"
"74484","1347"
"74487","1011"
"74520","335863"
"74547","240"
"74586","2658460"
"74595","30"
"74613","60"
"74656","1717725"
"74674","2768919"
"74695","2079587"
"74725","1117"
"75735","307288"
"75790","10106"
"75798","871"
"75814","6132"
"75848","55294"
"75867","797"
"75924","95300"
"75938","316957"
"75942","1785"
"75956","2136135"
"75958","3178"
"75996","326"
"75997","100"
"76014","2354"
"76060","17"
"76065","937557"
"76070","577889"
"76101","119442"
"76114","1060007"
"76167","33"
"76184","719"
"76373","2500"
"76413","69"
"76486","389994"
"76492","454995"
"76535","207"
"76544","131"
"76577","1941"
"76588","98"
"76610","7494"
"76670","42"
"76680","110098"
"76693","1823418"
"76715","665"
"76779","1495"
"76804","1644355"
"76816","1976088"
"76842","345"
"76845","2442357"
"76873","352"
"76895","1323"
"76903","470"
"76914","54"
"76951","993"
"76999","8750"
"77020","270"
"77031","73"
"77039","11222"
"77112","1500276"
"77122","866531"
"77127","320868"
"77147","102"
"77156","0"
"77166","9512"
"77177","36"
"77193","6030"
"77204","755"
"77230","2189"
"77241","371037"
"77320","2385672"
"77336","1476154"
"77366","45609"
"77371","5219"
"77420","528"
"77428","781166"
"77439","386"
"77445","466"
"77488","687"
"77495","29"
"77507","6"
"77515","57545"
"77522","112982"
"77532","1323623"
"77549","2456114"
"77554","566209"
"77591","125"
"77600","878"
"78634","103"
"78733","1052"
"78744","165100"
"78817","1576"
"78860","583673"
"78888","6763"
"78907","202472"
"78940","1022349"
"78960","147123"
"78998","329"
"79054","1901646"
"79072","685328"
"79088","258978"
"79098","128309"
"79107","90724"
"79118","1210250"
"79161","729416"
"79172","2708"
"79230","1040305"
"79253","2377"
"79274","338"
"79317","683"
"79378","931359"
"79423","405"
"79427","61"
"79438","114"
"79456","1624"
"79479","1871"
"79492","452"
"79506","35"
"79550","1581"
"79566","45874"
"79573","86869"
"79583","2033"
"79591","0"
"79611","1920"
"79665","749797"
"79671","769"
"79684","96"
"79702","1863"
"79744","650"
"79760","114"
"79852","122"
"79875","1035"
"79897","97"
"79904","0"
"79921","486"
"79925","825159"
"79943","28"
"79976","660"
"79997","70153"
"80003","1012"
"80005","17"
"80010","2461"
"80029","43"
"80084","91"
"80089","2765926"
"80098","36547"
"80157","1023076"
"80170","776415"
"80197","739851"
"80210","9305"
"80217","2479"
"80222","45587"
"80233","1671"
"80235","679"
"80251","59418"
"80254","28"
"80267","11982"
"80280","1323425"
"80304","0"
"80351","165"
"80360","3549"
"80393","32"
"80441","415"
"80454","1658023"
"80484","1541"
"80540","155"
"80608","81"
"80624","113"
"80627","398"
"80655","50"
"80685","138"
"80699","1227"
"80715","350"
"80729","280"
"80748","60"
"80786","56"
"80791","771803"
"80797","2587870"
"80803","757902"
"80814","25906"
"80905","1295"
"80929","220"
"80989","18"
"80998","1506"
"81004","1182"
"81026","624"
"81032","292"
"81101","665"
"81106","1607180"
"81152","824"
"81186","671677"
"81202","622"
"81215","1433256"
"81218","204"
"81235","15808"
"81250","1394"
"81285","699111"
"81305","51"
"81316","11755"
"81427","122"
"81435","394"
"81478","628"
"81501","716346"
"81507","1624"
"81525","839"
"81578","420"
"81614","102"
"81658","123788"
"81726","41"
"81758","24384"
"81824","2728363"
"81826","119"
"81832","335"
"81845","128014"
"81867","218210"
"81929","347"
"81956","124"
"81962","32"
"81980","914"
"82029","66"
"82071","663566"
"82080","86"
"82083","6351"
"82129","1464240"
"82173","76"
"82189","428"
"82212","256416"
"82235","12420"
"82249","72"
"82262","1113931"
"82264","228"
"82280","239478"
"82285","5972"
"82330","19"
"82346","13"
"82359","1030"
"82413","706"
"82437","237"
"82562","19162"
"82568","6043"
"82575","295"
"82596","4256"
"82630","422"
"82652","157150"
"82677","162"
"82700","50"
"82722","52"
"82771","2540635"
"82787","14"
"82869","43"
"82879","2035407"
"82917","93"
"82932","2618255"
"82941","18"
"82976","335334"
"82997","634147"
"83000","2741484"
"83001","1111893"
"83029","115"
"83054","0"
"83068","668"
"83089","521854"
"83097","133"
"83099","55821"
"83138","1463707"
"83142","209"
"83147","1196066"
"83150","63"
"83166","41"
"83171","259353"
"83185","239000"
"83214","234"
"83222","506"
"83231","719"
"83239","463010"
"83263","27"
"83327","125"
"83331","252040"
"83356","247935"
"83361","39"
"83365","250"
"83385","0"
"83402","750672"
"83403","278"
"83407","2585"
"83436","32"
"83440","19"
"83469","173"
"83478","170"
"83503","2556"
"83518","492"
"83531","150"
"83549","710"
"83624","620"
"83631","554"
"83667","934490"
"83748","14006"
"83764","1374238"
"83772","292"
"83776","582496"
"83783","71"
"83800","931990"
"83805","180852"
"83815","216747"
"83843","86391"
"83862","841"
"83898","52"
"83935","22"
"83937","913"
"83948","319"
"83961","223139"
"83980","1084"
"84058","357"
"84060","953"
"84082","762368"
"84093","127"
"84096","0"
"84128","917"
"84162","1224858"
"84172","416"
"84205","469653"
"84209","1771"
"84214","37"
"84240","5654"
"84276","3563"
"84349","79"
"84377","488"
"84384","131"
"84403","21"
"84410","66"
"84422","5800"
"84443","287058"
"84461","0"
"84465","4234"
"84468","230"
"84507","185630"
"84509","957"
"84518","125"
"84525","201"
"84529","52"
"84540","2031435"
"84623","251247"
"84673","4456"
"84681","3670"
"84704","2174627"
"84733","2417558"
"84747","0"
"84779","33"
"84781","38"
"84810","1766564"
"84824","1972002"
"84827","316"
"84839","45929"
"84851","193"
"84921","717"
"84923","596325"
"84924","2253"
"84934","89695"
"84993","375"
"85066","89507"
"85149","1491600"
"85158","80"
"85162","775"
"85167","154352"
"85214","150"
"85223","2759"
"85228","912167"
"85251","981"
"85275","1494"
"85295","3233"
"85298","375"
"85319","1333"
"85406","529"
"85410","1935"
"85446","389235"
"85478","42"
"85546","0"
"85551","66"
"85689","316834"
"85694","90"
"85698","391980"
"85718","1219"
"85746","193"
"85764","1044096"
"85767","849"
"85770","129"
"85773","129127"
"85801","159295"
"85812","430"
"85813","2171920"
"85816","481"
"85818","11218"
"85845","19"
"85857","56655"
"85862","2430452"
"85877","87214"
"85886","580250"
"85919","104"
"85946","14"
"85998","250"
"86010","1011"
"86012","44"
"86024","0"
"86042","808"
"86060","200"
"86073","2872"
"86210","840"
"86317","2827"
"86359","2897"
"86370","139"
"86440","85642"
"86446","12"
"86465","1539"
"86495","526"
"86536","488"
"86537","415"
"86559","89"
"86561","43124"
"86609","980221"
"86655","1167"
"86659","81"
"86692","1600"
"86704","1040"
"86757","478"
"86759","143131"
"86760","528"
"86773","829"
"86778","362"
"86779","1847"
"86788","1173747"
"86791","36"
"86821","134"
"86834","28"
"86838","18"
"86893","214"
"86900","0"
"86908","3033"
"86916","346468"
"86921","186"
"86940","0"
"86971","257"
"87045","478"
"87067","56"
"87073","414"
"87110","144"
"87114","1098"
"87124","215"
"87194","738"
"87207","1157"
"87225","11"
"87278","1157"
"87298","1280"
"87340","1943"
"87343","2763370"
"87384","4442"
"87387","806411"
"87403","2115568"
"87421","10"
"87447","1240"
"87460","121"
"87499","992481"
"87525","203"
"87571","897"
"87579","4333"
"88596","387"
"88629","486056"
"88665","1666"
"88706","1572826"
"88750","73"
"88774","97"
"88805","19"
"88900","883"
"88904","188025"
"88910","1084"
"88925","9"
"88935","562206"
"88939","661131"
"88948","169"
"88954","1447"
"88971","1232"
"88973","1493792"
"88998","51"
"89004","217"
"89011","502"
"89048","27857"
"89057","70"
"89062","6167"
"89074","163"
"89105","61559"
"89111","23765"
"89125","996393"
"89139","401"
"89183","423866"
"89266","35893"
"89289","328"
"89334","462476"
"89339","176"
"89341","143"
"89361","329608"
"89369","128453"
"89431","6501"
"89487","2329"
"89491","120"
"89500","588574"
"89502","211545"
"89505","594546"
"89546","892"
"89576","256"
"89582","324"
"89589","222"
"89599","2573526"
"89605","1593"
"89607","133"
"89619","1182"
"89642","786"
"89669","133968"
"89670","34"
"89684","308"
"89689","1942619"
"89756","84"
"89834","244"
"89859","87"
"89869","8371"
"89897","359502"
"89903","1052519"
"89905","79"
"89920","601"
"89924","887"
"89927","834770"
"89929","2078"
"89962","1643769"
"89976","260906"
"90001","1853"
"90009","476805"
"90012","43394"
"90023","520168"
"90049","972"
"90105","5672"
"90115","242685"
"90118","0"
"90119","158"
"90191","5928"
"90226","61"
"90297","131"
"90314","3"
"90341","126"
"90377","1079"
"90402","32"
"90434","1136"
"90486","509969"
"90503","8311"
"90520","56"
"90558","67"
"90565","1563"
"90607","94564"
"90725","155"
"90732","510"
"90738","1579"
"90749","586"
"90787","97"
"90799","561"
"90809","224"
"90821","119"
"90822","45"
"90828","34"
"90842","653272"
"90932","1757721"
"90962","8889"
"90964","33783"
"90994","724194"
"91001","1985"
"91028","259"
"91041","49"
"91055","384"
"91109","1531765"
"91148","561327"
"91164","1454"
"91165","1778540"
"91170","7164"
"91195","1407"
"91199","130"
"91264","497"
"91266","364"
"91334","20822"
"91347","846075"
"91427","16"
"91466","357"
"91486","43280"
"91526","192969"
"91548","423193"
"91560","45319"
"91573","3835"
"91641","1794"
"91652","514"
"91692","66009"
"91722","20"
"91737","33"
"91755","32"
"91762","257"
"91783","223409"
"91843","9125"
"91875","41143"
"91979","482133"
"91990","36264"
"92008","2599128"
"92051","1336"
"92058","677"
"92085","82"
"92130","58"
"92136","0"
"92137","1401436"
"92139","0"
"92164","10"
"92309","952"
"92356","73"
"92396","80"
"92405","72"
"92430","1164"
"92441","597187"
"92442","933812"
"92494","27"
"92526","8213"
"92538","6875"
"92543","2219"
"92555","3715"
"92602","91"
"92622","1460471"
"92647","343"
"92655","288354"
"92717","608"
"92775","369684"
"92780","6874"
"92788","135"
"92790","3136"
"92806","4081"
"92809","130429"
"92852","7385"
"92903","346279"
"93016","35"
"93021","290"
"93053","58"
"93098","24"
"93137","2404946"
"93171","1310"
"93191","390"
"93220","1204214"
"93242","121178"
"93245","2579435"
"93255","958138"
"93296","0"
"93342","239"
"93389","3538"
"93438","203"
"93445","996"
"93446","26802"
"93453","18"
"93463","160"
"93466","172"
"93499","7171"
"93511","158257"
"93524","2093717"
"93535","978388"
"93550","1129"
"93565","530733"
"93631","955"
"93670","189"
"93695","240898"
"93765","429"
"93780","1321889"
"93789","1351351"
"93820","446063"
"93851","1112"
"93852","185"
"93854","468"
"93869","2370"
"93876","113"
"93893","210"
"93933","1487"
"93939","60805"
"93993","138883"
"94143","924"
"94154","1037"
"94208","41"
"94292","800"
"94305","174"
"94306","3556"
"94331","178997"
"94346","0"
"94349","403"
"94356","6531"
"94419","571"
"94449","86"
"94493","674384"
"94501","1032"
"94521","38"
"94584","800"
"94592","170"
"94606","153"
"94638","147"
"94680","346402"
"94682","2683"
"94707","1324"
"94729","18"
"94730","1319351"
"94756","108"
"94763","669428"
"94810","3296"
"94815","132"
"94820","36"
"94870","173319"
"94885","1423771"
"94886","782"
"94895","15849"
"94906","20"
"95001","839"
"95017","1432605"
"95052","2950"
"95069","656614"
"95078","966"
"95161","55"
"95165","563559"
"95186","33"
"95217","775"
"95256","208"
"95262","210"
"95286","483622"
"95304","2514402"
"95308","6550"
"95311","0"
"95362","1362371"
"95369","164"
"95440","2121126"
"95558","118"
"95576","4197"
"95588","1171"
"95597","205"
"95650","1806"
"95659","1999"
"95669","1246452"
"95670","146"
"95703","1064825"
"95706","2488"
"95729","154"
"95771","507546"
"95776","27"
"95849","2025"
"95891","1700"
"95909","575885"
"95929","799541"
"95946","2479569"
"95967","380656"
"95984","32"
"96004","2234685"
"96075","410744"
"96088","43375"
"96089","1694840"
"96109","97"
"96114","745726"
"96134","550789"
"96178","4109"
"96204","43279"
"96214","4"
"96227","330694"
"96228","87"
"96244","191946"
"96246","3729"
"96248","11"
"96258","410296"
"96285","1009"
"96299","865173"
"96316","1928774"
"96366","298"
"96401","38344"
"96405","437"
"96417","140"
"96418","140"
"96437","1263498"
"96447","78"
"96467","127"
"96472","182"
"96489","39"
"96504","520"
"96508","1450114"
"96520","235"
"96568","273553"
"96636","871482"
"96668","5"
"96698","160218"
"96736","16954"
"96737","19"
"96743","157"
"96745","140"
"96752","258"
"96761","2344"
"96867","1289"
"96914","22"
"96933","2550"
"96942","822"
"96985","101321"
"96997","30"
"96999","917992"
"97079","329"
"97167","224"
"97175","1484"
"97232","283"
"97241","73"
"97244","129968"
"97256","233"
"97277","313"
"97292","21"
"97293","22696"
"97313","87477"
"97319","363"
"97324","4963"
"97469","54"
"97524","49"
"97556","623"
"97698","49885"
"97704","3550"
"97739","2774"
"97751","587103"
"97768","144"
"97772","440"
"97790","102"
"97798","161"
"97825","2131401"
"97855","1936557"
"97856","436125"
"97873","580869"
"97878","222"
"97879","342"
"97902","43232"
"97908","25"
"97952","456"
"98017","667746"
"98025","311887"
"98087","416"
"98088","465077"
"98102","1445"
"98105","627"
"98130","71"
"98153","2661"
"98156","43762"
"98161","779515"
"98165","401624"
"98197","112679"
"98201","24499"
"98207","2202826"
"98213","19"
"98270","312608"
"98316","54"
"98339","161"
"98372","6787"
"98385","21333"
"98400","1343989"
"98405","459"
"98412","7591"
"98422","55"
"98442","149"
"98458","6601"
"98488","381468"
"98492","1210"
"99503","343"
"99523","464232"
"99570","5443"
"99628","118"
"99646","532454"
"99676","565531"
"99701","1930352"
"99767","1324801"
"99791","45"
"99926","1102049"
"99944","498374"
"100019","983"
"100069","150794"
"100113","647680"
"100129","417381"
"100131","483834"
"100151","43546"
"100156","962"
"100211","494"
"100218","88295"
"100272","31"
"100284","132151"
"100308","647900"
"100311","112980"
"100321","1776876"
"100384","12"
"100388","1589540"
"100398","302175"
"100454","67655"
"100492","307291"
"100519","245477"
"100528","132"
"100536","92"
"100545","1291"
"100548","1995982"
"100557","48910"
"100620","16831"
"100662","2963"
"100665","2537562"
"100700","670707"
"100724","604900"
"100734","1488647"
"100761","106629"
"100769","1494537"
"100820","576"
"100893","170"
"100898","160"
"100903","1683"
"100921","0"
"100984","14"
"101000","851"
"101018","350"
"101055","23"
"101070","129858"
"101089","523"
"101104","135"
"101119","1971"
"101124","132602"
"101141","295820"
"101180","875"
"101263","26"
"101267","2179688"
"101363","1616400"
"101404","457203"
"101423","1327"
"101434","86520"
"101441","14"
"101479","79977"
"101485","38"
"101489","1298202"
"101601","112"
"101686","526"
"101715","300"
"101737","855"
"101739","711474"
"101770","1407820"
"101801","469"
"101860","73142"
"101864","87218"
"101872","388923"
"101899","201959"
"101925","31"
"101938","11845"
"101942","170"
"102008","167"
"102013","2279315"
"102073","670"
"102085","323"
"102105","11"
"102122","33"
"102125","332"
"102182","321886"
"102193","453"
"102261","9580"
"102297","19"
"102352","1297"
"102378","1362974"
"102393","120134"
"102412","52"
"102424","2409"
"102430","172"
"102454","148"
"102461","341144"
"102464","10317"
"102465","64"
"102473","113"
"102519","260"
"102524","81"
"102545","1234"
"102554","1224147"
"102642","621749"
"102676","1832832"
"102727","71"
"102734","61548"
"102758","101453"
"102765","256"
"102776","382943"
"102797","1581"
"102800","58"
"102816","408432"
"102822","15"
"102833","43494"
"102860","1386"
"102871","575"
"102885","43780"
"102913","13"
"102922","731321"
"102928","470"
"103012","13778"
"103018","288"
"103042","37882"
"103140","625077"
"103179","17"
"103184","503"
"103185","459"
"103206","2108407"
"103207","121"
"103222","11"
"103226","2354554"
"103314","34"
"103323","11662"
"103346","1893792"
"103377","83415"
"103384","43"
"103407","3258"
"103427","1621080"
"103539","12"
"103652","11226"
"103672","1366548"
"103712","187880"
"103750","952071"
"103779","1681947"
"103791","23"
"103798","0"
"103804","309"
"103879","371"
"103883","2857"
"103894","162"
"103895","29511"
"103936","306339"
"103937","1156"
"103957","1425"
"104001","87425"
"104009","57"
"104030","359"
"104090","987474"
"104109","1016"
"104145","76688"
"104147","116911"
"104160","1963679"
"104167","245578"
"104202","705"
"104206","3"
"104228","522"
"104271","18559"
"104276","836"
"104277","44190"
"104310","23"
"104330","67"
"104362","43683"
"104365","412"
"104440","195"
"104495","1274"
"104508","225"
"104543","2551"
"104549","401"
"104571","1901822"
"104630","678"
"104667","91067"
"104679","41"
"104689","1057"
"104705","1069"
"104737","391707"
"104738","490752"
"104780","1107364"
"104813","1853"
"104899","27461"
"105004","787"
"105006","285"
"105019","118"
"105073","62"
"105095","245"
"105104","2024971"
"105116","153"
"105184","5576"
"105195","678"
"105198","1874490"
"105201","69"
"105204","43974"
"105205","246506"
"105215","60"
"105230","43"
"105262","1210"
"105263","2321990"
"105268","850397"
"105276","1261"
"105289","19"
"105416","710"
"105432","81"
"105475","34519"
"105494","189270"
"105495","693314"
"105500","87915"
"105547","909"
"105617","2269582"
"105675","474885"
"105700","1038"
"105723","566"
"105753","998"
"105756","31"
"105773","321"
"105777","2139"
"105817","106462"
"105901","121"
"105911","7621"
"105922","48"
"105924","18"
"105956","74"
"106036","263"
"106040","326"
"106087","246"
"106105","402"
"106112","1002600"
"106171","419733"
"106234","972178"
"106238","123"
"106269","120"
"106288","411001"
"106293","16"
"106298","79"
"106305","2449869"
"106316","614"
"106337","33964"
"106434","593"
"106463","41"
"106473","78"
"106490","905"
"106494","8"
"106526","190"
"106538","102"
"106562","22"
"106603","75"
"106628","4270"
"106661","0"
"106686","1343402"
"106689","8248"
"106702","57"
"106708","5062"
"106722","61"
"106727","225"
"106728","2348"
"106729","40"
"106737","1722848"
"106768","24375"
"106780","27"
"106831","253"
"106840","691834"
"106843","125378"
"106853","102"
"106907","60"
"106931","72"
"106940","335466"
"106972","2646"
"106974","15"
"106995","7"
"107022","26"
"107036","42"
"107074","122137"
"107079","0"
"107087","906"
"107157","204"
"107178","58"
"107238","303795"
"107248","18"
"107316","1177"
"107361","864"
"107373","43443"
"107374","130"
"107425","359"
"107438","343"
"107482","1345"
"107498","16"
"107505","43408"
"107527","1424"
"107570","0"
"107709","1162"
"107731","1665227"
"107738","97"
"107741","1187311"
"107810","773"
"107828","642397"
"107844","477"
"107865","437"
"107906","3583"
"107913","780"
"107967","36889"
"107968","1617933"
"107975","3321"
"107986","18"
"108012","233510"
"108022","54"
"108077","111"
"108078","487"
"108102","4968"
"108121","59"
"108129","675"
"108177","767"
"108188","175"
"108230","45"
"108269","12768"
"108284","3981"
"108314","1617"
"108399","1385"
"108428","328899"
"108437","189"
"108472","23830"
"108532","42"
"108552","933"
"108559","1407421"
"108602","30535"
"108615","553"
"108625","1235232"
"108653","1291571"
"108693","463823"
"108696","10360"
"108739","40582"
"108752","737"
"108776","54"
"108779","216"
"108835","2439519"
"108844","471"
"108867","922"
"108883","487"
"108909","214"
"108943","27587"
"108946","600471"
"108969","708"
"108971","34"
"108973","429022"
"109057","411570"
"109075","806600"
"109139","11481"
"109163","354257"
"109197","18040"
"109228","28"
"109293","1733903"
"109328","1339"
"109346","532432"
"109358","3632"
"109374","5997"
"109384","20083"
"109413","63"
"109415","753"
"109435","66"
"109442","128"
"109580","71"
"109588","849"
"109608","47"
"109628","279"
"109639","635"
"109669","24"
"109678","704"
"109688","2093163"
"109694","105"
"109763","123"
"109775","365"
"109786","112"
"109814","1177017"
"109828","289"
"109855","430"
"109874","936383"
"109875","2219389"
"109877","463"
"109902","1147"
"109907","528963"
"109929","2183"
"109931","2278"
"109942","216929"
"109954","1146755"
"109961","87"
"109980","60"
"110018","3"
"110051","1950"
"110057","72"
"110120","74740"
"110126","466"
"110151","338"
"110162","117314"
"110171","2635"
"110181","1589830"
"110183","411"
"110219","280"
"110221","29"
"110240","91"
"110291","15"
"110300","16"
"110307","229"
"110308","47"
"110310","539"
"110316","929"
"110334","678008"
"110351","677517"
"110355","133702"
"110442","11"
"110452","2129302"
"110480","3201"
"110525","10"
"110570","1516755"
"110620","204668"
"110634","0"
"110639","1552041"
"110725","1891"
"110784","372"
"110816","588"
"110859","82584"
"110862","44548"
"110900","1016"
"110903","1200317"
"110914","142484"
"110931","764"
"110936","198"
"110954","217"
"111013","598"
"111044","916"
"111059","105"
"111110","523"
"111113","21"
"111116","218"
"111121","44537"
"111145","12"
"111172","665105"
"111176","25881"
"111179","173434"
"111206","1481630"
"111222","332582"
"111249","43453"
"111250","308"
"111336","132"
"111340","541"
"111370","271"
"111393","2238"
"111410","4698"
"111415","43"
"111431","96"
"111458","51"
"111473","1279"
"111482","878"
"111594","2047274"
"111686","1760726"
"111688","139"
"111691","0"
"111752","1719"
"111776","98"
"111787","1121951"
"111789","59"
"111805","1383"
"111824","79"
"111825","1096"
"111840","1113"
"111859","21713"
"111883","714455"
"111955","909"
"111964","843"
"111976","2335"
"112065","19"
"112069","14"
"112149","19"
"112159","52"
"112184","20"
"112185","2102"
"112204","101"
"112210","220041"
"112221","36"
"112229","885"
"112302","30"
"112327","117307"
"112342","71919"
"112357","149"
"112376","90"
"112406","210"
"112407","15860"
"112409","1103"
"112497","415304"
"112528","2623"
"112536","1216"
"112549","54"
"112572","88"
"112579","23"
"112654","1445"
"112662","115"
"112878","4575"
"112888","43262"
"112892","57"
"112910","1697655"
"112915","390023"
"112950","271"
"112997","427"
"113068","46"
"113084","594"
"113098","1412"
"113111","79"
"113122","37"
"113166","909"
"113167","44313"
"113173","245"
"113226","122"
"113278","874"
"113313","151"
"113318","37"
"113347","2336727"
"113352","6951"
"113395","1427"
"113402","14"
"113451","63"
"113472","214932"
"113481","172"
"113492","73"
"113508","168391"
"113524","450043"
"113543","1988391"
"113568","45562"
"114633","1215716"
"114685","406599"
"114686","764443"
"114820","19"
"114840","83"
"114841","1638"
"114856","258"
"114882","0"
"114892","466"
"114996","238"
"115009","66"
"115052","1525"
"115125","59"
"115142","8"
"115156","1115582"
"115204","18546"
"115255","43875"
"115276","0"
"115280","26"
"115284","738033"
"115285","22315"
"115309","309"
"115320","529310"
"115342","725"
"115353","1170829"
"115370","510"
"115395","72"
"115427","10"
"115447","2247"
"115467","413632"
"115540","62"
"115604","91"
"115677","64"
"115683","221"
"115697","547"
"115703","767"
"115706","1241"
"115747","86518"
"115766","1643757"
"115769","31146"
"115790","287926"
"115794","1660027"
"115832","525991"
"115844","1376831"
"115847","57"
"115855","1760617"
"115949","2232"
"115967","50"
"115969","270"
"115995","146"
"116027","361544"
"116031","17"
"116091","17"
"116110","1131"
"116113","2834"
"116137","41"
"116139","5212"
"116171","66"
"116192","904285"
"116202","1824"
"116211","143885"
"116235","0"
"116283","294"
"116285","129823"
"116301","2873"
"116331","1980"
"116332","1425"
"116367","1967"
"116371","201521"
"116447","480"
"116561","855456"
"116562","349"
"116600","822"
"116610","274"
"116629","11632"
"116631","155"
"116654","765783"
"116699","1092568"
"116753","634"
"116774","140100"
"116792","1144"
"116816","88971"
"116837","426"
"116898","411045"
"116929","2267816"
"116958","62"
"116982","220"
"116995","537"
"116998","362"
"117018","87329"
"117057","20"
"117073","84"
"117101","202391"
"117137","38"
"117195","1326394"
"117250","1478344"
"117260","325885"
"117268","35"
"117269","336"
"117291","356"
"117293","1062"
"117325","1069"
"117338","2372"
"117384","23"
"117394","1599"
"117395","34"
"117467","101"
"117530","2098145"
"117623","168"
"117662","494974"
"117667","32"
"117686","920"
"117722","25659"
"117807","32"
"117814","25255"
"117830","411"
"117875","401425"
"117904","40"
"117930","442"
"117931","373"
"117938","838"
"117955","16"
"117958","60"
"117960","76"
"117987","661"
"117994","86962"
"117996","938"
"118007","21515"
"118035","188563"
"118044","21"
"118050","58"
"118101","364"
"118131","388"
"118146","824"
"118167","47"
"118183","45"
"118198","1139223"
"118201","71"
"118230","172"
"118320","1975679"
"118336","8828"
"118347","263315"
"118360","247584"
"118388","163"
"118391","2813"
"118430","2275"
"118441","9"
"118445","625246"
"118460","1123"
"118469","196421"
"118473","109"
"118480","15"
"118499","359"
"118544","559"
"118619","652583"
"118638","1035764"
"118680","619"
"118699","33339"
"118747","68"
"118796","109"
"118826","0"
"118854","396867"
"118870","25"
"118914","4799"
"118946","2049"
"118948","8304"
"118980","875419"
"118987","4666"
"118993","343"
"119031","2199"
"119042","437"
"119047","804"
"119056","220"
"119075","373175"
"119088","321"
"119101","85"
"119107","52933"
"119140","24"
"119159","20"
"119176","271"
"119181","484"
"119299","25"
"119309","410"
"119320","145"
"119322","6831"
"119357","357"
"119370","117"
"119441","9"
"119499","1233161"
"119510","427"
"119527","2695"
"119538","1386"
"119560","996103"
"119579","123773"
"119594","96"
"119612","175"
"119631","2881"
"119682","10627"
"119698","919"
"119713","944"
"119726","512559"
"119752","1094484"
"119791","441566"
"119855","47427"
"119883","3089"
"119892","1861769"
"119894","803087"
"119917","1420"
"119931","1188720"
"119933","51"
"119936","42"
"119959","425"
"119962","286"
"119988","1105"
"119989","1262806"
"120020","1699688"
"120038","42290"
"120043","7846"
"120061","135688"
"120070","155"
"120129","836710"
"120136","869335"
"120154","935"
"120160","65"
"120169","807"
"120212","140"
"120258","0"
"120266","11"
"120290","1043443"
"120295","32"
"120301","28"
"120305","174040"
"120325","23437"
"120333","159"
"120362","112"
"120371","33"
"120372","17"
"120378","29"
"120382","15"
"120393","1157"
"120576","24"
"120647","1190549"
"120648","302772"
"120650","12"
"120684","216811"
"120711","1351506"
"120729","31527"
"120735","41"
"120741","2484"
"120767","953"
"120797","403"
"120842","65"
"120902","1564550"
"120906","198"
"120924","1647254"
"120938","219134"
"120968","12"
"120995","113279"
"121024","203"
"121058","733"
"121088","115"
"121113","133"
"121239","1224"
"121258","1321"
"121273","1201130"
"121311","691192"
"121316","12"
"121335","97379"
"121349","1286"
"121380","496"
"121382","478473"
"121385","414"
"121435","200"
"121504","1080840"
"121511","1272"
"121514","172177"
"121527","789"
"121571","964006"
"121574","31745"
"121645","130432"
"121651","394536"
"121687","2126751"
"121693","40619"
"121702","151"
"121713","25"
"121751","86025"
"121754","59"
"121762","15929"
"121770","1487"
"121776","589"
"121800","480487"
"121877","2156872"
"121892","125"
"121900","1185"
"121905","260420"
"121942","1258"
"121948","6774"
"121954","415"
"121956","21"
"121969","831199"
"121971","2204920"
"121980","1411"
"121999","92"
"122036","42"
"122041","259"
"122067","33"
"122089","599352"
"122099","1459"
"122137","1887191"
"122138","366"
"122273","464"
"122321","835180"
"122328","119"
"122336","303869"
"122339","4"
"122347","81"
"122361","1457476"
"122364","8589"
"122404","70659"
"122405","1505651"
"122448","714325"
"122490","59"
"122501","59"
"122547","1358958"
"122550","112"
"122572","103694"
"122573","107945"
"122578","179"
"122584","161"
"122587","778377"
"122608","77413"
"122638","672000"
"122668","851"
"122728","11194"
"122730","255"
"122766","84"
"122773","348063"
"122786","2206"
"122789","1758330"
"122806","940716"
"122826","95"
"122834","805162"
"122846","413382"
"122859","118"
"122880","207"
"122881","913030"
"122975","8443"
"122982","16"
"122986","35"
"123035","73166"
"123091","205"
"123110","76"
"123121","180"
"123131","1743064"
"123136","491"
"123165","4682"
"123173","3390"
"123243","12"
"123253","3319"
"123330","0"
"123332","129952"
"123347","91"
"123351","302876"
"123366","1748345"
"123372","1056"
"123413","20"
"123432","72479"
"123435","1983"
"123452","19"
"123455","35"
"123493","70"
"123533","1509"
"123534","5"
"123536","1245"
"123585","142"
"123642","284996"
"123644","99"
"123655","39657"
"123694","1559"
"123722","400"
"123733","222"
"123744","1375304"
"123792","72"
"123833","88815"
"123870","46"
"123885","482"
"123892","44506"
"123931","1232"
"123991","44439"
"124027","14"
"124050","129954"
"124058","156"
"124061","15"
"124100","2682"
"124135","7065"
"124145","89"
"124167","45"
"124184","1254077"
"124190","77"
"124193","893"
"124253","7529"
"124260","43288"
"124279","177"
"124326","6435"
"124328","483"
"124356","521288"
"124369","591646"
"124371","0"
"124380","14"
"124411","86516"
"124414","127835"
"124505","45"
"124507","242"
"124521","12894"
"124556","470"
"124608","1377"
"124621","95"
"124671","523552"
"124714","2130656"
"124742","672"
"124765","330761"
"124774","480162"
"124840","448"
"124874","87"
"124906","1287"
"124956","37004"
"124962","1762435"
"124964","177"
"124998","2025430"
"125015","4869"
"125024","29"
"125040","1342203"
"125064","179"
"125065","776210"
"125106","54"
"126142","203"
"126149","2084159"
"126255","87062"
"126261","1311"
"126345","258174"
"126387","118"
"126390","112"
"126392","205681"
"126458","269"
"126461","31"
"126484","990"
"126493","161"
"126495","106"
"126498","1098269"
"126502","672196"
"126527","168"
"126562","26"
"126575","64"
"126591","147716"
"126610","303311"
"126627","70"
"126703","259642"
"126705","86495"
"126721","1327872"
"126733","150"
"126737","43552"
"126851","920439"
"126853","56"
"126865","296"
"126936","976827"
"126940","216798"
"126948","935"
"126969","267"
"126974","67"
"126991","10240"
"127013","55"
"127022","44524"
"127027","100"
"127049","1035"
"127051","921"
"127065","542"
"127067","19"
"127083","54"
"127111","485727"
"127116","135"
"127229","463"
"127237","1496"
"127295","227"
"127301","151"
"127319","1845"
"127335","2250"
"127344","217335"
"127423","159"
"127430","383"
"127432","18348"
"127460","719713"
"127467","417"
"127550","870067"
"127594","836"
"127610","131"
"127628","15"
"127634","1275"
"127638","2331"
"127655","153936"
"127707","7251"
"127769","259606"
"127806","48965"
"127808","51902"
"127829","17"
"127843","339"
"127865","496152"
"127871","955507"
"127920","1401"
"127940","66"
"127942","38"
"127967","4278"
"127987","0"
"128067","944"
"128074","472"
"128111","6349"
"128138","294416"
"128160","22"
"128175","1818328"
"128208","115"
"128211","404"
"128254","951039"
"128268","4074"
"128275","1013"
"128298","495"
"128428","73"
"128485","141"
"128503","306834"
"128512","1083327"
"128514","84"
"128530","29"
"128567","767091"
"128591","36"
"128682","12"
"128683","14620"
"128687","10"
"128715","35289"
"128736","282036"
"128774","217405"
"128801","8620"
"128842","66"
"128854","670"
"128870","145"
"128884","1130"
"128888","4123"
"128928","672586"
"128971","893612"
"128972","122"
"128990","316658"
"129010","3142"
"129014","2648"
"129027","341"
"129054","3345"
"129091","311"
"129104","890140"
"129122","11448"
"129134","24"
"129150","145"
"129158","127"
"129161","212"
"129190","893036"
"129196","1350533"
"129242","0"
"129243","1376"
"129258","207"
"129263","18"
"129270","345950"
"129273","1828789"
"129327","30"
"129332","358"
"129413","169"
"129423","695"
"129428","1035838"
"129434","435"
"129445","1463"
"129448","432"
"129498","7"
"129604","506"
"129636","63"
"129639","2073990"
"129671","887415"
"129679","2113"
"129703","717"
"129749","1065"
"129762","615023"
"129783","934"
"129789","879611"
"129854","32"
"129855","4662"
"129861","12871"
"129867","93"
"129880","14037"
"129891","8141"
"129923","31733"
"129946","3039"
"129948","288487"
"129965","756414"
"129970","5601"
"129971","991558"
"129996","260317"
"130015","131067"
"130025","203"
"130038","104"
"130039","111"
"130068","406"
"130091","11234"
"130172","3277"
"130206","76"
"130254","137"
"130263","22683"
"130274","13943"
"130287","10"
"130292","64255"
"130326","347346"
"130344","320"
"130409","203"
"130439","347299"
"130442","273923"
"130462","2124"
"130468","319"
"130497","1013"
"130525","2457"
"130541","40"
"130556","270"
"130561","1617"
"130583","16"
"130604","701631"
"130724","104"
"130786","217425"
"130794","58"
"130822","519065"
"130904","478"
"130955","859342"
"130985","130853"
"130988","45"
"131038","421"
"131063","36"
"131074","9639"
"131084","150"
"131092","82"
"131103","394"
"131113","105"
"131123","142"
"131149","1693"
"131193","1152"
"131194","127"
"131243","18608"
"131309","25659"
"131318","746"
"131358","3922"
"131382","1661994"
"131386","46399"
"131457","36"
"131482","442"
"131485","436"
"131522","954942"
"131544","567203"
"131575","147085"
"131596","363"
"131598","1270313"
"131628","0"
"131650","157"
"131702","87533"
"131708","3799"
"131720","193239"
"131750","19883"
"131798","15"
"131821","2967"
"131844","130092"
"131849","1000"
"132941","1264"
"132960","292"
"133034","773743"
"133041","499"
"133078","119"
"133091","665"
"133176","1350"
"133191","918"
"133243","43962"
"133269","604957"
"133317","13"
"133320","199896"
"133333","95"
"133341","23808"
"133369","237"
"133387","43464"
"133433","733"
"133440","115"
"133456","7197"
"133470","174453"
"133511","1346"
"133515","3803"
"133548","20885"
"133582","173695"
"133587","32"
"133594","436"
"133626","7506"
"133652","5065"
"133781","353"
"133784","3584"
"133793","1073"
"133817","0"
"133861","299"
"133880","1053"
"133906","78"
"133922","83"
"133942","1390"
"133960","349891"
"134016","28"
"134021","1412646"
"134034","1625785"
"134078","2587"
"134093","2506"
"134095","1419307"
"134114","1201542"
"134133","16355"
"134158","39"
"134159","1625247"
"134207","917"
"134208","1732682"
"134211","1361989"
"134220","26"
"134224","405"
"134240","1262"
"134272","1891302"
"134297","90"
"134315","450"
"134337","56"
"134349","19"
"134379","11"
"134388","302922"
"134394","107"
"134451","178"
"134469","43251"
"134490","858446"
"134520","712"
"134530","305"
"134555","73"
"134562","38"
"134660","10"
"134666","2307"
"134676","3124"
"134679","1427841"
"134684","1004"
"134690","1078543"
"134694","817379"
"134720","154"
"134760","68"
"134764","72"
"134767","1079882"
"134853","672184"
"134874","549"
"134878","6702"
"134913","1230"
"134967","10942"
"135025","41"
"135042","5079"
"135052","82"
"135137","1374498"
"135155","2926"
"135157","1901168"
"135218","1404"
"135222","933"
"135246","1049586"
"135290","1650"
"135302","433"
"135361","399"
"135362","981"
"135442","806701"
"135468","47"
"135484","53391"
"135486","2220"
"135489","25"
"135492","686279"
"135540","309"
"135545","1825187"
"135561","50"
"135562","23"
"135581","688932"
"135590","213943"
"135653","27"
"135687","421912"
"135699","1254075"
"135701","143"
"135705","1254045"
"135753","134805"
"135761","1041"
"135787","68"
"135799","2868"
"135808","49"
"135817","29"
"135829","1074"
"135830","818"
"135858","332718"
"135890","847"
"135912","6082"
"135919","1073"
"135936","471"
"135966","122330"
"135979","68416"
"136038","53"
"136091","193"
"136116","150945"
"136149","0"
"136237","241"
"136250","1935"
"136257","168"
"136268","59"
"136306","568"
"136331","25375"
"136348","110"
"136454","468331"
"136464","202"
"136540","1616"
"136551","2264"
"136622","1113"
"136647","772"
"136738","670"
"136773","127"
"136779","43240"
"136819","1097"
"136833","639"
"136837","1244"
"136863","984"
"136864","66"
"136872","112442"
"136914","32753"
"136962","27"
"136979","22"
"137046","871157"
"137071","807510"
"137104","522219"
"137133","153868"
"137140","195"
"137170","348"
"137178","18"
"137214","125"
"137241","1246"
"137242","996"
"137253","451"
"137255","139"
"137284","1562"
"137308","451"
"137309","31"
"137334","11695"
"137342","115642"
"137391","43304"
"137394","1899"
"137401","132915"
"137419","1652294"
"137441","156"
"137443","71"
"137507","1599"
"137514","10355"
"137541","545651"
"137551","31"
"137592","100"
"137607","4846"
"137636","694069"
"137662","33"
"137667","19"
"137714","86526"
"137730","3660"
"137755","1234544"
"137780","1391321"
"137833","920305"
"137855","972245"
"138011","80978"
"138039","127"
"138052","175"
"138088","4069"
"138168","103"
"138170","347"
"138203","178"
"138226","487194"
"138229","672922"
"138278","26363"
"138305","6148"
"138319","172"
"138363","324"
"138385","126"
"138389","77"
"138477","229"
"138556","990"
"138611","313"
"138628","72"
"138650","2758"
"138715","49"
"138749","248"
"138819","21572"
"138844","10"
"138945","481"
"138987","145965"
"139012","1027"
"139018","735238"
"139059","38"
"139105","9"
"139171","1010"
"139190","552826"
"139218","560"
"139220","46"
"139226","175"
"139232","43338"
"139243","0"
"139245","172970"
"139248","1034"
"139256","177"
"139294","203"
"139313","3603"
"139349","1428"
"139362","31"
"139406","43598"
"139408","1647967"
"139541","282"
"139547","220507"
"139565","579762"
"139573","44"
"139586","502833"
"139604","40"
"139611","43236"
"139615","440"
"139620","8"
"139654","234"
"139685","68"
"139704","130"
"139712","303"
"139715","737467"
"139749","2353"
"139833","2592"
"139841","43935"
"139847","9"
"139864","1374320"
"139879","5786"
"139895","172975"
"139934","141089"
"139991","612560"
"140013","6737"
"140050","1002"
"140088","905"
"140090","513"
"140138","370626"
"140185","46"
"140266","615"
"140291","14"
"140349","8207"
"140374","1151067"
"140418","9251"
"140424","735547"
"140430","4504"
"140433","766255"
"140446","1171"
"140447","27"
"140457","112497"
"140466","197"
"140479","109154"
"140485","7"
"140490","12782"
"140518","46"
"140535","3339"
"140605","1086211"
"140621","74"
"140684","585"
"140695","145"
"140791","814453"
"140805","102"
"140808","441"
"140843","11"
"140886","7211"
"140888","90668"
"140906","350"
"140926","138"
"140975","10182"
"141000","2168"
"141018","27"
"141021","173183"
"141029","1272"
"141045","6"
"141101","40"
"141113","80"
"141129","2838"
"141133","4331"
"141138","44"
"141153","216479"
"141157","8235"
"141185","705"
"141196","191"
"141203","40419"
"141223","0"
"141228","19"
"141273","73335"
"141324","306769"
"141336","1148439"
"141338","785"
"141350","2305"
"141365","71"
"141369","575"
"141427","43741"
"141438","4043"
"141495","46"
"141505","41"
"141506","22"
"141509","10049"
"141518","72"
"141522","17"
"141588","338274"
"141612","264"
"141664","297646"
"141666","53"
"141670","891"
"141686","37"
"141729","389894"
"141733","17118"
"141773","160298"
"141792","445"
"141805","4197"
"141820","141"
"141851","522410"
"141871","1367259"
"141896","28"
"141903","191"
"141978","936"
"142011","129"
"142039","4"
"142067","660"
"142127","3805"
"142167","23"
"142178","160"
"142209","1363679"
"142211","42032"
"142218","452"
"142228","1144301"
"142373","816"
"142376","49"
"142403","0"
"142405","100"
"142406","1425"
"142410","108"
"142418","1395783"
"142453","1658"
"142457","390469"
"142465","21"
"142479","21"
"142482","1283956"
"142484","43296"
"142496","49639"
"142506","1644535"
"142517","1297493"
"142561","1212"
"142585","54"
"142586","1764"
"142593","204"
"142601","644594"
"142629","75"
"142650","0"
"142666","10667"
"142682","10"
"142698","159"
"142703","0"
"142711","81"
"142713","1061"
"142760","1765"
"142767","465274"
"142792","1679"
"142819","36"
"142875","362"
"142877","97"
"142879","5443"
"142920","465"
"142925","47914"
"143007","4016"
"143020","195"
"143162","224"
"143174","1107932"
"143194","58"
"143198","17"
"143212","605813"
"143221","3013"
"143231","17"
"143244","519013"
"143261","164035"
"143276","144"
"143304","7251"
"143342","374"
"143351","1784"
"143380","48"
"143383","16"
"143408","5883"
"143480","682888"
"143485","848173"
"143502","1520568"
"143524","13061"
"143542","3726"
"143583","48372"
"143618","530"
"143622","1296"
"143625","762413"
"143663","16600"
"143672","1152"
"143673","1598511"
"143684","553"
"143685","35"
"143711","1072445"
"143736","1506"
"143803","16"
"143807","2738"
"143820","9"
"143828","29110"
"143833","14750"
"143849","553"
"143866","923"
"143896","203"
"143904","11"
"143942","1795492"
"143966","967439"
"143968","121"
"143969","130282"
"143971","60"
"143993","644535"
"144010","828796"
"144012","391"
"144058","34"
"144066","212"
"144102","9633"
"144142","46988"
"144202","618"
"144270","51"
"144278","290"
"144294","44"
"144311","1314"
"144413","553827"
"144466","650"
"144500","272"
"144541","249"
"144590","216454"
"144597","247"
"144624","8565"
"144631","1299"
"144633","788876"
"144635","1521919"
"144659","56"
"144679","327"
"144697","40659"
"144719","1232"
"144722","708070"
"144743","137893"
"144754","18299"
"144789","135"
"144792","18020"
"144811","238457"
"144844","112"
"144933","28"
"144969","46262"
"144984","45"
"144989","63"
"145012","884"
"145040","839"
"145046","4346"
"145091","450"
"145109","466"
"145130","656869"
"145167","45082"
"145172","18402"
"145181","42"
"145201","44595"
"145239","130030"
"145267","217"
"145289","190"
"145294","1773"
"145310","2746"
"145325","249060"
"145341","650"
"145389","1467"
"145441","39"
"145467","4291"
"145479","158"
"145491","230"
"145500","9283"
"145503","151"
"145506","139"
"145522","5319"
"145532","42"
"145535","147"
"145604","1215430"
"145613","197"
"145633","86897"
"145640","465"
"145666","925"
"145681","0"
"145695","57"
"145724","258"
"145733","134319"
"145753","63"
"145755","9"
"145773","1532"
"145797","87"
"145827","44129"
"145830","0"
"145850","33862"
"145862","904"
"145909","86693"
"145951","231"
"145967","118"
"146000","141"
"146034","132160"
"146045","33"
"146050","1058687"
"146065","25515"
"146069","92"
"146079","5055"
"146101","1313"
"146117","593506"
"146128","1147"
"146139","799"
"146145","1442273"
"146169","74"
"146181","205"
"146208","41"
"146211","45"
"146253","98"
"146271","42"
"146304","81"
"146396","95"
"146437","156"
"146442","398"
"146507","5876"
"146534","1044169"
"146590","11954"
"146595","2262"
"146610","283493"
"146616","216333"
"146666","14116"
"146703","136"
"146759","53"
"146766","426"
"146814","2"
"146816","1763620"
"146855","351722"
"146870","96"
"146930","1313"
"146980","788"
"146984","27"
"146987","14"
"146991","47"
"146996","80643"
"147002","475967"
"147007","43401"
"147026","1584713"
"147071","10509"
"147098","2808"
"147102","777"
"147105","603439"
"147111","54938"
"147122","143724"
"147139","68"
"147183","1397576"
"147205","707114"
"147215","44"
"147250","304062"
"147269","486"
"147337","861282"
"147393","0"
"147491","508287"
"147543","1200"
"147575","618"
"147577","126"
"147596","699567"
"147605","26"
"147623","102"
"147638","1107"
"147714","57"
"147752","36"
"147757","1125171"
"147780","46"
"147804","131825"
"147812","42"
"147870","209"
"147900","739"
"147942","173920"
"147977","48327"
"147991","29"
"148004","262434"
"148005","8540"
"148029","21"
"148059","113"
"148082","232"
"148098","705067"
"148106","43504"
"148161","923020"
"148165","66646"
"148175","16"
"148188","433132"
"148194","960"
"148223","114"
"148249","422617"
"148260","39"
"148294","202"
"148360","122"
"148369","58618"
"148402","1796112"
"148429","0"
"148450","293"
"148466","323992"
"148469","1077330"
"148507","1296551"
"148511","1121313"
"148519","187"
"148522","71"
"148647","692550"
"148727","897"
"148788","24"
"148811","802434"
"148822","520"
"148831","56"
"148833","35785"
"148852","423"
"148903","511"
"148933","99196"
"148947","1083"
"148973","302"
"149007","539266"
"149024","285"
"149029","1907"
"149035","527999"
"149050","776"
"149145","136"
"149178","1090706"
"149200","633172"
"149250","51"
"149293","39"
"149295","1233"
"149314","51"
"149353","133"
"149402","14"
"149442","1182"
"149481","24"
"149532","195089"
"149607","841"
"149621","60"
"149648","77"
"149669","335495"
"149704","1483"
"149723","4875"
"149734","253997"
"149777","433448"
"149833","43529"
"149854","5"
"149871","900959"
"149874","15"
"149881","1255"
"149909","0"
"149912","140"
"149934","73423"
"149985","15"
"150009","529091"
"150026","512386"
"150036","130189"
"150084","849892"
"150085","303954"
"150096","1073"
"150153","1257800"
"150181","1516"
"150303","10"
"150323","458795"
"150351","380227"
"150419","0"
"150432","1117012"
"150498","361"
"150539","1773804"
"150549","67"
"150553","1025"
"150591","1407"
"150603","2483"
"150638","289032"
"150670","491"
"150727","432019"
"150780","23"
"150804","380302"
"150835","152"
"150866","67"
"150867","1071"
"150871","399858"
"150880","7"
"150886","1768"
"150904","376"
"150913","50"
"150967","238"
"151011","3771"
"151037","536"
"151041","1349"
"151120","36"
"151203","1383927"
"151215","476446"
"151228","391390"
"151238","2149"
"151306","228050"
"151310","517"
"151342","383880"
"151351","0"
"151359","107"
"151362","662"
"151448","729055"
"151484","933"
"151510","936023"
"151529","526"
"151544","4079"
"151587","2532"
"151590","3728"
"151594","12"
"151613","574"
"151630","1620911"
"151657","1367"
"151671","0"
"151684","72"
"151688","339"
"151689","1875"
"151701","1606"
"151720","3194"
"151747","173817"
"151786","99"
"151799","165"
"151806","75"
"151811","587"
"151812","58"
"151830","455928"
"151858","887"
"151877","261547"
"151880","972"
"151884","230920"
"151898","443"
"151923","232"
"151941","1082"
"151963","1431060"
"151973","195008"
"151982","87314"
"151993","1031074"
"152018","87249"
"152034","26437"
"152040","172"
"152093","46"
"152137","233783"
"152180","97"
"152188","41"
"152192","662"
"152240","43465"
"152284","95549"
"152300","78"
"152335","299"
"152361","637325"
"152366","1347"
"152377","133"
"152466","547654"
"152511","39"
"152516","714"
"152547","76"
"152553","1444706"
"152567","1070732"
"152577","46"
"152587","65"
"152598","10"
"152606","748760"
"152649","664"
"152667","84"
"152687","22886"
"152714","141"
"152719","429235"
"152725","7"
"152744","681"
"152765","207925"
"152792","957"
"152807","106"
"152838","3128"
"152840","158"
"152871","294"
"152893","1663"
"152928","760"
"152964","3142"
"152989","1402862"
"153024","1636"
"153042","1033110"
"153085","141"
"153134","32"
"153148","213"
"153155","1027795"
"153160","1308"
"153236","22"
"153245","0"
"153249","695397"
"153264","454"
"153265","43406"
"153274","21"
"153284","37"
"153306","14805"
"153318","400"
"153330","174036"
"153341","476"
"153343","670867"
"153359","36"
"153406","31273"
"153422","631516"
"153454","20"
"153475","145"
"153497","918"
"153552","35"
"153557","18688"
"153604","812285"
"153618","66"
"153660","68"
"153670","0"
"153693","370083"
"153702","60"
"153708","84"
"153724","1770"
"153726","980"
"153765","689"
"153777","286"
"153785","86"
"153787","0"
"153797","2757"
"153812","89"
"153833","113"
"153835","654670"
"153842","43"
"153854","259505"
"153860","49652"
"153923","191"
"153930","107"
"153976","4250"
"154009","524"
"154038","60"
"154041","1276007"
"154060","51"
"154068","532538"
"154088","45"
"154104","82"
"154130","47773"
"154137","1641"
"154150","5"
"154181","166618"
"154197","174"
"154208","20"
"154211","987760"
"154214","19"
"154217","773"
"154228","511"
"154231","74016"
"154235","1025497"
"154295","1377"
"154304","60"
"154310","68"
"154312","655205"
"154314","6215"
"154320","3370"
"154327","106"
"154329","267351"
"154350","21"
"154378","788814"
"154410","1194"
"154420","1735"
"154434","61"
"154435","977"
"154439","826"
"154440","5133"
"154482","7"
"154491","1440732"
"154512","181"
"154554","323"
"154577","20484"
"154588","425462"
"154589","11"
"154591","746048"
"154592","512781"
"154594","512674"
"154599","944762"
"154604","164"
"154624","38"
"154629","640"
"154652","2640"
"154685","108"
"154736","32"
"154738","493105"
"154748","0"
"154762","83"
"154827","71731"
"154828","376016"
"154837","73"
"154840","43423"
"154862","989056"
"154917","259450"
"154935","831485"
"154936","360"
"154937","860"
"154964","80"
"154975","1217886"
"154982","519"
"155013","32"
"155061","210"
"155088","302860"
"155125","357323"
"155138","56305"
"155160","126"
"155161","49"
"155175","404065"
"155180","2061"
"155207","844264"
"155258","496"
"155328","87117"
"155360","12095"
"155377","248"
"155428","4036"
"155438","190"
"155444","43556"
"155480","216782"
"155545","587"
"155589","661"
"155594","167"
"155601","669"
"155627","384"
"155637","302916"
"155665","639462"
"155679","1279509"
"155695","392"
"155704","272644"
"155709","171"
"155754","7974"
"155792","198"
"155801","0"
"155816","13"
"155844","6"
"155874","544313"
"155875","38"
"155891","86"
"155893","905"
"155908","434"
"155943","385771"
"156996","2525"
"157020","36"
"157026","292"
"157035","192"
"157061","1201566"
"157126","21564"
"157133","117500"
"157198","0"
"157213","214"
"157221","109992"
"157260","839756"
"157264","120"
"157316","104290"
"157322","225"
"157327","32"
"157328","9"
"157336","20"
"157370","86598"
"157394","177880"
"157416","750"
"157427","473"
"157434","234"
"157446","721"
"157459","484897"
"157473","132647"
"157478","473453"
"157482","25675"
"157508","173039"
"157511","4777"
"157515","178"
"157528","901"
"157541","9723"
"157559","1323850"
"157598","94"
"157630","455"
"157641","1010750"
"157647","453"
"157734","31"
"157741","135"
"157756","5455"
"157812","34"
"157877","42"
"157880","49"
"157912","759882"
"157934","328"
"157970","87467"
"157984","151707"
"158009","43379"
"158045","810471"
"158047","4203"
"158106","1012293"
"158153","146"
"158186","95"
"158247","17"
"158266","132217"
"158273","840017"
"158277","918"
"158282","767"
"158310","624"
"158354","1158422"
"158397","9"
"158420","39708"
"158422","181"
"158434","20"
"158436","110"
"158502","368840"
"158515","4742"
"158575","45"
"158576","52731"
"158584","1332510"
"158602","1585"
"158609","1257730"
"158672","77"
"158721","1181"
"158733","229"
"158770","91"
"158774","0"
"158787","61"
"158845","28"
"158920","818938"
"158930","105"
"159021","62"
"159027","72"
"159040","7"
"159061","151750"
"159071","8"
"159078","1661"
"159125","38"
"159141","32984"
"159165","82075"
"159169","20"
"159217","458413"
"159231","284199"
"159261","378128"
"159272","7819"
"159290","824"
"159331","769749"
"159383","170"
"159384","32"
"159396","43466"
"159397","13846"
"159427","1668"
"159467","48"
"159490","68"
"159498","788235"
"159502","266"
"159524","2254"
"159545","619210"
"159551","129926"
"159560","629"
"159566","2620"
"159572","130"
"159575","7497"
"159579","885"
"159599","7386"
"159609","141"
"159626","113"
"159639","305253"
"159643","786369"
"159646","453"
"159654","1086710"
"159670","1300"
"159685","332"
"159686","1426906"
"159688","933"
"159694","916"
"159695","864"
"159718","716"
"159739","0"
"159740","14488"
"159756","160820"
"159761","1175"
"159779","15"
"159787","474832"
"159794","158061"
"159819","25"
"159823","145"
"159839","18"
"159878","5458"
"159894","390893"
"159907","327"
"159929","6051"
"159956","83"
"159970","28"
"160010","1323400"
"160021","55"
"160055","1316"
"160078","308972"
"160097","2089"
"160118","79"
"160120","20"
"160136","5"
"160178","55"
"160194","50"
"160226","119778"
"160231","2899"
"160271","382"
"160281","1337645"
"160297","475962"
"160309","784"
"160313","577"
"160324","600"
"160381","5889"
"160386","35"
"160392","10"
"160426","91"
"160433","205"
"160439","6246"
"160441","6"
"160443","1211499"
"160453","29"
"160516","138"
"160522","0"
"160568","15"
"160582","679"
"160619","37"
"160637","790"
"160651","551"
"160659","1131"
"160666","203518"
"160669","172"
"160672","1629"
"160678","70807"
"160747","4535"
"160776","56"
"160849","7"
"160863","23"
"160874","43439"
"160878","255"
"160942","890402"
"160950","867"
"160987","3382"
"161029","14522"
"161037","2620"
"161046","137"
"161070","5746"
"161122","1251257"
"161173","394838"
"161220","568830"
"161240","666368"
"161268","0"
"161272","142"
"161296","80"
"161316","309745"
"161328","58"
"161395","933542"
"161456","125105"
"161487","0"
"161504","84"
"161519","2314"
"161587","828578"
"161590","789"
"161618","12"
"161666","1335522"
"161688","1215"
"161737","12"
"161811","1479"
"161819","11"
"161837","55"
"161861","347551"
"161869","12333"
"161878","99227"
"161879","158"
"161906","127"
"161927","89"
"161931","3362"
"161951","241"
"161956","1044752"
"161957","68030"
"161968","0"
"161990","106"
"161992","592"
"162011","131"
"162014","177"
"162071","7980"
"162096","64"
"162132","154"
"162200","1457"
"162264","191125"
"162316","35"
"162342","13"
"162372","112"
"162387","55"
"162436","113"
"162454","90"
"162459","1639036"
"162475","104"
"162485","0"
"162492","745"
"162594","348"
"162601","30"
"162640","439"
"162672","1336086"
"162698","2107"
"162705","288"
"162708","157"
"162730","695"
"162751","174151"
"162782","93"
"162803","46"
"162806","635"
"162815","2565"
"162829","4942"
"162839","43247"
"162844","329"
"162847","13"
"162852","839697"
"162894","0"
"162902","1183"
"162906","321859"
"162920","780"
"162926","2454"
"162940","24"
"162970","179"
"162991","28680"
"163010","1370"
"163049","1472180"
"163066","347403"
"163076","58"
"163081","1430068"
"163110","463"
"163167","396544"
"163207","1621064"
"163209","15"
"163235","710473"
"163308","94"
"163315","1466"
"163432","234919"
"163467","20"
"163486","19"
"163521","87642"
"163524","86677"
"163531","447"
"163547","941"
"163588","255"
"163614","227"
"163620","806776"
"163630","150"
"163637","99"
"163684","511"
"164702","137698"
"164748","1476462"
"164758","0"
"164789","0"
"164798","71"
"164811","40651"
"164835","191"
"164857","699"
"164860","483"
"164884","0"
"164885","4077"
"164921","27"
"164941","44123"
"164987","106"
"165004","25"
"165037","86856"
"165065","1295491"
"165081","6"
"165101","1022"
"165131","876"
"165177","410"
"165186","23"
"165197","2832"
"165202","486798"
"165296","1427"
"165314","77286"
"165340","144"
"165435","100"
"165449","49"
"165452","1539"
"165482","998"
"165565","210"
"165567","181"
"165601","173522"
"165607","1560"
"165628","293804"
"165673","0"
"165684","105"
"165713","145568"
"165716","136"
"165728","530"
"165731","161"
"165750","1028073"
"165770","2245"
"165812","429826"
"165860","872"
"165864","43969"
"165869","1567"
"165885","0"
"165896","1054"
"165918","43363"
"165951","35336"
"166075","951897"
"166097","562"
"166101","32"
"166131","2485"
"166136","52"
"166146","1325"
"166148","1127081"
"166156","5500"
"166160","66"
"166166","13"
"166279","1407119"
"166304","45"
"166379","378"
"166385","206249"
"166465","58"
"166468","15"
"166472","83"
"166546","96"
"166559","46"
"166635","9"
"166654","26411"
"166675","44645"
"166676","43"
"166682","269"
"166690","35"
"166707","12"
"166724","1591779"
"166744","31"
"166751","1418949"
"166781","318395"
"166813","3908"
"166847","43424"
"166891","950"
"166901","45"
"166903","1258"
"166949","0"
"166950","1257052"
"167006","167"
"167015","457"
"167019","0"
"167023","38"
"167064","43555"
"167095","563"
"167112","130892"
"167116","463"
"167128","88"
"167130","433199"
"167144","290"
"167173","27"
"167180","685818"
"167190","1471"
"167216","98"
"167245","2277"
"167271","158"
"167276","4568"
"167292","346146"
"167302","43271"
"167329","1133"
"167336","70"
"167353","601"
"167381","4497"
"167401","1420"
"167449","232"
"167495","1400226"
"167514","180"
"167550","164"
"167579","978505"
"167613","1307716"
"167626","19"
"167639","85"
"167650","1132477"
"167679","7180"
"167707","768461"
"167729","8804"
"167774","469"
"167807","2866"
"167935","145"
"167983","1386"
"167998","215"
"168007","635962"
"168018","11"
"168046","388087"
"168060","271"
"168115","26"
"168122","96"
"168230","521"
"168233","259590"
"168244","16"
"168283","14"
"168323","170"
"168327","177"
"168359","1475688"
"168375","223937"
"168403","629624"
"168434","1459"
"168456","19"
"168470","196"
"168516","234"
"168530","1387221"
"168598","128"
"168602","47"
"168690","4226"
"168714","2727"
"168722","539"
"168744","31"
"168763","108"
"168777","32"
"168821","74"
"168856","78737"
"168889","236947"
"168913","519318"
"168937","983"
"168948","29"
"168958","43455"
"168971","1258782"