id,nanswers
"1","14"
"2","2"
"7","5"
"75","5"
"97","5"
"114","5"
"117","8"
"162","5"
"163","3"
"164","5"
"183","11"
"241","2"
"244","2"
"245","4"
"249","3"
"259","4"
"264","4"
"276","2"
"277","4"
"290","4"
"312","2"
"369","1"
"377","3"
"380","2"
"381","4"
"382","2"
"387","5"
"397","1"
"398","10"
"416","3"
"437","5"
"438","8"
"486","6"
"515","5"
"553","4"
"580","5"
"595","2"
"627","3"
"645","3"
"675","2"
"807","3"
"829","7"
"847","2"
"854","1"
"978","2"
"1009","6"
"1044","5"
"1062","5"
"1063","3"
"1068","2"
"1069","7"
"1070","3"
"1108","3"
"1166","5"
"1180","6"
"1225","7"
"1238","7"
"1257","7"
"1262","6"
"1322","5"
"1344","2"
"1362","7"
"1368","4"
"1427","4"
"1463","2"
"1577","1"
"1621","3"
"1653","4"
"1680","4"
"1707","1"
"1735","5"
"1766","2"
"1906","4"
"1961","3"
"2003","2"
"2010","2"
"2013","9"
"2021","2"
"2022","2"
"2023","1"
"2028","1"
"2078","2"
"2087","4"
"2091","1"
"2092","4"
"2099","2"
"2120","2"
"2178","3"
"2226","5"
"2243","3"
"2257","4"
"2330","8"
"2342","3"
"2372","1"
"2403","3"
"2405","2"
"2503","2"
"2517","3"
"2525","2"
"2552","7"
"2581","5"
"2582","2"
"2592","5"
"2631","2"
"2703","2"
"2715","4"
"2804","3"
"2837","6"
"2963","5"
"2982","6"
"2985","4"
"3001","4"
"3004","4"
"3034","1"
"3056","9"
"3085","8"
"3142","3"
"3165","2"
"3174","1"
"3406","1"
"3460","2"
"3521","4"
"3543","5"
"3584","2"
"3600","4"
"3601","2"
"3606","4"
"3640","4"
"3674","2"
"3694","4"
"3707","1"
"3763","2"
"3787","2"
"3844","4"
"3848","3"
"3879","4"
"3889","2"
"3949","5"
"4104","3"
"4193","6"
"4196","1"
"4213","3"
"4217","3"
"4248","8"
"4253","1"
"4254","6"
"4309","1"
"4354","2"
"4420","1"
"4436","3"
"4471","3"
"4503","1"
"4524","2"
"4530","2"
"4536","2"
"4555","3"
"4570","3"
"4667","3"
"4752","1"
"4758","7"
"4796","4"
"4824","2"
"4841","3"
"4859","2"
"4981","4"
"5020","2"
"5033","3"
"5067","1"
"5084","2"
"5091","4"
"5107","5"
"5119","3"
"5132","4"
"5182","3"
"5212","1"
"5227","4"
"5244","6"
"5266","4"
"5310","2"
"5414","1"
"5440","2"
"5441","4"
"5467","4"
"5505","4"
"5514","1"
"5637","4"
"5644","1"
"5763","11"
"5786","2"
"5817","3"
"5835","3"
"5847","4"
"5860","5"
"5869","4"
"5883","1"
"5897","5"
"5932","1"
"5949","2"
"6020","2"
"6077","3"
"6204","2"
"6236","3"
"6259","2"
"6329","2"
"6411","1"
"6465","3"
"6478","4"
"6510","3"
"6530","1"
"6535","1"
"6550","3"
"6666","4"
"6694","5"
"6753","4"
"6756","3"
"6827","2"
"6842","4"
"6904","1"
"6946","3"
"6957","3"
"6998","4"
"7062","1"
"7080","2"
"7084","4"
"7204","8"
"7256","2"
"7277","2"
"7434","2"
"7519","2"
"7553","2"
"7641","4"
"7687","2"
"7697","1"
"7703","2"
"7705","6"
"7720","5"
"7776","1"
"7802","4"
"7849","6"
"7860","2"
"7870","2"
"7911","5"
"7920","0"
"7938","1"
"7961","1"
"8033","1"
"8066","2"
"8074","1"
"8099","3"
"8113","4"
"8155","1"
"8174","3"
"8181","4"
"8201","2"
"8303","3"
"8310","3"
"8427","2"
"8445","6"
"8446","3"
"8456","2"
"8573","7"
"8587","3"
"8602","3"
"8610","5"
"8621","1"
"8663","3"
"8711","4"
"8733","5"
"8744","2"
"8749","3"
"8757","1"
"8761","3"
"8785","1"
"8798","4"
"8803","1"
"8857","4"
"8865","1"
"8867","1"
"8873","6"
"8895","2"
"8896","1"
"8945","6"
"9095","4"
"9096","3"
"9106","3"
"9113","2"
"9133","4"
"9156","2"
"9230","3"
"9237","3"
"9263","2"
"9272","5"
"9348","6"
"9440","2"
"9453","3"
"9461","2"
"9470","2"
"9561","4"
"9623","1"
"9628","2"
"9668","3"
"9682","1"
"9763","1"
"9781","3"
"9810","3"
"9831","1"
"9908","2"
"9916","1"
"9935","2"
"9945","5"
"9967","1"
"9973","1"
"9980","2"
"9981","2"
"10000","3"
"10006","3"
"10011","2"
"10029","2"
"10032","2"
"10035","1"
"10071","3"
"10106","1"
"10109","4"
"10156","2"
"10201","1"
"10251","1"
"10270","2"
"10277","3"
"10292","2"
"10378","4"
"10386","3"
"10415","1"
"10446","3"
"10485","4"
"10535","2"
"10549","1"
"10551","2"
"10553","2"
"10554","4"
"10615","1"
"10646","2"
"10657","1"
"10691","3"
"10694","3"
"10722","1"
"10728","2"
"10729","2"
"10736","2"
"10825","1"
"10838","2"
"10847","1"
"10854","1"
"10857","1"
"10866","1"
"10898","1"
"10929","1"
"10974","2"
"11066","3"
"11098","1"
"11103","1"
"11140","4"
"11163","3"
"11170","4"
"11234","7"
"11263","3"
"11298","2"
"11317","1"
"11355","1"
"11363","3"
"11369","0"
"11376","2"
"11384","2"
"11393","2"
"11397","2"
"11398","3"
"11427","1"
"11444","14"
"11447","10"
"11540","1"
"11555","2"
"11606","2"
"11621","2"
"11623","2"
"11632","1"
"11658","3"
"11662","3"
"11737","2"
"11756","4"
"11768","4"
"11788","2"
"11794","2"
"11810","1"
"11840","2"
"11842","3"
"11860","4"
"11868","4"
"11893","1"
"11911","3"
"11917","1"
"11968","1"
"11972","1"
"11974","3"
"11985","1"
"11986","2"
"11995","5"
"12041","8"
"12066","6"
"12101","7"
"12131","1"
"12133","2"
"12153","2"
"12164","2"
"12178","1"
"12194","1"
"12313","3"
"12401","3"
"12402","3"
"12405","1"
"12428","3"
"12434","1"
"12482","1"
"12512","2"
"12546","7"
"12555","4"
"12568","2"
"12593","5"
"12596","3"
"12624","2"
"12684","2"
"12686","3"
"12699","4"
"12729","2"
"12792","3"
"12816","2"
"12836","2"
"12846","2"
"12857","5"
"12896","3"
"12899","1"
"12933","1"
"13039","2"
"13059","1"
"13120","1"
"13192","2"
"13235","3"
"13243","2"
"13286","2"
"13372","1"
"13375","4"
"13432","4"
"13446","2"
"13464","6"
"13496","2"
"13537","3"
"13543","1"
"13570","6"
"13618","2"
"13639","1"
"13652","5"
"13658","4"
"13698","6"
"13731","1"
"13760","1"
"13798","1"
"13821","3"
"13841","1"
"13862","3"
"13863","1"
"13955","3"
"13992","2"
"14025","4"
"14029","1"
"14038","3"
"14046","4"
"14102","3"
"14112","3"
"14134","1"
"14142","3"
"14152","2"
"14215","1"
"14216","3"
"14222","2"
"14249","3"
"14255","2"
"14256","1"
"14305","1"
"14465","2"
"14516","3"
"14534","3"
"14569","2"
"14635","2"
"14709","5"
"14713","3"
"14714","1"
"14717","3"
"14727","2"
"14738","3"
"14739","2"
"14757","5"
"14763","4"
"14820","2"
"14843","1"
"14864","3"
"14881","3"
"14890","2"
"14894","2"
"14898","2"
"14906","2"
"14940","3"
"14982","1"
"15014","1"
"15059","5"
"15066","2"
"15075","5"
"15102","2"
"15108","4"
"15116","2"
"15202","1"
"15207","1"
"15214","2"
"15235","3"
"15260","3"
"15262","3"
"15272","5"
"15315","2"
"15335","1"
"15349","1"
"15368","5"
"15394","2"
"15436","1"
"15446","3"
"15471","2"
"15475","3"
"15484","2"
"15491","3"
"15502","2"
"15595","2"
"15599","10"
"15617","4"
"15621","4"
"15641","1"
"15694","4"
"15722","1"
"15726","1"
"15741","2"
"15743","1"
"15744","2"
"15765","8"
"15813","1"
"15830","1"
"15881","3"
"15903","1"
"15934","5"
"15939","5"
"15943","1"
"15958","2"
"15961","2"
"15968","3"
"16133","1"
"16158","3"
"16164","3"
"16165","3"
"16169","2"
"16183","3"
"16187","2"
"16204","3"
"16227","0"
"16236","3"
"16247","1"
"16258","1"
"16287","4"
"16291","2"
"16353","2"
"16361","3"
"16380","2"
"16411","2"
"16422","2"
"16426","1"
"16486","2"
"16496","2"
"16500","2"
"16535","2"
"16546","3"
"16560","3"
"16564","7"
"16588","2"
"16607","2"
"16624","1"
"16651","1"
"16676","2"
"16685","2"
"16692","1"
"16731","3"
"16733","1"
"16747","3"
"16796","2"
"16806","1"
"16903","1"
"16958","3"
"16980","2"
"17066","1"
"17067","3"
"17075","1"
"17095","4"
"17172","1"
"17179","4"
"17187","2"
"17234","2"
"17316","3"
"17393","2"
"17399","1"
"17407","3"
"17412","2"
"17430","4"
"17448","2"
"17491","2"
"17510","3"
"17516","3"
"17524","4"
"17551","2"
"17562","2"
"17565","2"
"17593","1"
"17598","1"
"17632","2"
"17635","2"
"17698","7"
"17720","4"
"17721","1"
"17755","1"
"17847","4"
"17852","2"
"17862","1"
"17899","3"
"17930","2"
"17932","1"
"17965","1"
"17998","2"
"18007","1"
"18011","1"
"18018","1"
"18022","1"
"18035","3"
"18043","1"
"18061","1"
"18077","2"
"18086","7"
"18087","3"
"18124","2"
"18133","1"
"18154","1"
"18162","3"
"18167","1"
"18168","3"
"18185","1"
"18195","1"
"18207","2"
"18217","1"
"18275","3"
"18310","1"
"18327","2"
"18330","2"
"18347","3"
"18398","3"
"18494","2"
"18505","2"
"18533","2"
"18563","2"
"18608","2"
"18663","1"
"18680","2"
"18694","9"
"18720","5"
"18739","1"
"18819","2"
"18936","1"
"18978","1"
"19007","3"
"19033","3"
"19128","3"
"19147","2"
"19152","2"
"19176","2"
"19193","3"
"19214","4"
"19276","3"
"19290","2"
"19302","1"
"19309","2"
"19319","3"
"19373","4"
"19387","1"
"19419","2"
"19436","5"
"19448","1"
"19457","4"
"19469","1"
"19471","4"
"19524","7"
"19526","1"
"19565","2"
"19567","2"
"19631","1"
"19644","1"
"19694","4"
"19698","4"
"19714","2"
"19718","1"
"19749","3"
"19751","1"
"19756","1"
"19778","4"
"19790","3"
"19864","2"
"19868","2"
"19872","2"
"19911","3"
"19949","4"
"19980","3"
"19988","6"
"20004","2"
"20015","4"
"20022","1"
"20045","2"
"20095","3"
"20105","1"
"20108","1"
"20135","5"
"20140","3"
"20147","3"
"20163","1"
"20166","1"
"20168","3"
"20187","3"
"20201","2"
"20209","1"
"20216","2"
"20224","2"
"20242","3"
"20261","5"
"20371","2"
"20395","4"
"20402","2"
"20404","1"
"20406","2"
"20413","3"
"20422","4"
"20438","2"
"20481","4"
"20497","3"
"20521","1"
"20525","1"
"20530","1"
"20558","2"
"20645","2"
"20659","2"
"20661","2"
"20684","2"
"20693","1"
"20696","1"
"20703","4"
"20707","1"
"20744","1"
"20766","1"
"20787","2"
"20806","4"
"20828","2"
"20839","2"
"20845","1"
"20859","3"
"20871","5"
"20872","1"
"20874","4"
"20903","1"
"20904","4"
"20948","3"
"20951","5"
"20995","5"
"21003","3"
"21005","5"
"21067","2"
"21073","3"
"21114","2"
"21137","2"
"21177","2"
"21205","4"
"21225","2"
"21237","1"
"21247","1"
"21269","3"
"21297","2"
"21301","1"
"21305","4"
"21313","2"
"21375","1"
"21383","3"
"21413","3"
"21420","3"
"21523","3"
"21534","2"
"22651","1"
"22671","2"
"22703","3"
"22752","3"
"22768","5"
"22783","6"
"22795","3"
"22806","3"
"22809","6"
"22865","2"
"22903","8"
"22906","8"
"22925","4"
"22937","2"
"22953","2"
"22972","1"
"22985","1"
"22989","2"
"23007","1"
"23032","2"
"23039","2"
"23086","2"
"23097","2"
"23101","4"
"23133","2"
"23178","1"
"23191","1"
"23235","2"
"23294","2"
"23302","3"
"23315","1"
"23322","5"
"23329","3"
"23334","4"
"23371","5"
"23382","4"
"23433","1"
"23438","3"
"23452","8"
"23454","3"
"23459","4"
"23474","1"
"23507","1"
"23519","2"
"23521","3"
"23592","2"
"23598","2"
"23612","3"
"23627","2"
"23632","2"
"23664","1"
"23673","2"
"23683","3"
"23734","4"
"23778","6"
"23794","4"
"23801","1"
"23809","1"
"23843","2"
"23850","1"
"23862","3"
"23914","1"
"24023","1"
"24044","4"
"24055","3"
"24084","4"
"24112","1"
"24130","3"
"24139","1"
"24164","1"
"24166","3"
"24178","3"
"24227","2"
"24277","1"
"24338","4"
"24384","5"
"24436","3"
"24444","2"
"24518","1"
"24538","1"
"24543","2"
"24567","2"
"24613","1"
"24647","3"
"24657","3"
"24662","2"
"24675","1"
"24729","1"
"24773","2"
"24803","4"
"24832","3"
"24863","2"
"24908","4"
"24923","1"
"24947","1"
"24990","2"
"25001","4"
"25036","4"
"25080","1"
"25088","2"
"25100","1"
"25132","1"
"25162","1"
"25219","2"
"25260","4"
"25282","3"
"25319","4"
"25444","2"
"25472","1"
"25473","1"
"25475","4"
"25490","5"
"25491","1"
"25494","4"
"25520","1"
"25530","1"
"25578","2"
"25635","1"
"25647","3"
"25661","1"
"25689","5"
"25769","2"
"25855","1"
"25874","2"
"25884","1"
"25894","4"
"25897","1"
"25900","1"
"25915","1"
"25939","1"
"25941","1"
"25958","1"
"25979","1"
"26027","1"
"26047","2"
"26062","1"
"26092","3"
"26142","3"
"26197","2"
"26223","8"
"26226","2"
"26242","1"
"26272","3"
"26278","1"
"26307","3"
"26319","3"
"26347","3"
"26390","2"
"26400","1"
"26446","4"
"26459","3"
"26469","7"
"26486","2"
"26531","2"
"26560","2"
"26561","2"
"26598","5"
"26615","3"
"26660","4"
"26685","2"
"26696","4"
"27769","5"
"27770","3"
"27782","1"
"27805","1"
"27829","4"
"27831","1"
"27849","1"
"27862","3"
"27885","1"
"27897","4"
"27904","1"
"27913","7"
"27933","1"
"27934","3"
"27939","3"
"27958","1"
"27964","1"
"27988","3"
"29014","5"
"29082","2"
"29170","4"
"29220","3"
"29226","2"
"29251","2"
"29292","1"
"29296","2"
"29324","3"
"29355","1"
"29387","1"
"29388","3"
"29407","3"
"29429","1"
"29460","1"
"29499","3"
"29515","2"
"29557","1"
"29622","3"
"29635","2"
"29735","2"
"29748","2"
"29824","4"
"29902","1"
"29930","2"
"29936","1"
"29937","3"
"29974","1"
"29982","4"
"29992","3"
"30002","3"
"30046","2"
"30096","4"
"30133","2"
"30135","4"
"30203","1"
"30289","4"
"30320","2"
"30323","2"
"30329","1"
"30330","1"
"30336","5"
"30362","2"
"30365","2"
"30431","2"
"30471","4"
"30499","2"
"30508","3"
"30519","1"
"30527","3"
"30575","2"
"30694","2"
"30697","3"
"30701","1"
"30743","3"
"30782","2"
"30818","2"
"30833","2"
"30893","2"
"30898","1"
"30919","4"
"30940","1"
"30949","4"
"30998","1"
"31001","1"
"31027","2"
"31043","3"
"31065","2"
"31100","3"
"31122","1"
"31162","1"
"31183","4"
"31204","4"
"31247","4"
"31248","5"
"31289","1"
"31315","1"
"31337","2"
"31368","1"
"31370","2"
"31388","1"
"31404","1"
"31460","1"
"31511","1"
"31549","3"
"31560","1"
"31573","2"
"31576","1"
"31606","7"
"31636","3"
"31637","2"
"31653","6"
"31683","1"
"31696","2"
"31705","3"
"31813","2"
"31826","1"
"31843","2"
"31872","3"
"31933","4"
"31975","3"
"32012","3"
"32036","2"
"32047","2"
"32063","1"
"32105","1"
"32123","2"
"32143","1"
"32171","1"
"32185","1"
"32236","2"
"32268","2"
"32285","2"
"32288","4"
"32334","3"
"32345","3"
"32347","2"
"32353","4"
"32372","5"
"32451","2"
"32510","3"
"32521","2"
"32526","2"
"32529","2"
"32532","2"
"32568","2"
"32574","1"
"32595","1"
"32616","2"
"32640","3"
"32641","1"
"32645","5"
"32672","1"
"32677","1"
"32719","3"
"32730","2"
"32761","4"
"32805","1"
"32837","1"
"32902","5"
"32953","1"
"32964","1"
"32987","2"
"33006","1"
"33020","1"
"33050","3"
"33064","2"
"33104","2"
"33114","1"
"33142","2"
"33148","2"
"33161","1"
"33189","2"
"33212","2"
"33257","1"
"33273","2"
"33293","1"
"33294","1"
"33308","5"
"33314","6"
"33343","1"
"33352","1"
"33410","3"
"33428","3"
"33456","1"
"33459","1"
"33460","1"
"33491","1"
"33507","1"
"33559","1"
"33565","3"
"33585","3"
"33603","2"
"33604","7"
"33627","1"
"33637","3"
"33641","1"
"33648","4"
"33663","1"
"33698","5"
"33722","1"
"33811","13"
"33822","1"
"33830","2"
"33834","2"
"33844","3"
"33871","4"
"33900","2"
"33909","3"
"33950","2"
"33990","2"
"34003","5"
"34022","3"
"34039","3"
"34042","5"
"34130","1"
"34142","2"
"34159","1"
"34205","1"
"34207","2"
"34241","1"
"34255","2"
"34271","4"
"34282","2"
"34298","3"
"34326","3"
"34337","1"
"34339","2"
"34343","3"
"34350","1"
"34368","1"
"34397","3"
"34419","3"
"34440","4"
"34519","4"
"34542","4"
"34577","1"
"34599","1"
"34661","1"
"34674","2"
"34687","3"
"34698","2"
"34707","2"
"34718","3"
"34782","2"
"34810","1"
"34871","4"
"34904","1"
"34913","4"
"34952","3"
"34955","1"
"34961","2"
"34962","1"
"34965","1"
"34988","1"
"34992","3"
"35015","1"
"35053","3"
"35089","2"
"35144","3"
"35222","2"
"35239","1"
"35254","2"
"35261","1"
"35264","5"
"35307","1"
"35387","1"
"35441","3"
"35450","2"
"35492","6"
"35495","4"
"35542","1"
"35556","3"
"35571","1"
"35572","3"
"35611","2"
"35635","6"
"35704","1"
"35720","2"
"35735","1"
"35741","1"
"35756","0"
"35776","2"
"35791","2"
"35831","2"
"35880","5"
"35891","3"
"35924","3"
"35977","2"
"35998","2"
"36001","3"
"36047","2"
"36073","3"
"36117","5"
"36128","6"
"36143","2"
"36156","2"
"36158","2"
"36172","6"
"36263","4"
"36267","1"
"36272","5"
"36313","2"
"36331","6"
"36355","2"
"36363","3"
"36406","3"
"36418","3"
"36427","1"
"36458","1"
"36462","3"
"36468","2"
"36517","1"
"36580","1"
"36598","3"
"36609","4"
"36618","4"
"36629","4"
"36671","4"
"36726","1"
"36735","2"
"36754","3"
"36774","1"
"36804","1"
"36807","3"
"36831","3"
"36873","2"
"36909","2"
"36948","1"
"36986","1"
"37036","1"
"37049","1"
"37121","2"
"37147","2"
"37165","1"
"37169","1"
"37175","4"
"37183","1"
"37196","3"
"37208","4"
"37243","2"
"37246","2"
"37270","2"
"37327","1"
"37338","1"
"37380","1"
"37383","4"
"37388","4"
"37417","3"
"37457","1"
"37472","1"
"37481","4"
"37505","3"
"37519","4"
"37559","1"
"37568","1"
"37577","2"
"37588","2"
"37639","2"
"37676","3"
"37724","2"
"37734","1"
"37820","1"
"37855","4"
"37861","2"
"37864","1"
"37871","2"
"37875","3"
"37893","2"
"37934","1"
"37949","1"
"37989","1"
"38001","2"
"38037","4"
"38051","2"
"38062","3"
"38071","2"
"38074","1"
"38112","2"
"38119","1"
"38134","1"
"38147","1"
"38149","1"
"38150","2"
"38156","2"
"38241","4"
"38245","2"
"38247","4"
"38250","4"
"38321","4"
"38331","1"
"38501","2"
"38502","3"
"38504","1"
"38546","3"
"38567","3"
"38629","2"
"38644","2"
"38655","2"
"38660","1"
"38708","2"
"38715","3"
"38890","3"
"38899","1"
"38925","1"
"38942","4"
"38960","2"
"38972","2"
"38990","1"
"39014","3"
"39051","2"
"39055","2"
"39077","2"
"39087","2"
"39097","2"
"39101","8"
"39122","2"
"39165","5"
"39205","4"
"39271","3"
"39285","1"
"39297","1"
"39440","3"
"39520","3"
"39524","1"
"39530","2"
"39540","2"
"39547","2"
"39555","2"
"39585","2"
"39662","2"
"39692","1"
"39696","3"
"39711","4"
"39729","2"
"39762","1"
"39775","2"
"39801","4"
"39833","7"
"39857","2"
"39882","1"
"39892","1"
"39893","1"
"39913","1"
"39925","4"
"39930","2"
"39933","1"
"39990","2"
"40023","3"
"40085","3"
"40127","2"
"40154","2"
"40182","1"
"40185","1"
"40227","3"
"40255","1"
"40274","4"
"40289","1"
"40291","4"
"40298","1"
"40336","2"
"40392","2"
"40395","1"
"40396","3"
"40416","2"
"40482","3"
"40534","3"
"40562","1"
"40594","1"
"40616","1"
"40655","2"
"40720","1"
"40808","1"
"40849","5"
"40861","2"
"40869","1"
"40992","1"
"40995","1"
"41010","3"
"41058","3"
"41122","2"
"41139","2"
"41160","2"
"41230","2"
"41239","2"
"41333","3"
"41343","1"
"41350","2"
"41364","2"
"41393","1"
"41459","3"
"41478","1"
"41502","2"
"41539","1"
"41605","3"
"41685","1"
"41688","1"
"41708","3"
"41716","2"
"41783","3"
"41810","1"
"41905","1"
"41913","0"
"41918","3"
"41943","1"
"41966","4"
"41988","4"
"42014","1"
"42020","2"
"42035","2"
"42071","1"
"42091","1"
"42092","1"
"42093","2"
"42101","1"
"42103","4"
"42168","1"
"42171","1"
"42191","1"
"42209","2"
"42229","1"
"42278","3"
"42289","1"
"42314","2"
"42334","2"
"42369","4"
"42383","2"
"42397","2"
"42406","2"
"42417","1"
"42455","3"
"42462","2"
"42466","1"
"42469","2"
"42476","1"
"42500","8"
"42509","2"
"42601","2"
"42618","5"
"42621","2"
"42626","2"
"42629","1"
"42663","2"
"42782","2"
"42801","1"
"42802","1"
"42897","1"
"42912","2"
"43008","0"
"43063","1"
"43083","1"
"43255","2"
"43284","2"
"43287","2"
"43294","5"
"43370","3"
"43373","3"
"43411","1"
"43450","3"
"43454","2"
"43503","4"
"43522","4"
"43529","5"
"43537","1"
"43539","1"
"43546","1"
"43574","4"
"43615","6"
"43649","1"
"43658","1"
"43669","2"
"43692","1"
"43707","1"
"43737","1"
"43740","2"
"43750","2"
"43780","2"
"43791","2"
"43794","1"
"43807","1"
"43837","1"
"43856","1"
"43921","2"
"43926","2"
"44018","5"
"44033","1"
"44043","2"
"44131","1"
"44149","2"
"44151","4"
"44181","4"
"44186","2"
"44190","4"
"44210","3"
"44214","3"
"44247","2"
"44275","1"
"44315","2"
"44335","1"
"44337","1"
"44345","5"
"44382","2"
"44419","2"
"44489","4"
"44532","1"
"44543","1"
"44596","1"
"44620","1"
"44644","2"
"44668","3"
"44705","2"
"44716","2"
"44801","2"
"44843","6"
"44849","5"
"44881","2"
"44980","2"
"44987","1"
"44997","1"
"45049","1"
"45074","3"
"45093","2"
"45097","1"
"45156","3"
"45184","1"
"45254","1"
"45311","2"
"45326","1"
"45328","4"
"45375","4"
"45380","1"
"45410","5"
"45490","1"
"45509","2"
"45527","2"
"45552","2"
"45561","2"
"45578","5"
"45593","2"
"45660","2"
"45680","1"
"45687","2"
"45695","1"
"45712","6"
"45723","1"
"45738","2"
"45750","3"
"45776","1"
"45794","2"
"45808","2"
"45831","2"
"45834","2"
"45849","1"
"45871","1"
"45892","2"
"45919","1"
"45928","1"
"45986","1"
"45999","1"
"46003","1"
"46004","4"
"46020","2"
"46021","3"
"46070","2"
"46080","1"
"46092","1"
"46095","1"
"46099","1"
"46108","3"
"46112","1"
"46124","1"
"46125","1"
"46164","1"
"46199","1"
"46212","2"
"46268","1"
"46289","1"
"46293","2"
"46340","1"
"46344","1"
"46348","2"
"46353","4"
"46369","3"
"46395","3"
"46438","1"
"46477","2"
"46484","2"
"46525","1"
"46540","1"
"46563","1"
"46583","1"
"46608","2"
"46652","1"
"46683","3"
"46696","1"
"46704","3"
"46746","1"
"46764","2"
"46793","2"
"46807","2"
"46818","3"
"46836","2"
"46849","2"
"46900","1"
"46907","1"
"46941","2"
"46953","3"
"46957","2"
"46966","1"
"46973","1"
"46984","1"
"46993","1"
"46997","8"
"47027","3"
"47043","1"
"47070","4"
"47152","1"
"47153","3"
"47182","0"
"47185","1"
"47191","1"
"47192","2"
"47198","2"
"47224","3"
"47232","3"
"47261","1"
"47279","2"
"47334","2"
"47341","2"
"47376","1"
"47400","1"
"47401","3"
"47433","1"
"47467","6"
"47489","2"
"47490","1"
"47509","2"
"47555","1"
"47617","2"
"47618","1"
"47638","2"
"47641","1"
"47652","1"
"47658","2"
"47671","2"
"47692","2"
"47742","2"
"47762","3"
"47789","1"
"47809","1"
"47821","2"
"47887","1"
"47890","3"
"48040","2"
"48053","3"
"48058","2"
"48092","6"
"48110","2"
"48117","2"
"48139","6"
"48154","1"
"48158","1"
"48187","2"
"48206","5"
"48226","3"
"48249","1"
"48257","1"
"48270","5"
"48302","1"
"48354","1"
"48378","2"
"48391","0"
"48396","1"
"48411","3"
"48422","2"
"48438","2"
"48539","1"
"48543","2"
"48580","1"
"48601","2"
"48607","1"
"48667","1"
"48705","2"
"48714","2"
"48735","1"
"48754","2"
"48774","1"
"48826","2"
"48927","1"
"48980","2"
"48988","1"
"49016","1"
"49048","4"
"49056","2"
"49080","1"
"49086","2"
"49097","3"
"49107","2"
"49163","1"
"49184","2"
"49205","1"
"49206","2"
"49228","1"
"49260","2"
"49274","5"
"49305","1"
"49332","1"
"49354","2"
"49356","4"
"49441","1"
"49442","4"
"49515","2"
"49550","4"
"49581","2"
"49638","1"
"49647","1"
"49682","2"
"49695","3"
"49699","4"
"49718","2"
"49761","1"
"49771","3"
"49823","2"
"49851","2"
"49859","1"
"50893","1"
"50895","1"
"50913","3"
"50925","3"
"50970","2"
"51010","2"
"51017","4"
"51039","4"
"51056","2"
"51069","4"
"51083","2"
"51182","3"
"51195","3"
"51203","1"
"51207","1"
"51256","3"
"51306","2"
"51309","2"
"51343","1"
"51344","3"
"51361","1"
"51366","1"
"51369","1"
"51413","2"
"51425","0"
"51476","2"
"51479","1"
"51554","2"
"51579","1"
"51587","2"
"51614","2"
"51657","2"
"51675","1"
"51676","0"
"51755","3"
"51784","1"
"51822","1"
"51827","0"
"51843","1"
"51860","3"
"51882","1"
"51936","2"
"51979","3"
"51994","2"
"52000","2"
"52080","1"
"52136","2"
"52149","2"
"52158","1"
"52186","4"
"52193","1"
"52199","2"
"52262","2"
"52271","1"
"52278","2"
"52296","1"
"52372","0"
"52436","2"
"52447","2"
"52506","4"
"52512","1"
"52527","2"
"52574","1"
"52643","8"
"52658","1"
"52666","4"
"52667","1"
"52689","1"
"52699","1"
"52704","0"
"52728","4"
"52735","1"
"52742","2"
"52754","1"
"52804","1"
"52828","2"
"52856","3"
"52862","0"
"52863","2"
"52870","2"
"52879","5"
"52887","3"
"52920","1"
"52980","2"
"53014","1"
"53027","1"
"53029","1"
"53041","1"
"53047","3"
"53065","1"
"53087","1"
"53104","6"
"53162","1"
"53166","2"
"53173","1"
"53265","2"
"53288","1"
"53305","2"
"53359","2"
"53374","0"
"53417","3"
"53440","4"
"53448","3"
"53474","6"
"53528","1"
"53538","1"
"53573","2"
"53596","5"
"53630","2"
"53699","8"
"53753","1"
"53773","9"
"53791","2"
"53841","2"
"53847","1"
"53864","3"
"53867","1"
"53895","3"
"53922","2"
"53929","1"
"53954","1"
"53974","1"
"53978","2"
"54007","2"
"54009","1"
"54027","3"
"54055","1"
"54091","0"
"54099","2"
"54163","1"
"54190","4"
"54244","2"
"54324","4"
"54325","1"
"54343","2"
"54418","1"
"54454","2"
"54480","3"
"54501","4"
"54512","2"
"54547","2"
"54572","2"
"54580","1"
"54590","1"
"54599","2"
"54630","1"
"54669","1"
"54672","2"
"54706","2"
"54732","2"
"54734","4"
"54744","2"
"54758","2"
"54770","1"
"54831","2"
"54850","1"
"54852","3"
"54857","1"
"54865","4"
"54929","1"
"54952","1"
"54967","3"
"54986","0"
"55043","2"
"55061","9"
"55075","4"
"55076","5"
"55083","2"
"55086","1"
"55104","5"
"55105","0"
"55119","2"
"55138","3"
"55139","4"
"55179","2"
"55180","2"
"55181","1"
"55185","3"
"55190","1"
"55191","1"
"55197","2"
"55205","1"
"55244","1"
"55249","4"
"55270","1"
"55272","1"
"55283","4"
"55300","4"
"55313","2"
"55342","1"
"55354","1"
"55357","2"
"55371","1"
"55380","1"
"55381","2"
"55387","1"
"55419","1"
"55456","1"
"55460","1"
"55467","3"
"55469","0"
"55470","3"
"55514","0"
"55525","3"
"55562","1"
"55580","1"
"55613","1"
"55615","9"
"55618","1"
"55673","0"
"55703","2"
"55711","2"
"55712","3"
"55718","3"
"55792","2"
"55862","4"
"55876","1"
"55971","2"
"55982","1"
"55990","2"
"56010","1"
"56016","2"
"56031","1"
"56056","2"
"56069","4"
"56126","1"
"56155","1"
"56190","2"
"56201","1"
"56265","1"
"56302","1"
"56347","2"
"56366","2"
"56369","1"
"56399","2"
"56401","1"
"56405","1"
"56408","3"
"56417","1"
"56423","1"
"56516","1"
"56551","1"
"56555","2"
"56568","4"
"56609","1"
"56627","4"
"56681","1"
"56693","2"
"56769","1"
"56772","2"
"56777","2"
"56804","2"
"56809","3"
"56822","2"
"56825","4"
"56851","2"
"56852","1"
"56870","1"
"56886","2"
"56895","1"
"56930","1"
"56978","5"
"57040","1"
"57055","2"
"57078","1"
"57087","1"
"57115","2"
"57128","3"
"57143","6"
"57151","2"
"57182","2"
"57203","2"
"57241","1"
"57252","3"
"57268","2"
"57302","2"
"57319","1"
"57337","3"
"57349","1"
"57363","1"
"57378","1"
"57384","1"
"57386","3"
"57397","1"
"57406","3"
"57427","1"
"57435","2"
"57504","2"
"57509","1"
"57527","3"
"57556","2"
"57615","1"
"57644","0"
"57666","2"
"57688","1"
"57706","1"
"57715","0"
"57722","1"
"57734","4"
"57747","1"
"57754","1"
"57758","1"
"57775","0"
"57776","1"
"57810","1"
"57819","2"
"57837","2"
"57888","3"
"57896","1"
"57901","2"
"57933","2"
"57950","5"
"57965","1"
"58027","2"
"58048","1"
"58054","2"
"58107","1"
"58115","3"
"58141","1"
"58147","1"
"58155","2"
"58169","1"
"58174","1"
"58187","3"
"58207","1"
"58208","3"
"58245","3"
"58369","2"
"58385","2"
"58387","2"
"58388","1"
"58458","1"
"58500","2"
"58511","1"
"58549","1"
"58570","2"
"58585","1"
"58586","3"
"58597","3"
"58612","2"
"58617","2"
"58619","2"
"58626","1"
"58634","2"
"58682","2"
"58693","1"
"58696","1"
"58697","2"
"58702","1"
"58719","3"
"58755","1"
"58763","2"
"58771","2"
"58775","1"
"58793","3"
"58838","1"
"58899","2"
"58937","2"
"58947","1"
"58950","1"
"59042","1"
"59076","2"
"59101","1"
"59126","2"
"59188","3"
"59217","1"
"59220","1"
"59233","1"
"59307","2"
"59320","2"
"59323","2"
"59383","2"
"59407","1"
"59411","4"
"59434","3"
"59452","1"
"59458","1"
"59469","2"
"59470","2"
"59499","3"
"59500","1"
"59517","7"
"59551","1"
"59574","2"
"60617","3"
"60630","6"
"60638","1"
"60639","1"
"60657","4"
"60662","4"
"60730","2"
"60763","2"
"60794","0"
"60815","2"
"60826","2"
"60857","2"
"60867","1"
"60877","1"
"60892","1"
"60919","2"
"60959","1"
"61043","1"
"61049","1"
"61053","3"
"61061","2"
"61094","3"
"61110","2"
"61123","3"
"61173","2"
"61177","2"
"61190","4"
"61198","3"
"61210","1"
"61279","1"
"61325","2"
"61386","1"
"61395","2"
"61409","1"
"61446","1"
"61479","1"
"61535","1"
"61556","2"
"61580","2"
"61601","4"
"61613","1"
"61647","2"
"61649","1"
"61666","3"
"61839","1"
"61890","3"
"61897","1"
"61900","2"
"61966","2"
"61967","2"
"61984","1"
"62046","2"
"62047","2"
"62056","0"
"62080","4"
"62147","2"
"62183","1"
"62190","3"
"62212","4"
"62260","4"
"62268","3"
"62276","2"
"62351","1"
"62376","1"
"62386","3"
"62409","6"
"62413","0"
"62414","2"
"62420","1"
"62441","2"
"62464","1"
"62483","1"
"62500","3"
"62517","1"
"62521","1"
"62589","1"
"62590","2"
"62600","1"
"62613","1"
"62644","1"
"62686","2"
"62708","0"
"62731","1"
"62769","5"
"62802","4"
"62835","8"
"62930","1"
"62940","3"
"63003","1"
"63036","1"
"63046","2"
"63097","7"
"63130","2"
"63139","3"
"63177","2"
"63179","3"
"63181","3"
"63191","1"
"63215","1"
"63218","2"
"63219","2"
"63315","2"
"63396","1"
"63416","1"
"63431","1"
"63432","2"
"63493","1"
"63500","1"
"63561","2"
"63593","1"
"63617","1"
"63634","2"
"63727","2"
"63734","1"
"63800","2"
"63821","7"
"63867","2"
"63881","2"
"63905","5"
"63907","1"
"63920","1"
"63942","1"
"63944","1"
"63946","2"
"63952","2"
"64029","2"
"64040","2"
"64052","3"
"64054","1"
"64055","2"
"64080","3"
"64094","2"
"64111","4"
"64125","8"
"64146","1"
"64161","0"
"64182","1"
"64186","2"
"64188","2"
"64191","1"
"64211","3"
"64215","3"
"64282","1"
"64286","3"
"64334","1"
"64339","0"
"64341","1"
"64410","1"
"64422","2"
"64437","1"
"64443","6"
"64458","3"
"64494","1"
"64529","1"
"64562","4"
"64624","2"
"64638","0"
"64660","3"
"64690","1"
"64722","3"
"64740","1"
"64754","3"
"64773","2"
"64884","4"
"64915","4"
"64920","1"
"64931","2"
"64937","2"
"64968","2"
"64979","4"
"64983","1"
"64989","1"
"65021","4"
"65083","1"
"65097","2"
"65104","2"
"65122","2"
"65136","1"
"65142","5"
"65153","9"
"65184","2"
"65186","2"
"65299","8"
"65319","1"
"65396","3"
"65403","2"
"65459","1"
"65461","1"
"65463","3"
"65494","1"
"65516","1"
"65522","2"
"65526","3"
"65537","1"
"65544","2"
"65545","1"
"65586","2"
"65591","1"
"65625","1"
"65639","2"
"65731","1"
"65761","2"
"65769","4"
"65793","3"
"65803","2"
"65815","1"
"65824","2"
"65836","2"
"65869","2"
"65871","1"
"65872","2"
"65885","1"
"65901","1"
"65912","1"
"65917","1"
"65918","3"
"65930","2"
"65975","1"
"66000","3"
"66003","2"
"66016","1"
"66019","1"
"66026","2"
"66051","2"
"66071","4"
"66076","2"
"66098","1"
"66142","4"
"66159","2"
"66166","1"
"66217","2"
"66225","2"
"66251","1"
"66252","1"
"66272","4"
"66283","2"
"66310","4"
"66318","3"
"66361","1"
"66376","3"
"66436","2"
"66446","2"
"66466","1"
"66472","3"
"66475","3"
"66508","1"
"66510","3"
"66523","4"
"66533","1"
"66559","3"
"66592","4"
"66632","1"
"66639","2"
"66653","2"
"66675","1"
"66688","3"
"66798","2"
"66825","2"
"66883","1"
"66908","3"
"66946","1"
"66949","3"
"66963","0"
"67011","1"
"67075","4"
"67092","5"
"67093","3"
"67145","0"
"67168","5"
"67184","1"
"67205","3"
"67346","2"
"67349","1"
"67452","1"
"67474","1"
"67514","2"
"67539","5"
"67596","9"
"67608","1"
"67630","1"
"67646","1"
"67695","2"
"67700","2"
"67707","1"
"67710","2"
"67712","3"
"67727","3"
"67730","0"
"67735","2"
"67767","1"
"67790","1"
"67834","2"
"67835","4"
"67892","1"
"67907","1"
"67939","1"
"67942","1"
"67968","1"
"68059","1"
"68063","2"
"68122","5"
"68123","3"
"68139","1"
"68142","3"
"68158","2"
"68168","6"
"68171","1"
"68190","3"
"68214","1"
"68216","1"
"68221","3"
"68227","1"
"68234","1"
"68239","1"
"68240","1"
"68243","2"
"68245","1"
"68248","0"
"68261","2"
"68266","2"
"68272","2"
"68296","1"
"68304","2"
"68317","2"
"68325","5"
"68327","4"
"68345","2"
"68347","3"
"68353","3"
"68405","3"
"68408","1"
"68437","1"
"68442","2"
"68459","1"
"68478","1"
"68500","1"
"68506","1"
"68539","1"
"68566","1"
"68580","2"
"68600","1"
"68624","1"
"68631","1"
"68670","1"
"68671","1"
"68699","3"
"68740","3"
"68748","1"
"68780","4"
"68783","0"
"68785","1"
"68794","2"
"68807","1"
"68818","2"
"68827","4"
"68847","5"
"68877","1"
"68890","2"
"68892","1"
"68918","1"
"68956","1"
"68972","1"
"68975","12"
"69002","1"
"69025","1"
"69037","1"
"69074","2"
"69092","1"
"69107","1"
"69239","3"
"69273","1"
"69288","3"
"69289","1"
"69290","1"
"69333","2"
"69340","1"
"69356","2"
"69362","1"
"69392","2"
"69398","1"
"69432","1"
"69453","1"
"69459","2"
"70463","1"
"70467","2"
"70477","3"
"70550","1"
"70571","4"
"70579","1"
"70601","1"
"70605","1"
"70632","2"
"70684","2"
"70695","2"
"70756","2"
"70776","2"
"70818","3"
"70848","3"
"70863","1"
"70894","0"
"70900","3"
"70914","2"
"70933","1"
"70940","3"
"70963","3"
"70982","1"
"71003","2"
"71023","1"
"71031","3"
"71046","2"
"71134","1"
"71169","1"
"71181","2"
"71250","2"
"71252","2"
"71334","1"
"71356","3"
"71389","3"
"71402","1"
"71410","1"
"71427","1"
"71449","0"
"71503","1"
"71573","1"
"71619","1"
"71665","2"
"71684","1"
"71689","2"
"71696","3"
"71728","1"
"71748","1"
"71761","7"
"71816","3"
"71843","3"
"71867","2"
"71891","1"
"71925","1"
"71957","2"
"71979","1"
"71986","1"
"72039","1"
"72041","1"
"72043","1"
"72050","1"
"72117","2"
"72125","1"
"72146","1"
"72163","2"
"72182","3"
"72217","3"
"72237","0"
"72304","1"
"72317","1"
"72319","1"
"72327","2"
"72338","1"
"72339","1"
"72365","1"
"72385","1"
"72401","1"
"72402","1"
"72407","2"
"72457","1"
"72486","4"
"72501","2"
"72510","1"
"72535","2"
"72551","1"
"72557","2"
"72582","2"
"72589","3"
"72606","2"
"72647","2"
"72650","1"
"72653","2"
"72656","2"
"72698","2"
"72755","2"
"72765","1"
"72766","2"
"72783","1"
"72792","5"
"72855","2"
"72875","2"
"72914","3"
"72935","1"
"72999","1"
"73031","2"
"73059","1"
"73090","2"
"73136","2"
"73145","1"
"73147","5"
"73158","1"
"73185","1"
"73204","1"
"73214","2"
"73217","1"
"73223","2"
"73276","3"
"73331","3"
"73338","1"
"73344","3"
"73369","5"
"73406","2"
"73417","2"
"73433","2"
"73445","1"
"73451","8"
"73469","1"
"73476","3"
"73479","4"
"73492","2"
"73536","2"
"73584","3"
"73652","1"
"73678","1"
"73689","9"
"73701","4"
"73717","2"
"73718","1"
"73744","3"
"73750","3"
"73756","2"
"73759","1"
"73792","2"
"73834","1"
"73861","2"
"73878","3"
"73911","1"
"73926","1"
"73929","2"
"73941","2"
"73956","2"
"73970","2"
"73980","1"
"73998","1"
"74058","3"
"74060","1"
"74106","2"
"74153","1"
"74159","0"
"74169","2"
"74201","1"
"74209","2"
"74216","1"
"74254","3"
"74259","1"
"74296","3"
"74341","2"
"74346","3"
"74353","2"
"74360","3"
"74382","3"
"74429","2"
"74480","1"
"74484","2"
"74487","1"
"74520","2"
"74547","2"
"74586","3"
"74595","1"
"74613","1"
"74656","3"
"74674","1"
"74695","3"
"74725","2"
"75735","2"
"75790","3"
"75798","2"
"75814","1"
"75848","2"
"75867","1"
"75924","1"
"75938","1"
"75942","3"
"75956","2"
"75958","6"
"75996","2"
"75997","1"
"76014","1"
"76060","1"
"76065","1"
"76070","3"
"76101","2"
"76114","1"
"76167","2"
"76184","4"
"76373","2"
"76413","1"
"76486","3"
"76492","3"
"76535","2"
"76544","1"
"76577","5"
"76588","1"
"76610","1"
"76670","2"
"76680","4"
"76693","1"
"76715","5"
"76779","1"
"76804","2"
"76816","2"
"76842","1"
"76845","3"
"76873","1"
"76895","1"
"76903","2"
"76914","2"
"76951","2"
"76999","2"
"77020","1"
"77031","1"
"77039","6"
"77112","3"
"77122","1"
"77127","1"
"77147","1"
"77156","0"
"77166","2"
"77177","1"
"77193","1"
"77204","2"
"77230","2"
"77241","2"
"77320","4"
"77336","1"
"77366","2"
"77371","0"
"77420","1"
"77428","3"
"77439","0"
"77445","2"
"77488","4"
"77495","1"
"77507","1"
"77515","2"
"77522","3"
"77532","4"
"77549","2"
"77554","1"
"77591","1"
"77600","2"
"78634","3"
"78733","2"
"78744","2"
"78817","4"
"78860","1"
"78888","2"
"78907","2"
"78940","2"
"78960","1"
"78998","1"
"79054","1"
"79072","2"
"79088","3"
"79098","0"
"79107","1"
"79118","6"
"79161","2"
"79172","3"
"79230","1"
"79253","1"
"79274","1"
"79317","4"
"79378","4"
"79423","1"
"79427","1"
"79438","1"
"79456","4"
"79479","2"
"79492","1"
"79506","1"
"79550","1"
"79566","4"
"79573","2"
"79583","6"
"79591","0"
"79611","1"
"79665","1"
"79671","1"
"79684","3"
"79702","4"
"79744","3"
"79760","1"
"79852","2"
"79875","1"
"79897","3"
"79904","0"
"79921","1"
"79925","3"
"79943","1"
"79976","3"
"79997","1"
"80003","1"
"80005","1"
"80010","2"
"80029","1"
"80084","1"
"80089","3"
"80098","3"
"80157","1"
"80170","5"
"80197","3"
"80210","4"
"80217","1"
"80222","4"
"80233","2"
"80235","2"
"80251","1"
"80254","1"
"80267","2"
"80280","1"
"80304","0"
"80351","1"
"80360","5"
"80393","1"
"80441","1"
"80454","3"
"80484","1"
"80540","1"
"80608","2"
"80624","1"
"80627","3"
"80655","1"
"80685","2"
"80699","2"
"80715","2"
"80729","1"
"80748","2"
"80786","1"
"80791","1"
"80797","2"
"80803","3"
"80814","2"
"80905","5"
"80929","1"
"80989","1"
"80998","1"
"81004","4"
"81026","1"
"81032","1"
"81101","1"
"81106","3"
"81152","1"
"81186","3"
"81202","2"
"81215","5"
"81218","1"
"81235","1"
"81250","3"
"81285","1"
"81305","1"
"81316","5"
"81427","2"
"81435","2"
"81478","1"
"81501","1"
"81507","2"
"81525","3"
"81578","1"
"81614","1"
"81658","1"
"81726","1"
"81758","2"
"81824","2"
"81826","2"
"81832","2"
"81845","1"
"81867","3"
"81929","1"
"81956","1"
"81962","1"
"81980","1"
"82029","1"
"82071","1"
"82080","2"
"82083","1"
"82129","1"
"82173","1"
"82189","2"
"82212","1"
"82235","3"
"82249","2"
"82262","3"
"82264","1"
"82280","1"
"82285","2"
"82330","2"
"82346","2"
"82359","1"
"82413","2"
"82437","1"
"82562","2"
"82568","2"
"82575","1"
"82596","4"
"82630","1"
"82652","3"
"82677","2"
"82700","1"
"82722","2"
"82771","1"
"82787","1"
"82869","2"
"82879","3"
"82917","1"
"82932","2"
"82941","1"
"82976","1"
"82997","2"
"83000","1"
"83001","3"
"83029","1"
"83054","0"
"83068","1"
"83089","1"
"83097","2"
"83099","2"
"83138","2"
"83142","1"
"83147","2"
"83150","1"
"83166","1"
"83171","2"
"83185","4"
"83214","3"
"83222","1"
"83231","2"
"83239","1"
"83263","2"
"83327","1"
"83331","1"
"83356","1"
"83361","1"
"83365","2"
"83385","0"
"83402","2"
"83403","1"
"83407","1"
"83436","1"
"83440","1"
"83469","1"
"83478","1"
"83503","4"
"83518","2"
"83531","1"
"83549","2"
"83624","2"
"83631","1"
"83667","2"
"83748","2"
"83764","3"
"83772","1"
"83776","2"
"83783","2"
"83800","1"
"83805","3"
"83815","1"
"83843","4"
"83862","1"
"83898","1"
"83935","1"
"83937","1"
"83948","2"
"83961","1"
"83980","1"
"84058","3"
"84060","3"
"84082","4"
"84093","2"
"84096","0"
"84128","2"
"84162","3"
"84172","3"
"84205","1"
"84209","1"
"84214","1"
"84240","1"
"84276","2"
"84349","3"
"84377","1"
"84384","2"
"84403","1"
"84410","2"
"84422","1"
"84443","2"
"84461","0"
"84465","6"
"84468","2"
"84507","1"
"84509","1"
"84518","2"
"84525","1"
"84529","1"
"84540","2"
"84623","5"
"84673","5"
"84681","2"
"84704","2"
"84733","2"
"84747","0"
"84779","1"
"84781","1"
"84810","3"
"84824","7"
"84827","2"
"84839","2"
"84851","1"
"84921","2"
"84923","2"
"84924","0"
"84934","3"
"84993","2"
"85066","1"
"85149","2"
"85158","1"
"85162","2"
"85167","2"
"85214","1"
"85223","1"
"85228","1"
"85251","1"
"85275","3"
"85295","1"
"85298","1"
"85319","1"
"85406","5"
"85410","2"
"85446","1"
"85478","1"
"85546","0"
"85551","1"
"85689","1"
"85694","1"
"85698","3"
"85718","2"
"85746","1"
"85764","3"
"85767","2"
"85770","1"
"85773","3"
"85801","2"
"85812","2"
"85813","2"
"85816","1"
"85818","2"
"85845","1"
"85857","2"
"85862","1"
"85877","1"
"85886","2"
"85919","1"
"85946","1"
"85998","2"
"86010","2"
"86012","1"
"86024","0"
"86042","2"
"86060","1"
"86073","1"
"86210","4"
"86317","1"
"86359","2"
"86370","2"
"86440","0"
"86446","1"
"86465","1"
"86495","1"
"86536","3"
"86537","1"
"86559","1"
"86561","3"
"86609","5"
"86655","1"
"86659","1"
"86692","4"
"86704","1"
"86757","1"
"86759","3"
"86760","1"
"86773","5"
"86778","2"
"86779","1"
"86788","3"
"86791","1"
"86821","1"
"86834","1"
"86838","1"
"86893","1"
"86900","0"
"86908","4"
"86916","3"
"86921","1"
"86940","0"
"86971","2"
"87045","1"
"87067","1"
"87073","1"
"87110","1"
"87114","3"
"87124","1"
"87194","2"
"87207","2"
"87225","1"
"87278","9"
"87298","3"
"87340","3"
"87343","7"
"87384","1"
"87387","2"
"87403","2"
"87421","2"
"87447","3"
"87460","1"
"87499","1"
"87525","2"
"87571","1"
"87579","1"
"88596","1"
"88629","2"
"88665","2"
"88706","3"
"88750","1"
"88774","2"
"88805","1"
"88900","1"
"88904","2"
"88910","1"
"88925","1"
"88935","1"
"88939","3"
"88948","1"
"88954","2"
"88971","2"
"88973","2"
"88998","1"
"89004","2"
"89011","1"
"89048","2"
"89057","2"
"89062","2"
"89074","1"
"89105","1"
"89111","1"
"89125","1"
"89139","0"
"89183","2"
"89266","3"
"89289","2"
"89334","1"
"89339","1"
"89341","1"
"89361","1"
"89369","3"
"89431","2"
"89487","2"
"89491","1"
"89500","3"
"89502","3"
"89505","2"
"89546","2"
"89576","1"
"89582","2"
"89589","3"
"89599","1"
"89605","1"
"89607","1"
"89619","1"
"89642","2"
"89669","2"
"89670","1"
"89684","1"
"89689","4"
"89756","1"
"89834","3"
"89859","2"
"89869","2"
"89897","2"
"89903","3"
"89905","1"
"89920","2"
"89924","1"
"89927","1"
"89929","3"
"89962","2"
"89976","2"
"90001","1"
"90009","2"
"90012","2"
"90023","3"
"90049","2"
"90105","2"
"90115","2"
"90118","0"
"90119","1"
"90191","9"
"90226","2"
"90297","1"
"90314","1"
"90341","1"
"90377","1"
"90402","2"
"90434","4"
"90486","1"
"90503","1"
"90520","1"
"90558","5"
"90565","1"
"90607","2"
"90725","1"
"90732","1"
"90738","1"
"90749","3"
"90787","1"
"90799","2"
"90809","3"
"90821","2"
"90822","2"
"90828","2"
"90842","3"
"90932","2"
"90962","1"
"90964","1"
"90994","2"
"91001","2"
"91028","1"
"91041","1"
"91055","2"
"91109","2"
"91148","1"
"91164","1"
"91165","3"
"91170","1"
"91195","3"
"91199","1"
"91264","3"
"91266","2"
"91334","3"
"91347","3"
"91427","2"
"91466","1"
"91486","1"
"91526","2"
"91548","2"
"91560","2"
"91573","1"
"91641","5"
"91652","2"
"91692","2"
"91722","1"
"91737","1"
"91755","2"
"91762","3"
"91783","2"
"91843","2"
"91875","6"
"91979","1"
"91990","3"
"92008","2"
"92051","1"
"92058","2"
"92085","1"
"92130","1"
"92136","0"
"92137","3"
"92139","0"
"92164","1"
"92309","3"
"92356","1"
"92396","2"
"92405","1"
"92430","2"
"92441","2"
"92442","1"
"92494","3"
"92526","3"
"92538","8"
"92543","2"
"92555","4"
"92602","2"
"92622","3"
"92647","1"
"92655","5"
"92717","3"
"92775","3"
"92780","1"
"92788","2"
"92790","2"
"92806","1"
"92809","1"
"92852","2"
"92903","1"
"93016","1"
"93021","1"
"93053","1"
"93098","0"
"93137","1"
"93171","2"
"93191","1"
"93220","1"
"93242","1"
"93245","2"
"93255","4"
"93296","0"
"93342","1"
"93389","1"
"93438","2"
"93445","2"
"93446","1"
"93453","1"
"93463","1"
"93466","2"
"93499","2"
"93511","2"
"93524","1"
"93535","2"
"93550","1"
"93565","1"
"93631","2"
"93670","1"
"93695","3"
"93765","2"
"93780","2"
"93789","1"
"93820","1"
"93851","2"
"93852","2"
"93854","2"
"93869","3"
"93876","2"
"93893","2"
"93933","0"
"93939","2"
"93993","4"
"94143","5"
"94154","1"
"94208","2"
"94292","4"
"94305","2"
"94306","3"
"94331","2"
"94346","0"
"94349","3"
"94356","5"
"94419","3"
"94449","1"
"94493","1"
"94501","2"
"94521","1"
"94584","2"
"94592","1"
"94606","2"
"94638","3"
"94680","0"
"94682","0"
"94707","0"
"94729","2"
"94730","1"
"94756","1"
"94763","3"
"94810","2"
"94815","1"
"94820","1"
"94870","3"
"94885","2"
"94886","2"
"94895","2"
"94906","1"
"95001","3"
"95017","2"
"95052","2"
"95069","1"
"95078","0"
"95161","2"
"95165","2"
"95186","3"
"95217","1"
"95256","4"
"95262","3"
"95286","2"
"95304","5"
"95308","2"
"95311","0"
"95362","3"
"95369","2"
"95440","1"
"95558","1"
"95576","2"
"95588","1"
"95597","4"
"95650","2"
"95659","3"
"95669","2"
"95670","2"
"95703","5"
"95706","1"
"95729","1"
"95771","2"
"95776","1"
"95849","3"
"95891","1"
"95909","2"
"95929","2"
"95946","1"
"95967","1"
"95984","1"
"96004","8"
"96075","1"
"96088","2"
"96089","1"
"96109","2"
"96114","2"
"96134","11"
"96178","6"
"96204","2"
"96214","1"
"96227","2"
"96228","2"
"96244","1"
"96246","1"
"96248","1"
"96258","3"
"96285","2"
"96299","2"
"96316","2"
"96366","1"
"96401","1"
"96405","4"
"96417","1"
"96418","1"
"96437","3"
"96447","2"
"96467","1"
"96472","1"
"96489","2"
"96504","1"
"96508","5"
"96520","1"
"96568","3"
"96636","2"
"96668","1"
"96698","3"
"96736","2"
"96737","2"
"96743","1"
"96745","1"
"96752","4"
"96761","4"
"96867","1"
"96914","1"
"96933","3"
"96942","2"
"96985","2"
"96997","2"
"96999","4"
"97079","1"
"97167","1"
"97175","3"
"97232","1"
"97241","1"
"97244","2"
"97256","1"
"97277","1"
"97292","1"
"97293","1"
"97313","3"
"97319","0"
"97324","2"
"97469","1"
"97524","2"
"97556","2"
"97698","1"
"97704","2"
"97739","2"
"97751","1"
"97768","0"
"97772","2"
"97790","2"
"97798","3"
"97825","6"
"97855","2"
"97856","5"
"97873","3"
"97878","2"
"97879","3"
"97902","1"
"97908","1"
"97952","1"
"98017","2"
"98025","2"
"98087","2"
"98088","3"
"98102","2"
"98105","2"
"98130","1"
"98153","3"
"98156","1"
"98161","2"
"98165","1"
"98197","3"
"98201","2"
"98207","7"
"98213","1"
"98270","1"
"98316","0"
"98339","3"
"98372","4"
"98385","2"
"98400","3"
"98405","2"
"98412","2"
"98422","1"
"98442","2"
"98458","5"
"98488","3"
"98492","2"
"99503","3"
"99523","2"
"99570","1"
"99628","1"
"99646","2"
"99676","1"
"99701","2"
"99767","1"
"99791","2"
"99926","2"
"99944","2"
"100019","2"
"100069","2"
"100113","1"
"100129","4"
"100131","1"
"100151","1"
"100156","1"
"100211","2"
"100218","2"
"100272","1"
"100284","2"
"100308","2"
"100311","2"
"100321","2"
"100384","1"
"100388","4"
"100398","3"
"100454","4"
"100492","2"
"100519","3"
"100528","1"
"100536","1"
"100545","1"
"100548","2"
"100557","2"
"100620","1"
"100662","2"
"100665","1"
"100700","1"
"100724","1"
"100734","1"
"100761","1"
"100769","2"
"100820","1"
"100893","2"
"100898","1"
"100903","2"
"100921","0"
"100984","1"
"101000","1"
"101018","1"
"101055","1"
"101070","1"
"101089","2"
"101104","2"
"101119","1"
"101124","1"
"101141","2"
"101180","1"
"101263","0"
"101267","2"
"101363","3"
"101404","1"
"101423","1"
"101434","1"
"101441","1"
"101479","2"
"101485","1"
"101489","0"
"101601","1"
"101686","1"
"101715","1"
"101737","2"
"101739","1"
"101770","1"
"101801","2"
"101860","1"
"101864","1"
"101872","3"
"101899","4"
"101925","1"
"101938","4"
"101942","3"
"102008","1"
"102013","3"
"102073","3"
"102085","1"
"102105","1"
"102122","1"
"102125","1"
"102182","1"
"102193","2"
"102261","2"
"102297","1"
"102352","1"
"102378","1"
"102393","2"
"102412","1"
"102424","1"
"102430","2"
"102454","2"
"102461","1"
"102464","2"
"102465","1"
"102473","1"
"102519","1"
"102524","1"
"102545","1"
"102554","4"
"102642","2"
"102676","2"
"102727","1"
"102734","1"
"102758","1"
"102765","2"
"102776","2"
"102797","1"
"102800","1"
"102816","3"
"102822","1"
"102833","1"
"102860","1"
"102871","2"
"102885","2"
"102913","1"
"102922","3"
"102928","1"
"103012","1"
"103018","2"
"103042","4"
"103140","2"
"103179","1"
"103184","2"
"103185","1"
"103206","3"
"103207","2"
"103222","1"
"103226","1"
"103314","2"
"103323","2"
"103346","1"
"103377","2"
"103384","2"
"103407","3"
"103427","2"
"103539","0"
"103652","2"
"103672","4"
"103712","3"
"103750","2"
"103779","3"
"103791","1"
"103798","0"
"103804","2"
"103879","1"
"103883","2"
"103894","1"
"103895","1"
"103936","2"
"103937","1"
"103957","4"
"104001","2"
"104009","2"
"104030","1"
"104090","2"
"104109","2"
"104145","1"
"104147","1"
"104160","2"
"104167","2"
"104202","1"
"104206","1"
"104228","1"
"104271","1"
"104276","3"
"104277","2"
"104310","1"
"104330","0"
"104362","2"
"104365","3"
"104440","2"
"104495","3"
"104508","1"
"104543","3"
"104549","2"
"104571","3"
"104630","3"
"104667","3"
"104679","1"
"104689","1"
"104705","1"
"104737","1"
"104738","4"
"104780","1"
"104813","2"
"104899","0"
"105004","1"
"105006","2"
"105019","1"
"105073","2"
"105095","3"
"105104","0"
"105116","3"
"105184","3"
"105195","1"
"105198","1"
"105201","1"
"105204","2"
"105205","1"
"105215","2"
"105230","1"
"105262","1"
"105263","1"
"105268","1"
"105276","2"
"105289","1"
"105416","1"
"105432","1"
"105475","4"
"105494","1"
"105495","2"
"105500","1"
"105547","3"
"105617","2"
"105675","3"
"105700","2"
"105723","2"
"105753","3"
"105756","1"
"105773","2"
"105777","1"
"105817","3"
"105901","1"
"105911","2"
"105922","1"
"105924","1"
"105956","1"
"106036","3"
"106040","1"
"106087","1"
"106105","1"
"106112","2"
"106171","2"
"106234","3"
"106238","1"
"106269","2"
"106288","1"
"106293","1"
"106298","2"
"106305","2"
"106316","1"
"106337","1"
"106434","1"
"106463","2"
"106473","4"
"106490","0"
"106494","1"
"106526","3"
"106538","3"
"106562","1"
"106603","1"
"106628","3"
"106661","0"
"106686","1"
"106689","3"
"106702","1"
"106708","2"
"106722","1"
"106727","1"
"106728","2"
"106729","1"
"106737","5"
"106768","2"
"106780","1"
"106831","2"
"106840","4"
"106843","4"
"106853","1"
"106907","1"
"106931","2"
"106940","1"
"106972","2"
"106974","1"
"106995","0"
"107022","1"
"107036","1"
"107074","1"
"107079","0"
"107087","2"
"107157","1"
"107178","3"
"107238","1"
"107248","1"
"107316","1"
"107361","1"
"107373","1"
"107374","1"
"107425","1"
"107438","1"
"107482","0"
"107498","1"
"107505","1"
"107527","0"
"107570","0"
"107709","2"
"107731","4"
"107738","2"
"107741","2"
"107810","2"
"107828","1"
"107844","1"
"107865","1"
"107906","1"
"107913","3"
"107967","1"
"107968","2"
"107975","1"
"107986","1"
"108012","1"
"108022","1"
"108077","1"
"108078","3"
"108102","5"
"108121","1"
"108129","2"
"108177","2"
"108188","2"
"108230","1"
"108269","1"
"108284","3"
"108314","2"
"108399","1"
"108428","2"
"108437","1"
"108472","3"
"108532","1"
"108552","2"
"108559","2"
"108602","2"
"108615","1"
"108625","2"
"108653","3"
"108693","1"
"108696","2"
"108739","1"
"108752","1"
"108776","1"
"108779","1"
"108835","5"
"108844","3"
"108867","2"
"108883","2"
"108909","1"
"108943","1"
"108946","4"
"108969","1"
"108971","1"
"108973","2"
"109057","2"
"109075","1"
"109139","1"
"109163","1"
"109197","1"
"109228","1"
"109293","5"
"109328","1"
"109346","0"
"109358","1"
"109374","1"
"109384","1"
"109413","1"
"109415","2"
"109435","1"
"109442","2"
"109580","1"
"109588","0"
"109608","2"
"109628","1"
"109639","2"
"109669","1"
"109678","2"
"109688","1"
"109694","2"
"109763","1"
"109775","0"
"109786","2"
"109814","1"
"109828","3"
"109855","2"
"109874","2"
"109875","1"
"109877","1"
"109902","2"
"109907","3"
"109929","1"
"109931","3"
"109942","1"
"109954","1"
"109961","3"
"109980","1"
"110018","0"
"110051","2"
"110057","2"
"110120","2"
"110126","2"
"110151","1"
"110162","1"
"110171","1"
"110181","2"
"110183","1"
"110219","2"
"110221","1"
"110240","1"
"110291","1"
"110300","0"
"110307","0"
"110308","1"
"110310","5"
"110316","2"
"110334","2"
"110351","0"
"110355","1"
"110442","0"
"110452","1"
"110480","1"
"110525","2"
"110570","1"
"110620","1"
"110634","0"
"110639","2"
"110725","1"
"110784","3"
"110816","2"
"110859","1"
"110862","1"
"110900","1"
"110903","2"
"110914","2"
"110931","2"
"110936","1"
"110954","2"
"111013","0"
"111044","4"
"111059","1"
"111110","1"
"111113","1"
"111116","1"
"111121","1"
"111145","0"
"111172","3"
"111176","1"
"111179","1"
"111206","2"
"111222","3"
"111249","3"
"111250","2"
"111336","1"
"111340","2"
"111370","2"
"111393","1"
"111410","7"
"111415","1"
"111431","3"
"111458","1"
"111473","2"
"111482","4"
"111594","3"
"111686","2"
"111688","1"
"111691","0"
"111752","2"
"111776","1"
"111787","0"
"111789","2"
"111805","2"
"111824","3"
"111825","1"
"111840","4"
"111859","1"
"111883","2"
"111955","3"
"111964","1"
"111976","2"
"112065","1"
"112069","1"
"112149","3"
"112159","2"
"112184","0"
"112185","3"
"112204","1"
"112210","1"
"112221","1"
"112229","2"
"112302","1"
"112327","1"
"112342","1"
"112357","1"
"112376","0"
"112406","1"
"112407","2"
"112409","1"
"112497","1"
"112528","6"
"112536","2"
"112549","1"
"112572","1"
"112579","2"
"112654","3"
"112662","4"
"112878","2"
"112888","1"
"112892","1"
"112910","4"
"112915","1"
"112950","1"
"112997","3"
"113068","1"
"113084","0"
"113098","1"
"113111","2"
"113122","1"
"113166","1"
"113167","1"
"113173","1"
"113226","2"
"113278","1"
"113313","2"
"113318","3"
"113347","2"
"113352","3"
"113395","2"
"113402","1"
"113451","2"
"113472","1"
"113481","2"
"113492","1"
"113508","1"
"113524","2"
"113543","1"
"113568","1"
"114633","5"
"114685","1"
"114686","2"
"114820","1"
"114840","1"
"114841","2"
"114856","1"
"114882","0"
"114892","1"
"114996","1"
"115009","1"
"115052","1"
"115125","1"
"115142","1"
"115156","2"
"115204","1"
"115255","1"
"115276","0"
"115280","1"
"115284","1"
"115285","2"
"115309","3"
"115320","2"
"115342","2"
"115353","1"
"115370","2"
"115395","2"
"115427","1"
"115447","7"
"115467","1"
"115540","1"
"115604","1"
"115677","0"
"115683","2"
"115697","4"
"115703","1"
"115706","3"
"115747","1"
"115766","3"
"115769","3"
"115790","3"
"115794","5"
"115832","2"
"115844","2"
"115847","1"
"115855","2"
"115949","1"
"115967","1"
"115969","0"
"115995","2"
"116027","1"
"116031","1"
"116091","1"
"116110","1"
"116113","3"
"116137","1"
"116139","2"
"116171","1"
"116192","2"
"116202","3"
"116211","1"
"116235","0"
"116283","3"
"116285","2"
"116301","4"
"116331","1"
"116332","1"
"116367","1"
"116371","3"
"116447","2"
"116561","2"
"116562","2"
"116600","1"
"116610","1"
"116629","2"
"116631","1"
"116654","1"
"116699","2"
"116753","1"
"116774","3"
"116792","2"
"116816","2"
"116837","1"
"116898","2"
"116929","2"
"116958","1"
"116982","2"
"116995","1"
"116998","4"
"117018","1"
"117057","1"
"117073","2"
"117101","1"
"117137","2"
"117195","2"
"117250","1"
"117260","2"
"117268","1"
"117269","1"
"117291","1"
"117293","1"
"117325","1"
"117338","1"
"117384","1"
"117394","2"
"117395","1"
"117467","1"
"117530","2"
"117623","1"
"117662","2"
"117667","1"
"117686","2"
"117722","2"
"117807","1"
"117814","1"
"117830","3"
"117875","2"
"117904","1"
"117930","1"
"117931","2"
"117938","3"
"117955","1"
"117958","1"
"117960","1"
"117987","1"
"117994","2"
"117996","3"
"118007","3"
"118035","1"
"118044","1"
"118050","2"
"118101","2"
"118131","1"
"118146","1"
"118167","1"
"118183","1"
"118198","2"
"118201","4"
"118230","1"
"118320","1"
"118336","4"
"118347","3"
"118360","1"
"118388","1"
"118391","2"
"118430","3"
"118441","1"
"118445","4"
"118460","1"
"118469","2"
"118473","1"
"118480","0"
"118499","2"
"118544","2"
"118619","2"
"118638","1"
"118680","3"
"118699","1"
"118747","1"
"118796","1"
"118826","0"
"118854","2"
"118870","2"
"118914","3"
"118946","2"
"118948","3"
"118980","2"
"118987","2"
"118993","1"
"119031","1"
"119042","2"
"119047","1"
"119056","3"
"119075","1"
"119088","1"
"119101","1"
"119107","3"
"119140","2"
"119159","1"
"119176","1"
"119181","4"
"119299","1"
"119309","2"
"119320","1"
"119322","2"
"119357","1"
"119370","1"
"119441","1"
"119499","3"
"119510","4"
"119527","1"
"119538","2"
"119560","1"
"119579","2"
"119594","1"
"119612","2"
"119631","1"
"119682","2"
"119698","0"
"119713","2"
"119726","1"
"119752","5"
"119791","2"
"119855","1"
"119883","1"
"119892","2"
"119894","1"
"119917","2"
"119931","4"
"119933","1"
"119936","1"
"119959","2"
"119962","1"
"119988","2"
"119989","3"
"120020","2"
"120038","1"
"120043","1"
"120061","3"
"120070","2"
"120129","4"
"120136","3"
"120154","2"
"120160","1"
"120169","2"
"120212","1"
"120258","0"
"120266","1"
"120290","1"
"120295","1"
"120301","1"
"120305","3"
"120325","4"
"120333","1"
"120362","1"
"120371","1"
"120372","1"
"120378","1"
"120382","3"
"120393","3"
"120576","1"
"120647","1"
"120648","3"
"120650","1"
"120684","2"
"120711","6"
"120729","1"
"120735","1"
"120741","1"
"120767","2"
"120797","1"
"120842","1"
"120902","2"
"120906","2"
"120924","0"
"120938","1"
"120968","1"
"120995","2"
"121024","1"
"121058","2"
"121088","2"
"121113","1"
"121239","2"
"121258","2"
"121273","2"
"121311","1"
"121316","1"
"121335","3"
"121349","2"
"121380","1"
"121382","2"
"121385","1"
"121435","2"
"121504","1"
"121511","2"
"121514","1"
"121527","2"
"121571","3"
"121574","3"
"121645","3"
"121651","1"
"121687","4"
"121693","2"
"121702","3"
"121713","2"
"121751","3"
"121754","0"
"121762","2"
"121770","3"
"121776","3"
"121800","3"
"121877","3"
"121892","2"
"121900","2"
"121905","3"
"121942","1"
"121948","1"
"121954","1"
"121956","1"
"121969","1"
"121971","2"
"121980","1"
"121999","2"
"122036","1"
"122041","1"
"122067","1"
"122089","4"
"122099","3"
"122137","2"
"122138","1"
"122273","2"
"122321","2"
"122328","2"
"122336","8"
"122339","1"
"122347","1"
"122361","3"
"122364","2"
"122404","2"
"122405","3"
"122448","4"
"122490","1"
"122501","3"
"122547","3"
"122550","1"
"122572","2"
"122573","1"
"122578","1"
"122584","1"
"122587","1"
"122608","1"
"122638","1"
"122668","3"
"122728","1"
"122730","0"
"122766","2"
"122773","2"
"122786","2"
"122789","4"
"122806","3"
"122826","1"
"122834","1"
"122846","5"
"122859","1"
"122880","0"
"122881","1"
"122975","2"
"122982","1"
"122986","2"
"123035","2"
"123091","2"
"123110","2"
"123121","1"
"123131","1"
"123136","1"
"123165","4"
"123173","0"
"123243","2"
"123253","1"
"123330","0"
"123332","2"
"123347","2"
"123351","4"
"123366","3"
"123372","1"
"123413","1"
"123432","2"
"123435","2"
"123452","1"
"123455","1"
"123493","1"
"123533","2"
"123534","1"
"123536","1"
"123585","2"
"123642","1"
"123644","1"
"123655","1"
"123694","2"
"123722","1"
"123733","1"
"123744","0"
"123792","2"
"123833","1"
"123870","1"
"123885","2"
"123892","2"
"123931","2"
"123991","2"
"124027","1"
"124050","1"
"124058","1"
"124061","0"
"124100","2"
"124135","2"
"124145","2"
"124167","0"
"124184","3"
"124190","1"
"124193","2"
"124253","2"
"124260","1"
"124279","2"
"124326","1"
"124328","1"
"124356","3"
"124369","2"
"124371","0"
"124380","1"
"124411","1"
"124414","2"
"124505","2"
"124507","2"
"124521","2"
"124556","2"
"124608","3"
"124621","1"
"124671","1"
"124714","2"
"124742","1"
"124765","1"
"124774","1"
"124840","2"
"124874","2"
"124906","2"
"124956","4"
"124962","2"
"124964","1"
"124998","2"
"125015","0"
"125024","2"
"125040","1"
"125064","1"
"125065","2"
"125106","2"
"126142","2"
"126149","2"
"126255","3"
"126261","7"
"126345","1"
"126387","2"
"126390","1"
"126392","3"
"126458","2"
"126461","1"
"126484","4"
"126493","1"
"126495","0"
"126498","1"
"126502","3"
"126527","2"
"126562","2"
"126575","1"
"126591","4"
"126610","1"
"126627","2"
"126703","1"
"126705","3"
"126721","2"
"126733","1"
"126737","2"
"126851","2"
"126853","1"
"126865","1"
"126936","1"
"126940","1"
"126948","5"
"126969","2"
"126974","1"
"126991","4"
"127013","1"
"127022","2"
"127027","1"
"127049","2"
"127051","1"
"127065","1"
"127067","1"
"127083","1"
"127111","11"
"127116","1"
"127229","1"
"127237","1"
"127295","1"
"127301","1"
"127319","2"
"127335","2"
"127344","1"
"127423","2"
"127430","2"
"127432","7"
"127460","1"
"127467","1"
"127550","2"
"127594","2"
"127610","2"
"127628","1"
"127634","2"
"127638","4"
"127655","6"
"127707","2"
"127769","1"
"127806","3"
"127808","4"
"127829","2"
"127843","1"
"127865","1"
"127871","2"
"127920","2"
"127940","2"
"127942","3"
"127967","1"
"127987","0"
"128067","2"
"128074","1"
"128111","2"
"128138","4"
"128160","2"
"128175","2"
"128208","1"
"128211","1"
"128254","4"
"128268","2"
"128275","1"
"128298","3"
"128428","1"
"128485","2"
"128503","1"
"128512","1"
"128514","2"
"128530","1"
"128567","2"
"128591","1"
"128682","1"
"128683","2"
"128687","1"
"128715","1"
"128736","2"
"128774","1"
"128801","2"
"128842","2"
"128854","2"
"128870","3"
"128884","1"
"128888","2"
"128928","1"
"128971","1"
"128972","1"
"128990","2"
"129010","2"
"129014","1"
"129027","1"
"129054","1"
"129091","1"
"129104","2"
"129122","2"
"129134","1"
"129150","2"
"129158","2"
"129161","3"
"129190","1"
"129196","3"
"129242","0"
"129243","1"
"129258","1"
"129263","2"
"129270","1"
"129273","6"
"129327","1"
"129332","1"
"129413","1"
"129423","3"
"129428","2"
"129434","2"
"129445","2"
"129448","3"
"129498","1"
"129604","1"
"129636","2"
"129639","2"
"129671","2"
"129679","3"
"129703","2"
"129749","1"
"129762","7"
"129783","1"
"129789","1"
"129854","1"
"129855","2"
"129861","2"
"129867","1"
"129880","4"
"129891","2"
"129923","1"
"129946","1"
"129948","1"
"129965","4"
"129970","2"
"129971","1"
"129996","3"
"130015","1"
"130025","1"
"130038","4"
"130039","0"
"130068","1"
"130091","2"
"130172","1"
"130206","1"
"130254","1"
"130263","1"
"130274","2"
"130287","1"
"130292","2"
"130326","3"
"130344","2"
"130409","2"
"130439","2"
"130442","1"
"130462","3"
"130468","1"
"130497","1"
"130525","3"
"130541","1"
"130556","2"
"130561","3"
"130583","1"
"130604","2"
"130724","2"
"130786","1"
"130794","3"
"130822","1"
"130904","2"
"130955","2"
"130985","1"
"130988","1"
"131038","0"
"131063","1"
"131074","1"
"131084","1"
"131092","1"
"131103","1"
"131113","1"
"131123","1"
"131149","3"
"131193","2"
"131194","2"
"131243","1"
"131309","2"
"131318","1"
"131358","1"
"131382","2"
"131386","1"
"131457","1"
"131482","2"
"131485","2"
"131522","2"
"131544","1"
"131575","3"
"131596","2"
"131598","2"
"131628","0"
"131650","1"
"131702","1"
"131708","8"
"131720","1"
"131750","2"
"131798","1"
"131821","1"
"131844","3"
"131849","1"
"132941","3"
"132960","2"
"133034","1"
"133041","1"
"133078","1"
"133091","1"
"133176","1"
"133191","2"
"133243","2"
"133269","2"
"133317","1"
"133320","2"
"133333","1"
"133341","4"
"133369","4"
"133387","1"
"133433","4"
"133440","1"
"133456","11"
"133470","2"
"133511","2"
"133515","4"
"133548","1"
"133582","2"
"133587","1"
"133594","1"
"133626","2"
"133652","1"
"133781","1"
"133784","2"
"133793","1"
"133817","0"
"133861","2"
"133880","4"
"133906","1"
"133922","2"
"133942","3"
"133960","1"
"134016","1"
"134021","3"
"134034","4"
"134078","2"
"134093","2"
"134095","1"
"134114","3"
"134133","2"
"134158","1"
"134159","1"
"134207","3"
"134208","3"
"134211","3"
"134220","1"
"134224","4"
"134240","2"
"134272","6"
"134297","2"
"134315","2"
"134337","2"
"134349","1"
"134379","1"
"134388","1"
"134394","1"
"134451","1"
"134469","1"
"134490","3"
"134520","2"
"134530","1"
"134555","2"
"134562","2"
"134660","1"
"134666","1"
"134676","5"
"134679","5"
"134684","1"
"134690","1"
"134694","4"
"134720","2"
"134760","1"
"134764","1"
"134767","2"
"134853","1"
"134874","1"
"134878","1"
"134913","1"
"134967","3"
"135025","2"
"135042","2"
"135052","1"
"135137","1"
"135155","3"
"135157","1"
"135218","4"
"135222","2"
"135246","3"
"135290","4"
"135302","2"
"135361","1"
"135362","1"
"135442","1"
"135468","1"
"135484","1"
"135486","7"
"135489","1"
"135492","1"
"135540","2"
"135545","2"
"135561","2"
"135562","2"
"135581","3"
"135590","4"
"135653","2"
"135687","3"
"135699","2"
"135701","1"
"135705","1"
"135753","1"
"135761","2"
"135787","1"
"135799","3"
"135808","2"
"135817","1"
"135829","1"
"135830","2"
"135858","2"
"135890","3"
"135912","2"
"135919","1"
"135936","2"
"135966","1"
"135979","1"
"136038","2"
"136091","4"
"136116","3"
"136149","0"
"136237","1"
"136250","5"
"136257","0"
"136268","1"
"136306","2"
"136331","2"
"136348","2"
"136454","3"
"136464","3"
"136540","2"
"136551","2"
"136622","1"
"136647","2"
"136738","0"
"136773","1"
"136779","1"
"136819","1"
"136833","2"
"136837","1"
"136863","2"
"136864","1"
"136872","1"
"136914","1"
"136962","1"
"136979","1"
"137046","2"
"137071","2"
"137104","3"
"137133","1"
"137140","1"
"137170","2"
"137178","2"
"137214","2"
"137241","1"
"137242","2"
"137253","1"
"137255","3"
"137284","1"
"137308","1"
"137309","1"
"137334","3"
"137342","2"
"137391","1"
"137394","3"
"137401","1"
"137419","2"
"137441","2"
"137443","2"
"137507","1"
"137514","2"
"137541","2"
"137551","1"
"137592","1"
"137607","3"
"137636","2"
"137662","1"
"137667","2"
"137714","2"
"137730","1"
"137755","2"
"137780","3"
"137833","2"
"137855","2"
"138011","2"
"138039","1"
"138052","2"
"138088","2"
"138168","1"
"138170","3"
"138203","1"
"138226","2"
"138229","1"
"138278","3"
"138305","10"
"138319","2"
"138363","2"
"138385","1"
"138389","3"
"138477","1"
"138556","2"
"138611","2"
"138628","2"
"138650","2"
"138715","2"
"138749","2"
"138819","4"
"138844","1"
"138945","1"
"138987","1"
"139012","3"
"139018","1"
"139059","1"
"139105","1"
"139171","2"
"139190","2"
"139218","2"
"139220","1"
"139226","2"
"139232","2"
"139243","0"
"139245","2"
"139248","3"
"139256","1"
"139294","2"
"139313","1"
"139349","1"
"139362","1"
"139406","1"
"139408","3"
"139541","1"
"139547","1"
"139565","1"
"139573","2"
"139586","2"
"139604","2"
"139611","1"
"139615","1"
"139620","0"
"139654","1"
"139685","1"
"139704","1"
"139712","2"
"139715","1"
"139749","1"
"139833","2"
"139841","1"
"139847","1"
"139864","1"
"139879","2"
"139895","1"
"139934","2"
"139991","3"
"140013","2"
"140050","3"
"140088","1"
"140090","3"
"140138","2"
"140185","1"
"140266","2"
"140291","0"
"140349","5"
"140374","1"
"140418","7"
"140424","1"
"140430","1"
"140433","2"
"140446","1"
"140447","1"
"140457","1"
"140466","1"
"140479","2"
"140485","0"
"140490","11"
"140518","1"
"140535","1"
"140605","1"
"140621","2"
"140684","3"
"140695","1"
"140791","2"
"140805","1"
"140808","2"
"140843","1"
"140886","1"
"140888","2"
"140906","2"
"140926","0"
"140975","1"
"141000","4"
"141018","1"
"141021","2"
"141029","1"
"141045","1"
"141101","1"
"141113","2"
"141129","2"
"141133","4"
"141138","1"
"141153","1"
"141157","13"
"141185","3"
"141196","1"
"141203","1"
"141223","0"
"141228","2"
"141273","1"
"141324","3"
"141336","2"
"141338","1"
"141350","2"
"141365","2"
"141369","1"
"141427","1"
"141438","1"
"141495","1"
"141505","1"
"141506","1"
"141509","2"
"141518","2"
"141522","1"
"141588","2"
"141612","1"
"141664","2"
"141666","1"
"141670","3"
"141686","1"
"141729","2"
"141733","5"
"141773","5"
"141792","2"
"141805","1"
"141820","2"
"141851","2"
"141871","1"
"141896","1"
"141903","1"
"141978","1"
"142011","1"
"142039","1"
"142067","2"
"142127","7"
"142167","2"
"142178","1"
"142209","1"
"142211","0"
"142218","2"
"142228","1"
"142373","2"
"142376","1"
"142403","0"
"142405","2"
"142406","1"
"142410","1"
"142418","1"
"142453","1"
"142457","3"
"142465","3"
"142479","0"
"142482","2"
"142484","1"
"142496","4"
"142506","2"
"142517","2"
"142561","1"
"142585","1"
"142586","1"
"142593","1"
"142601","1"
"142629","1"
"142650","0"
"142666","5"
"142682","1"
"142698","1"
"142703","0"
"142711","1"
"142713","3"
"142760","0"
"142767","1"
"142792","3"
"142819","1"
"142875","0"
"142877","1"
"142879","4"
"142920","1"
"142925","0"
"143007","3"
"143020","1"
"143162","2"
"143174","1"
"143194","1"
"143198","1"
"143212","2"
"143221","1"
"143231","1"
"143244","1"
"143261","4"
"143276","2"
"143304","3"
"143342","1"
"143351","3"
"143380","1"
"143383","1"
"143408","1"
"143480","1"
"143485","2"
"143502","1"
"143524","0"
"143542","4"
"143583","1"
"143618","1"
"143622","2"
"143625","1"
"143663","1"
"143672","2"
"143673","2"
"143684","2"
"143685","1"
"143711","1"
"143736","5"
"143803","1"
"143807","1"
"143820","1"
"143828","4"
"143833","1"
"143849","1"
"143866","0"
"143896","1"
"143904","2"
"143942","1"
"143966","2"
"143968","1"
"143969","1"
"143971","1"
"143993","1"
"144010","1"
"144012","3"
"144058","3"
"144066","2"
"144102","4"
"144142","2"
"144202","1"
"144270","1"
"144278","1"
"144294","1"
"144311","2"
"144413","1"
"144466","4"
"144500","1"
"144541","2"
"144590","1"
"144597","1"
"144624","1"
"144631","5"
"144633","3"
"144635","3"
"144659","2"
"144679","2"
"144697","1"
"144719","2"
"144722","2"
"144743","1"
"144754","1"
"144789","1"
"144792","1"
"144811","2"
"144844","1"
"144933","1"
"144969","2"
"144984","2"
"144989","1"
"145012","2"
"145040","4"
"145046","1"
"145091","2"
"145109","2"
"145130","3"
"145167","2"
"145172","1"
"145181","1"
"145201","1"
"145239","1"
"145267","1"
"145289","0"
"145294","1"
"145310","2"
"145325","1"
"145341","2"
"145389","4"
"145441","1"
"145467","1"
"145479","2"
"145491","1"
"145500","0"
"145503","2"
"145506","3"
"145522","2"
"145532","1"
"145535","3"
"145604","2"
"145613","1"
"145633","1"
"145640","2"
"145666","2"
"145681","0"
"145695","1"
"145724","1"
"145733","2"
"145753","1"
"145755","0"
"145773","5"
"145797","1"
"145827","2"
"145830","0"
"145850","2"
"145862","4"
"145909","1"
"145951","1"
"145967","2"
"146000","3"
"146034","2"
"146045","2"
"146050","4"
"146065","2"
"146069","1"
"146079","2"
"146101","2"
"146117","4"
"146128","3"
"146139","2"
"146145","1"
"146169","1"
"146181","2"
"146208","1"
"146211","1"
"146253","1"
"146271","1"
"146304","2"
"146396","1"
"146437","1"
"146442","2"
"146507","0"
"146534","3"
"146590","1"
"146595","2"
"146610","2"
"146616","1"
"146666","1"
"146703","1"
"146759","1"
"146766","4"
"146814","0"
"146816","1"
"146855","3"
"146870","1"
"146930","1"
"146980","3"
"146984","2"
"146987","1"
"146991","2"
"146996","4"
"147002","1"
"147007","1"
"147026","1"
"147071","1"
"147098","1"
"147102","1"
"147105","2"
"147111","4"
"147122","2"
"147139","2"
"147183","3"
"147205","1"
"147215","1"
"147250","2"
"147269","2"
"147337","1"
"147393","0"
"147491","1"
"147543","2"
"147575","1"
"147577","2"
"147596","1"
"147605","1"
"147623","1"
"147638","1"
"147714","1"
"147752","1"
"147757","2"
"147780","1"
"147804","4"
"147812","1"
"147870","1"
"147900","1"
"147942","2"
"147977","3"
"147991","1"
"148004","2"
"148005","1"
"148029","1"
"148059","1"
"148082","1"
"148098","1"
"148106","1"
"148161","3"
"148165","6"
"148175","1"
"148188","3"
"148194","1"
"148223","1"
"148249","1"
"148260","1"
"148294","2"
"148360","1"
"148369","1"
"148402","3"
"148429","0"
"148450","2"
"148466","2"
"148469","1"
"148507","2"
"148511","1"
"148519","2"
"148522","1"
"148647","1"
"148727","3"
"148788","1"
"148811","1"
"148822","4"
"148831","1"
"148833","2"
"148852","4"
"148903","2"
"148933","1"
"148947","3"
"148973","2"
"149007","2"
"149024","3"
"149029","1"
"149035","2"
"149050","1"
"149145","1"
"149178","2"
"149200","1"
"149250","2"
"149293","2"
"149295","2"
"149314","1"
"149353","0"
"149402","0"
"149442","2"
"149481","1"
"149532","1"
"149607","2"
"149621","1"
"149648","1"
"149669","1"
"149704","1"
"149723","1"
"149734","1"
"149777","2"
"149833","5"
"149854","1"
"149871","1"
"149874","1"
"149881","2"
"149909","0"
"149912","1"
"149934","2"
"149985","1"
"150009","1"
"150026","1"
"150036","3"
"150084","1"
"150085","2"
"150096","3"
"150153","5"
"150181","3"
"150303","2"
"150323","1"
"150351","1"
"150419","0"
"150432","0"
"150498","3"
"150539","1"
"150549","2"
"150553","1"
"150591","1"
"150603","2"
"150638","1"
"150670","1"
"150727","2"
"150780","1"
"150804","3"
"150835","2"
"150866","1"
"150867","6"
"150871","2"
"150880","1"
"150886","2"
"150904","1"
"150913","1"
"150967","2"
"151011","1"
"151037","1"
"151041","2"
"151120","1"
"151203","2"
"151215","1"
"151228","1"
"151238","3"
"151306","1"
"151310","1"
"151342","2"
"151351","0"
"151359","3"
"151362","2"
"151448","4"
"151484","1"
"151510","1"
"151529","1"
"151544","1"
"151587","1"
"151590","1"
"151594","2"
"151613","1"
"151630","3"
"151657","1"
"151671","0"
"151684","1"
"151688","1"
"151689","2"
"151701","1"
"151720","1"
"151747","1"
"151786","0"
"151799","1"
"151806","1"
"151811","1"
"151812","2"
"151830","1"
"151858","1"
"151877","2"
"151880","3"
"151884","1"
"151898","3"
"151923","1"
"151941","1"
"151963","1"
"151973","1"
"151982","2"
"151993","2"
"152018","3"
"152034","5"
"152040","2"
"152093","1"
"152137","2"
"152180","1"
"152188","1"
"152192","1"
"152240","1"
"152284","2"
"152300","1"
"152335","1"
"152361","1"
"152366","4"
"152377","1"
"152466","1"
"152511","2"
"152516","2"
"152547","2"
"152553","2"
"152567","2"
"152577","2"
"152587","1"
"152598","1"
"152606","8"
"152649","3"
"152667","1"
"152687","1"
"152714","2"
"152719","1"
"152725","1"
"152744","1"
"152765","2"
"152792","2"
"152807","1"
"152838","1"
"152840","1"
"152871","3"
"152893","2"
"152928","2"
"152964","1"
"152989","2"
"153024","0"
"153042","5"
"153085","1"
"153134","1"
"153148","2"
"153155","2"
"153160","0"
"153236","1"
"153245","0"
"153249","0"
"153264","3"
"153265","1"
"153274","2"
"153284","1"
"153306","2"
"153318","0"
"153330","2"
"153341","1"
"153343","2"
"153359","1"
"153406","2"
"153422","1"
"153454","1"
"153475","2"
"153497","1"
"153552","1"
"153557","1"
"153604","2"
"153618","3"
"153660","2"
"153670","0"
"153693","1"
"153702","1"
"153708","1"
"153724","3"
"153726","3"
"153765","3"
"153777","3"
"153785","2"
"153787","0"
"153797","5"
"153812","3"
"153833","1"
"153835","1"
"153842","1"
"153854","1"
"153860","2"
"153923","1"
"153930","2"
"153976","0"
"154009","1"
"154038","2"
"154041","0"
"154060","1"
"154068","1"
"154088","1"
"154104","1"
"154130","1"
"154137","3"
"154150","1"
"154181","1"
"154197","1"
"154208","1"
"154211","2"
"154214","1"
"154217","1"
"154228","1"
"154231","3"
"154235","3"
"154295","2"
"154304","1"
"154310","0"
"154312","1"
"154314","10"
"154320","2"
"154327","2"
"154329","1"
"154350","1"
"154378","1"
"154410","2"
"154420","1"
"154434","1"
"154435","1"
"154439","1"
"154440","3"
"154482","1"
"154491","2"
"154512","1"
"154554","2"
"154577","3"
"154588","1"
"154589","1"
"154591","1"
"154592","1"
"154594","3"
"154599","3"
"154604","3"
"154624","1"
"154629","1"
"154652","2"
"154685","3"
"154736","1"
"154738","1"
"154748","0"
"154762","1"
"154827","1"
"154828","2"
"154837","1"
"154840","2"
"154862","1"
"154917","1"
"154935","1"
"154936","1"
"154937","2"
"154964","1"
"154975","4"
"154982","3"
"155013","1"
"155061","3"
"155088","1"
"155125","1"
"155138","1"
"155160","1"
"155161","2"
"155175","2"
"155180","4"
"155207","2"
"155258","1"
"155328","1"
"155360","2"
"155377","1"
"155428","4"
"155438","1"
"155444","2"
"155480","1"
"155545","3"
"155589","0"
"155594","2"
"155601","2"
"155627","1"
"155637","2"
"155665","0"
"155679","2"
"155695","0"
"155704","3"
"155709","2"
"155754","6"
"155792","1"
"155801","0"
"155816","1"
"155844","1"
"155874","2"
"155875","2"
"155891","1"
"155893","2"
"155908","1"
"155943","3"
"156996","0"
"157020","1"
"157026","1"
"157035","2"
"157061","3"
"157126","1"
"157133","4"
"157198","0"
"157213","2"
"157221","3"
"157260","2"
"157264","1"
"157316","1"
"157322","2"
"157327","1"
"157328","1"
"157336","2"
"157370","1"
"157394","2"
"157416","1"
"157427","1"
"157434","1"
"157446","1"
"157459","1"
"157473","2"
"157478","2"
"157482","2"
"157508","1"
"157511","1"
"157515","0"
"157528","1"
"157541","3"
"157559","3"
"157598","1"
"157630","1"
"157641","1"
"157647","2"
"157734","1"
"157741","2"
"157756","1"
"157812","2"
"157877","1"
"157880","1"
"157912","2"
"157934","1"
"157970","2"
"157984","3"
"158009","1"
"158045","3"
"158047","5"
"158106","2"
"158153","1"
"158186","1"
"158247","2"
"158266","1"
"158273","2"
"158277","1"
"158282","1"
"158310","1"
"158354","1"
"158397","1"
"158420","1"
"158422","1"
"158434","1"
"158436","1"
"158502","1"
"158515","3"
"158575","1"
"158576","2"
"158584","1"
"158602","2"
"158609","2"
"158672","2"
"158721","1"
"158733","1"
"158770","1"
"158774","0"
"158787","2"
"158845","1"
"158920","1"
"158930","1"
"159021","0"
"159027","1"
"159040","1"
"159061","2"
"159071","1"
"159078","2"
"159125","1"
"159141","2"
"159165","1"
"159169","1"
"159217","2"
"159231","2"
"159261","1"
"159272","2"
"159290","1"
"159331","10"
"159383","1"
"159384","1"
"159396","2"
"159397","3"
"159427","4"
"159467","2"
"159490","1"
"159498","1"
"159502","1"
"159524","1"
"159545","1"
"159551","1"
"159560","3"
"159566","2"
"159572","1"
"159575","3"
"159579","2"
"159599","2"
"159609","1"
"159626","1"
"159639","3"
"159643","5"
"159646","0"
"159654","1"
"159670","1"
"159685","0"
"159686","3"
"159688","2"
"159694","3"
"159695","1"
"159718","1"
"159739","0"
"159740","2"
"159756","3"
"159761","4"
"159779","1"
"159787","1"
"159794","2"
"159819","1"
"159823","2"
"159839","1"
"159878","4"
"159894","1"
"159907","2"
"159929","2"
"159956","1"
"159970","1"
"160010","1"
"160021","2"
"160055","1"
"160078","3"
"160097","3"
"160118","1"
"160120","1"
"160136","1"
"160178","1"
"160194","1"
"160226","2"
"160231","0"
"160271","1"
"160281","3"
"160297","2"
"160309","2"
"160313","2"
"160324","1"
"160381","1"
"160386","1"
"160392","1"
"160426","1"
"160433","1"
"160439","1"
"160441","0"
"160443","1"
"160453","2"
"160516","1"
"160522","0"
"160568","2"
"160582","1"
"160619","1"
"160637","1"
"160651","2"
"160659","6"
"160666","1"
"160669","1"
"160672","3"
"160678","3"
"160747","3"
"160776","1"
"160849","1"
"160863","1"
"160874","3"
"160878","1"
"160942","4"
"160950","1"
"160987","0"
"161029","3"
"161037","3"
"161046","2"
"161070","0"
"161122","2"
"161173","4"
"161220","1"
"161240","1"
"161268","0"
"161272","1"
"161296","1"
"161316","1"
"161328","1"
"161395","0"
"161456","1"
"161487","0"
"161504","2"
"161519","2"
"161587","2"
"161590","1"
"161618","1"
"161666","4"
"161688","1"
"161737","2"
"161811","1"
"161819","1"
"161837","1"
"161861","2"
"161869","1"
"161878","1"
"161879","1"
"161906","2"
"161927","3"
"161931","1"
"161951","2"
"161956","3"
"161957","3"
"161968","0"
"161990","2"
"161992","0"
"162011","1"
"162014","1"
"162071","2"
"162096","1"
"162132","0"
"162200","1"
"162264","1"
"162316","1"
"162342","1"
"162372","2"
"162387","1"
"162436","1"
"162454","0"
"162459","1"
"162475","4"
"162485","0"
"162492","1"
"162594","2"
"162601","1"
"162640","1"
"162672","2"
"162698","3"
"162705","2"
"162708","1"
"162730","1"
"162751","1"
"162782","1"
"162803","2"
"162806","3"
"162815","1"
"162829","2"
"162839","1"
"162844","1"
"162847","0"
"162852","5"
"162894","0"
"162902","2"
"162906","0"
"162920","4"
"162926","1"
"162940","1"
"162970","2"
"162991","1"
"163010","1"
"163049","2"
"163066","3"
"163076","1"
"163081","5"
"163110","1"
"163167","3"
"163207","1"
"163209","1"
"163235","8"
"163308","0"
"163315","1"
"163432","1"
"163467","1"
"163486","1"
"163521","3"
"163524","1"
"163531","1"
"163547","2"
"163588","2"
"163614","1"
"163620","2"
"163630","1"
"163637","1"
"163684","1"
"164702","1"
"164748","1"
"164758","0"
"164789","0"
"164798","1"
"164811","1"
"164835","1"
"164857","3"
"164860","2"
"164884","0"
"164885","1"
"164921","1"
"164941","3"
"164987","3"
"165004","1"
"165037","2"
"165065","1"
"165081","0"
"165101","2"
"165131","3"
"165177","1"
"165186","1"
"165197","3"
"165202","3"
"165296","2"
"165314","2"
"165340","1"
"165435","2"
"165449","1"
"165452","2"
"165482","1"
"165565","2"
"165567","1"
"165601","2"
"165607","1"
"165628","1"
"165673","0"
"165684","1"
"165713","1"
"165716","2"
"165728","1"
"165731","2"
"165750","1"
"165770","2"
"165812","1"
"165860","1"
"165864","1"
"165869","1"
"165885","0"
"165896","1"
"165918","1"
"165951","3"
"166075","2"
"166097","2"
"166101","1"
"166131","2"
"166136","2"
"166146","4"
"166148","3"
"166156","2"
"166160","1"
"166166","1"
"166279","2"
"166304","1"
"166379","1"
"166385","1"
"166465","1"
"166468","1"
"166472","1"
"166546","1"
"166559","1"
"166635","1"
"166654","2"
"166675","2"
"166676","1"
"166682","1"
"166690","1"
"166707","1"
"166724","7"
"166744","2"
"166751","3"
"166781","2"
"166813","2"
"166847","4"
"166891","1"
"166901","1"
"166903","2"
"166949","0"
"166950","3"
"167006","2"
"167015","1"
"167019","0"
"167023","1"
"167064","2"
"167095","2"
"167112","1"
"167116","2"
"167128","2"
"167130","1"
"167144","1"
"167173","1"
"167180","3"
"167190","1"
"167216","2"
"167245","2"
"167271","1"
"167276","1"
"167292","1"
"167302","1"
"167329","1"
"167336","1"
"167353","1"
"167381","4"
"167401","1"
"167449","2"
"167495","1"
"167514","1"
"167550","1"
"167579","3"
"167613","1"
"167626","1"
"167639","2"
"167650","1"
"167679","2"
"167707","2"
"167729","3"
"167774","1"
"167807","1"
"167935","1"
"167983","2"
"167998","1"
"168007","3"
"168018","1"
"168046","2"
"168060","1"
"168115","1"
"168122","1"
"168230","1"
"168233","2"
"168244","1"
"168283","0"
"168323","1"
"168327","2"
"168359","1"
"168375","4"
"168403","2"
"168434","1"
"168456","1"
"168470","1"
"168516","1"
"168530","2"
"168598","0"
"168602","1"
"168690","1"
"168714","1"
"168722","2"
"168744","1"
"168763","0"
"168777","2"
"168821","1"
"168856","1"
"168889","3"
"168913","1"
"168937","2"
"168948","1"
"168958","1"
"168971","2"