id,community_owned_date
"128565",""
"146346",""
"141361",""
"170741",""
"129207",""
"185913",""
"197693",""
"195863",""
"129218",""
"128878",""
"128905",""
"129026",""
"229789",""
"165711",""
"198718",""
"136800",""
"129560",""
"149212",""
"131085",""
"220114",""
"162776",""
"171741",""
"153766",""
"135947",""
"172025",""
"165931",""
"130053",""
"131156",""
"130358",""
"137301",""
"222318",""
"187780",""
"215155",""
"230055",""
"134187",""
"180665",""
"158079",""
"165683",""
"131380",""
"158439",""
"170076",""
"173094",""
"176858",""
"190133",""
"133166",""
"142633",""
"131837",""
"176477",""
"224971",""
"133038",""
"133052",""
"173841",""
"134452",""
"133549",""
"133200",""
"133214",""
"175243",""
"183225",""
"197016",""
"158971",""
"189402",""
"133476",""
"133565",""
"167208",""
"169790",""
"225881",""
"229908",""
"134578",""
"135474",""
"192207",""
"197468",""
"148653",""
"154725",""
"215328",""
"218981",""
"219053",""
"223022",""
"223588",""
"152426",""
"133698",""
"176794",""
"147189",""
"177774",""
"133808",""
"134178",""
"173858",""
"134011",""
"139907",""
"154906",""
"134303",""
"134316",""
"174476",""
"170046",""
"200174",""
"134458",""
"152471",""
"205830",""
"177307",""
"194413",""
"185810",""
"191115",""
"192286",""
"192334",""
"192336",""
"192346",""
"192851",""
"193481",""
"221844",""
"176836",""
"185259",""
"136730",""
"172683",""
"178772",""
"134808",""
"134813",""
"177054",""
"134876",""
"134918",""
"135848",""
"134972",""
"146251",""
"135150",""
"146813",""
"152159",""
"146188",""
"176489",""
"135465",""
"135583",""
"135842",""
"135884",""
"135623",""
"172687",""
"214933",""
"137930",""
"182793",""
"198907",""
"211023",""
"170682",""
"139711",""
"141291",""
"137199",""
"150051",""
"163394",""
"135963",""
"206704",""
"174755",""
"179498",""
"206649",""
"138512",""
"151710",""
"136558",""
"157240",""
"157415",""
"158866",""
"159636",""
"161535",""
"182667",""
"151409",""
"167278",""
"149634",""
"139440",""
"151604",""
"182942",""
"137015",""
"194597",""
"200382",""
"192478",""
"137251",""
"137310",""
"137343",""
"141586",""
"203916",""
"209238",""
"138395",""
"138507",""
"180475",""
"181579",""
"147402",""
"194228",""
"138538",""
"138546",""
"139181",""
"140020",""
"144392",""
"143168",""
"138813",""
"138817",""
"140346",""
"138869",""
"138910",""
"204931",""
"138966",""
"225526",""
"176437",""
"139364",""
"144199",""
"139622",""
"143540",""
"146517",""
"139839",""
"139843",""
"139854",""
"139877",""
"139889",""
"146964",""
"170650",""
"175591",""
"187574",""
"139932",""
"140431",""
"142214",""
"150288",""
"169427",""
"169435",""
"172695",""
"194197",""
"140023",""
"140704",""
"140073",""
"153015",""
"194437",""
"178881",""
"192291",""
"162272",""
"182841",""
"140246",""
"140248",""
"140293",""
"180976",""
"140460",""
"227287",""
"163254",""
"144686",""
"174936",""
"192722",""
"195959",""
"140635",""
"142718",""
"198203",""
"200578",""
"179171",""
"190770",""
"141080",""
"141004",""
"141094",""
"167166",""
"197038",""
"141637",""
"160918",""
"178626",""
"187584",""
"141502",""
"141553",""
"141599",""
"142543",""
"141749",""
"208957",""
"141954",""
"213018",""
"142100",""
"144054",""
"142260",""
"175722",""
"199495",""
"142581",""
"142625",""
"175686",""
"196703",""
"142673",""
"142956",""
"143039",""
"143070",""
"213033",""
"202891",""
"143113",""
"143141",""
"199037",""
"200770",""
"143205",""
"143292",""
"206782",""
"190444",""
"143467",""
"169858",""
"158887",""
"186657",""
"172369",""
"189579",""
"191174",""
"143700",""
"144246",""
"143630",""
"143675",""
"143690",""
"143719",""
"144451",""
"221222",""
"143962",""
"144014",""
"144031",""
"144087",""
"144189",""
"160899",""
"144363",""
"179396",""
"216332",""
"144507",""
"171381",""
"144527",""
"190331",""
"200132",""
"144732",""
"220741",""
"207314",""
"178731",""
"145970",""
"202848",""
"186595",""
"168605",""
"172372",""
"149163",""
"215266",""
"187768",""
"207257",""
"213938",""
"214415",""
"189335",""
"173025",""
"145813",""
"159920",""
"146386",""
"145807",""
"145829",""
"176994",""
"205069",""
"206380",""
"210244",""
"146609",""
"153568",""
"185574",""
"146393",""
"161987",""
"146573",""
"161624",""
"168998",""
"146968",""
"187667",""
"148791",""
"162690",""
"166113",""
"169027",""
"147042",""
"147106",""
"147234",""
"184248",""
"184263",""
"184276",""
"184308",""
"184318",""
"219657",""
"197509",""
"174571",""
"147589",""
"147600",""
"155027",""
"159019",""
"179363",""
"147775",""
"224793",""
"167513",""
"218766",""
"169747",""
"148184",""
"148279",""
"148351",""
"153583",""
"194777",""
"155742",""
"168399",""
"179957",""
"181564",""
"183032",""
"195099",""
"148486",""
"148497",""
"150386",""
"148619",""
"165321",""
"226100",""
"148878",""
"173681",""
"148917",""
"149085",""
"222012",""
"148974",""
"149133",""
"151507",""
"157849",""
"149352",""
"149466",""
"149495",""
"154008",""
"149502",""
"182481",""
"213466",""
"213613",""
"224082",""
"213564",""
"214534",""
"219624",""
"213566",""
"213583",""
"213602",""
"213637",""
"213737",""
"214312",""
"215622",""
"226944",""
"216735",""
"220237",""
"213818",""
"222773",""
"232077",""
"213885",""
"213934",""
"214226",""
"213917",""
"213928",""
"214002",""
"221301",""
"231467",""
"213942",""
"213998",""
"214214",""
"214040",""
"214043",""
"214066",""
"229771",""
"223037",""
"231281",""
"214372",""
"224059",""
"214433",""
"214443",""
"214487",""
"216724",""
"214508",""
"214519",""
"224864",""
"214558",""
"214575",""
"214674",""
"215005",""
"215216",""
"225000",""
"215611",""
"214991",""
"214823",""
"214726",""
"214754",""
"214806",""
"214832",""
"215095",""
"214897",""
"215041",""
"214941",""
"215042",""
"220235",""
"231203",""
"215124",""
"215133",""
"215137",""
"215164",""
"215854",""
"222451",""
"215205",""
"215279",""
"215233",""
"218250",""
"215265",""
"215271",""
"215453",""
"215375",""
"215376",""
"218510",""
"215421",""
"231280",""
"215510",""
"215526",""
"215561",""
"219319",""
"215575",""
"225545",""
"215694",""
"215688",""
"215698",""
"215700",""
"215708",""
"215813",""
"218198",""
"215877",""
"231796",""
"215895",""
"215902",""
"223578",""
"215954",""
"215973",""
"215997",""
"221891",""
"216020",""
"216025",""
"218251",""
"216046",""
"216071",""
"230832",""
"216104",""
"221494",""
"216129",""
"216135",""
"216159",""
"216195",""
"216328",""
"216217",""
"224744",""
"233304",""
"216237",""
"219123",""
"225054",""
"233887",""
"216291",""
"216309",""
"216325",""
"216366",""
"216413",""
"216426",""
"216586",""
"216595",""
"229388",""
"216663",""
"218553",""
"216700",""
"216731",""
"216733",""
"218748",""
"216781",""
"216819",""
"216852",""
"227547",""
"217868",""
"224763",""
"232744",""
"218042",""
"218179",""
"233285",""
"220482",""
"231768",""
"218237",""
"218273",""
"218285",""
"219011",""
"219658",""
"221987",""
"222435",""
"227845",""
"231598",""
"218407",""
"219663",""
"220551",""
"220951",""
"221137",""
"222492",""
"225724",""
"226464",""
"218476",""
"218517",""
"218541",""
"218546",""
"218547",""
"218691",""
"218713",""
"220025",""
"218792",""
"220140",""
"218809",""
"218836",""
"218871",""
"218876",""
"218911",""
"218930",""
"218950",""
"221443",""
"219028",""
"219068",""
"219098",""
"219105",""
"219115",""
"225076",""
"219195",""
"219275",""
"219310",""
"219341",""
"219654",""
"219528",""
"222760",""
"222965",""
"223262",""
"225101",""
"219446",""
"219482",""
"219481",""
"230627",""
"219491",""
"219756",""
"220023",""
"219504",""
"221682",""
"219553",""
"220231",""
"219600",""
"219617",""
"219620",""
"219692",""
"219694",""
"232414",""
"219714",""
"224839",""
"219777",""
"219925",""
"219960",""
"219977",""
"219994",""
"219982",""
"220039",""
"220041",""
"220060",""
"220096",""
"220180",""
"220265",""
"220267",""
"220280",""
"220315",""
"220350",""
"221846",""
"220470",""
"220473",""
"220545",""
"220556",""
"222237",""
"220649",""
"221342",""
"220717",""
"233059",""
"221692",""
"220805",""
"220847",""
"223980",""
"221420",""
"221140",""
"220928",""
"220938",""
"222505",""
"220999",""
"221013",""
"222023",""
"226860",""
"221189",""
"229694",""
"230463",""
"230771",""
"221171",""
"223369",""
"232732",""
"221202",""
"221621",""
"221311",""
"221664",""
"222512",""
"229466",""
"221376",""
"221377",""
"221400",""
"223258",""
"221444",""
"221462",""
"221530",""
"221534",""
"222342",""
"221585",""
"229932",""
"221619",""
"221658",""
"221707",""
"221841",""
"230008",""
"221756",""
"221787",""
"221797",""
"222191",""
"221862",""
"221867",""
"224547",""
"221973",""
"229328",""
"221995",""
"222010",""
"222018",""
"222025",""
"222062",""
"222072",""
"222080",""
"222094",""
"222099",""
"222154",""
"222163",""
"229715",""
"230129",""
"222259",""
"222290",""
"224393",""
"225656",""
"222334",""
"222356",""
"222378",""
"222381",""
"222403",""
"231846",""
"222532",""
"222542",""
"222568",""
"222571",""
"222591",""
"222619",""
"222622",""
"226062",""
"225228",""
"222856",""
"222753",""
"222765",""
"222795",""
"223287",""
"222819",""
"223154",""
"222869",""
"222892",""
"222970",""
"223061",""
"232099",""
"223089",""
"223144",""
"223212",""
"229652",""
"223608",""
"223438",""
"223448",""
"223481",""
"229391",""
"223516",""
"223642",""
"223662",""
"223663",""
"223671",""
"223685",""
"223688",""
"223713",""
"223729",""
"223760",""
"223765",""
"223782",""
"223891",""
"223942",""
"223977",""
"224007",""
"231727",""
"224039",""
"224069",""
"224103",""
"225917",""
"224251",""
"224301",""
"224320",""
"224330",""
"224382",""
"224420",""
"224437",""
"224441",""
"224442",""
"229702",""
"224515",""
"224557",""
"233884",""
"224581",""
"233733",""
"224638",""
"224673",""
"224710",""
"224713",""
"225693",""
"224849",""
"224896",""
"224911",""
"225900",""
"229139",""
"230776",""
"226065",""
"224986",""
"224987",""
"225001",""
"225069",""
"225132",""
"225165",""
"225168",""
"230186",""
"225262",""
"225292",""
"225307",""
"225325",""
"225333",""
"225439",""
"225446",""
"226600",""
"230727",""
"232574",""
"225478",""
"225495",""
"225531",""
"230925",""
"225575",""
"225668",""
"227286",""
"225755",""
"225787",""
"227302",""
"225844",""
"228992",""
"225910",""
"225923",""
"225980",""
"225998",""
"226019",""
"226022",""
"226028",""
"226035",""
"226072",""
"226082",""
"226095",""
"226141",""
"226338",""
"231219",""
"226331",""
"229599",""
"226368",""
"226372",""
"226389",""
"226407",""
"226408",""
"226415",""
"226827",""
"226757",""
"226495",""
"226499",""
"226532",""
"226553",""
"226556",""
"226596",""
"226666",""
"226708",""
"226976",""
"226752",""
"226755",""
"226771",""
"226796",""
"226820",""
"227791",""
"226920",""
"226945",""
"226932",""
"226934",""
"233220",""
"226954",""
"226955",""
"226977",""
"227093",""
"227098",""
"227115",""
"227176",""
"229267",""
"227181",""
"227183",""
"227202",""
"227821",""
"227284",""
"227371",""
"227383",""
"227446",""
"227466",""
"227509",""
"227531",""
"227561",""
"227620",""
"227678",""
"227625",""
"227789",""
"227660",""
"227671",""
"227814",""
"227716",""
"227780",""
"227826",""
"228893",""
"228912",""
"228935",""
"229282",""
"229022",""
"229039",""
"229038",""
"229055",""
"229105",""
"229117",""
"229118",""
"229148",""
"229179",""
"229206",""
"229227",""
"229238",""
"229295",""
"229353",""
"229480",""
"229484",""
"229510",""
"229606",""
"229747",""
"229656",""
"231506",""
"229678",""
"232866",""
"229714",""
"229945",""
"229744",""
"229804",""
"229812",""
"229820",""
"229868",""
"229934",""
"229994",""
"230014",""
"230256",""
"230689",""
"230083",""
"230131",""
"230150",""
"230161",""
"230165",""
"230185",""
"230273",""
"232506",""
"230221",""
"230464",""
"230232",""
"230236",""
"230250",""
"230272",""
"230704",""
"230711",""
"231519",""
"232370",""
"232465",""
"232474",""
"230293",""
"230314",""
"230319",""
"230356",""
"230373",""
"230389",""
"230456",""
"230528",""
"230500",""
"230479",""
"230504",""
"230530",""
"230588",""
"230621",""
"230635",""
"230654",""
"230657",""
"230680",""
"230678",""
"230687",""
"230838",""
"230914",""
"230757",""
"230804",""
"231579",""
"230841",""
"230930",""
"230935",""
"230943",""
"230990",""
"230968",""
"230984",""
"231042",""
"231060",""
"231455",""
"231079",""
"231147",""
"231178",""
"231217",""
"231216",""
"231229",""
"231266",""
"231839",""
"231347",""
"231374",""
"233901",""
"233432",""
"233139",""
"231438",""
"231476",""
"231487",""
"231491",""
"231565",""
"231614",""
"231587",""
"231652",""
"232439",""
"231710",""
"231758",""
"233170",""
"231793",""
"231804",""
"231864",""
"231930",""
"231958",""
"231964",""
"232007",""
"232078",""
"232254",""
"232528",""
"232049",""
"232116",""
"232120",""
"232134",""
"232213",""
"232263",""
"232273",""
"232310",""
"232301",""
"232656",""
"232406",""
"232423",""
"232507",""
"232458",""
"232460",""
"232478",""
"232494",""
"232521",""
"232575",""
"232583",""
"232670",""
"233294",""
"232717",""
"232739",""
"233053",""
"233090",""
"232783",""
"232849",""
"232909",""
"232936",""
"232982",""
"233051",""
"233028",""
"233026",""
"233027",""
"233052",""
"233501",""
"233141",""
"233359",""
"233186",""
"233235",""
"233261",""
"233338",""
"233394",""
"233412",""
"233453",""
"233553",""
"233666",""
"233731",""
"233583",""
"233592",""
"233595",""
"233701",""
"233849",""
"233689",""
"233709",""
"233906",""
"233980",""
"233995",""
"149754",""
"157030",""
"166869",""
"160639",""
"149921",""
"150108",""
"150228",""
"214800",""
"150356",""
"195161",""
"225415",""
"151642",""
"207059",""
"209549",""
"210737",""
"150694",""
"155918",""
"150977",""
"151023",""
"151149",""
"151164",""
"151206",""
"167766",""
"169448",""
"232125",""
"151229",""
"176906",""
"151358",""
"194223",""
"174218",""
"151402",""
"160199",""
"151490",""
"227753",""
"159406",""
"178465",""
"178534",""
"202605",""
"151805",""
"151862",""
"178210",""
"152537",""
"176025",""
"161254",""
"152297",""
"152330",""
"155572",""
"197341",""
"197342",""
"152446",""
"231535",""
"169406",""
"193523",""
"185809",""
"152859",""
"158914",""
"211687",""
"153886",""
"189277",""
"177166",""
"191566",""
"153588",""
"176646",""
"176678",""
"159969",""
"188424",""
"182455",""
"174967",""
"153369",""
"153445",""
"153466",""
"153537",""
"158708",""
"153846",""
"154023",""
"181221",""
"154091",""
"233137",""
"154166",""
"188108",""
"196562",""
"210002",""
"221073",""
"154273",""
"155869",""
"174801",""
"166803",""
"176066",""
"176443",""
"154457",""
"198598",""
"198985",""
"154497",""
"155600",""
"158731",""
"180974",""
"154816",""
"155527",""
"157409",""
"223754",""
"154911",""
"183428",""
"169150",""
"192680",""
"155066",""
"155098",""
"155156",""
"155169",""
"184480",""
"155234",""
"155252",""
"168052",""
"205235",""
"224260",""
"224968",""
"155455",""
"179289",""
"155597",""
"171509",""
"177778",""
"178433",""
"205424",""
"155864",""
"171980",""
"156987",""
"226969",""
"160921",""
"161280",""
"157203",""
"157352",""
"200901",""
"169364",""
"181771",""
"182359",""
"182739",""
"183056",""
"178655",""
"157591",""
"201975",""
"157640",""
"173854",""
"160634",""
"176856",""
"157797",""
"161967",""
"166683",""
"157827",""
"158044",""
"179059",""
"158196",""
"158207",""
"158261",""
"178963",""
"194119",""
"225700",""
"158423",""
"186004",""
"211094",""
"222850",""
"195072",""
"159556",""
"175422",""
"189153",""
"162979",""
"158891",""
"167460",""
"158947",""
"181380",""
"187476",""
"198641",""
"178780",""
"159016",""
"200505",""
"213840",""
"214957",""
"215826",""
"216399",""
"230907",""
"200208",""
"159069",""
"162115",""
"159255",""
"161112",""
"174105",""
"174170",""
"175703",""
"174182",""
"161912",""
"159441",""
"172051",""
"159474",""
"173459",""
"183962",""
"174929",""
"159540",""
"203672",""
"209993",""
"160418",""
"160014",""
"178597",""
"219858",""
"159744",""
"163115",""
"177635",""
"181890",""
"185421",""
"186314",""
"159803",""
"233698",""
"180686",""
"177458",""
"159946",""
"159966",""
"170459",""
"177118",""
"204735",""
"160020",""
"170954",""
"185631",""
"222855",""
"171474",""
"205775",""
"182199",""
"187767",""
"176709",""
"160769",""
"160349",""
"160405",""
"160434",""
"160469",""
"205457",""
"160685",""
"160683",""
"192756",""
"193487",""
"191071",""
"161148",""
"168093",""
"212163",""
"161523",""
"161833",""
"208941",""
"220769",""
"161575",""
"189060",""
"161589",""
"167087",""
"167242",""
"171361",""
"161729",""
"161777",""
"168137",""
"172669",""
"216801",""
"169663",""
"181686",""
"162374",""
"176889",""
"176897",""
"177279",""
"162240",""
"191727",""
"162222",""
"162270",""
"185269",""
"169756",""
"163516",""
"168487",""
"162802",""
"182048",""
"181289",""
"177999",""
"178214",""
"178531",""
"163168",""
"163212",""
"188701",""
"177609",""
"178499",""
"222143",""
"215034",""
"215553",""
"195599",""
"41596",""
"227343",""
"163687",""
"219006",""
"164726",""
"164732",""
"164756",""
"201516",""
"164935",""
"165054",""
"188157",""
"189866",""
"184849",""
"166271",""
"165328",""
"168371",""
"177426",""
"165454",""
"165501",""
"166863",""
"169187",""
"196690",""
"165631",""
"204170",""
"165695",""
"199738",""
"177637",""
"165778",""
"180230",""
"171891",""
"165848",""
"178882",""
"168067",""
"166140",""
"190493",""
"206237",""
"166191",""
"169969",""
"177679",""
"179077",""
"181165",""
"166321",""
"166370",""
"166386",""
"166425",""
"166492",""
"166571",""
"166754",""
"177970",""
"166827",""
"184639",""
"201521",""
"214084",""
"169902",""
"167040",""
"184850",""
"219059",""
"231991",""
"167297",""
"178206",""
"206018",""
"212548",""
"219255",""
"226597",""
"227300",""
"170238",""
"170477",""
"171907",""
"171951",""
"172536",""
"173611",""
"173958",""
"175266",""
"175341",""
"176147",""
"167399",""
"202358",""
"193172",""
"191139",""
"170652",""
"221570",""
"167760",""
"167846",""
"206443",""
"172606",""
"192155",""
"219280",""
"189548",""
"229928",""
"182638",""
"168304",""
"175339",""
"177819",""
"168433",""
"222701",""
"169456",""
"216808",""
"169228",""
"179061",""
"188788",""
"168879",""
"169666",""
"203845",""
"201772",""
"169069",""
"169074",""
"171460",""
"169079",""
"169083",""
"169115",""
"183723",""
"172816",""
"169114",""
"184984",""
"183553",""
"223002",""
"169257",""
"169293",""
"169431",""
"169272",""
"169303",""
"169384",""
"187267",""
"169499",""
"169506",""
"170785",""
"171841",""
"172435",""
"169580",""
"169594",""
"169716",""
"172075",""
"169735",""
"176174",""
"170388",""
"170955",""
"184001",""
"170229",""
"177958",""
"197088",""
"169872",""
"169886",""
"214020",""
"170018",""
"170027",""
"170047",""
"170070",""
"170091",""
"170140",""
"181157",""
"218491",""
"170256",""
"170739",""
"170844",""
"170352",""
"170420",""
"181282",""
"170695",""
"172758",""
"176149",""
"176263",""
"176316",""
"170473",""
"170599",""
"170539",""
"176522",""
"174932",""
"171855",""
"170572",""
"181892",""
"170588",""
"170616",""
"170620",""
"173837",""
"178652",""
"231323",""
"170648",""
"170649",""
"170715",""
"174838",""
"170763",""
"207267",""
"172815",""
"170815",""
"170830",""
"206957",""
"170850",""
"171294",""
"173348",""
"174696",""
"170900",""
"226990",""
"170993",""
"171000",""
"171028",""
"171052",""
"171087",""
"179373",""
"179446",""
"171167",""
"171180",""
"171182",""
"171275",""
"171319",""
"205218",""
"205723",""
"171407",""
"203757",""
"210593",""
"171430",""
"172243",""
"171451",""
"171454",""
"206044",""
"171499",""
"176788",""
"171582",""
"171579",""
"171645",""
"183014",""
"171720",""
"171738",""
"171727",""
"213417",""
"213645",""
"213653",""
"171728",""
"196397",""
"197990",""
"171806",""
"171813",""
"186756",""
"171898",""
"171903",""
"171969",""
"189821",""
"172053",""
"175263",""
"173405",""
"173415",""
"172109",""
"175982",""
"172124",""
"172319",""
"172427",""
"178006",""
"172162",""
"181388",""
"184581",""
"185995",""
"187608",""
"189520",""
"192404",""
"218040",""
"173567",""
"172202",""
"172242",""
"172247",""
"174128",""
"172415",""
"172670",""
"172511",""
"172551",""
"172556",""
"172566",""
"172574",""
"172583",""
"172582",""
"184039",""
"172593",""
"172630",""
"172700",""
"204694",""
"219764",""
"224981",""
"189588",""
"191194",""
"172878",""
"177164",""
"178154",""
"173071",""
"185344",""
"222887",""
"172960",""
"197167",""
"173021",""
"173073",""
"188182",""
"198309",""
"199530",""
"201476",""
"205142",""
"173080",""
"173096",""
"173187",""
"195457",""
"210848",""
"211419",""
"173248",""
"173284",""
"173349",""
"174812",""
"173361",""
"177556",""
"182889",""
"187479",""
"173674",""
"183374",""
"173691",""
"173694",""
"197734",""
"173710",""
"173729",""
"173741",""
"173750",""
"173752",""
"173786",""
"173804",""
"189376",""
"198291",""
"173846",""
"173869",""
"173886",""
"173901",""
"226819",""
"173961",""
"173982",""
"174018",""
"177501",""
"205641",""
"174068",""
"190616",""
"200196",""
"174160",""
"174109",""
"230152",""
"191758",""
"192569",""
"174147",""
"174187",""
"206964",""
"174306",""
"175386",""
"189045",""
"174371",""
"174384",""
"180110",""
"191421",""
"192548",""
"232286",""
"174477",""
"174523",""
"195947",""
"214892",""
"174581",""
"174672",""
"175211",""
"180106",""
"174684",""
"174702",""
"175903",""
"187799",""
"110575",""
"110599",""
"179154",""
"110749",""
"200817",""
"201934",""
"205929",""
"181535",""
"188393",""
"111308",""
"113031",""
"116756",""
"123929",""
"196363",""
"200590",""
"204013",""
"112329",""
"184586",""
"148311",""
"111733",""
"124172",""
"111777",""
"112070",""
"220587",""
"116765",""
"122994",""
"111935",""
"134329",""
"134904",""
"112009",""
"123720",""
"138606",""
"171133",""
"180533",""
"192428",""
"196891",""
"202876",""
"218272",""
"224695",""
"225873",""
"112028",""
"122270",""
"118119",""
"168868",""
"182770",""
"184025",""
"184151",""
"185438",""
"191124",""
"192088",""
"196055",""
"196058",""
"198175",""
"201199",""
"205470",""
"214967",""
"112772",""
"225925",""
"178952",""
"197589",""
"112325",""
"116222",""
"139394",""
"113123",""
"153382",""
"114708",""
"146818",""
"186096",""
"112742",""
"197702",""
"116313",""
"179813",""
"233378",""
"112845",""
"113057",""
"196404",""
"219368",""
"112931",""
"113005",""
"187866",""
"113291",""
"172513",""
"172719",""
"225717",""
"136673",""
"116079",""
"115613",""
"157895",""
"196537",""
"113482",""
"177318",""
"121179",""
"114661",""
"133345",""
"114784",""
"114912",""
"115119",""
"124520",""
"193573",""
"118435",""
"115428",""
"115330",""
"117878",""
"230773",""
"129538",""
"177261",""
"233651",""
"115576",""
"120614",""
"140265",""
"225044",""
"210396",""
"121097",""
"127581",""
"115911",""
"116052",""
"116314",""
"223859",""
"116500",""
"210154",""
"116668",""
"186741",""
"117170",""
"116716",""
"116960",""
"137671",""
"143980",""
"146111",""
"117113",""
"185447",""
"173920",""
"117316",""
"183837",""
"186164",""
"117441",""
"117382",""
"117433",""
"170302",""
"117671",""
"206543",""
"130269",""
"177365",""
"133737",""
"157946",""
"180194",""
"207090",""
"118271",""
"119920",""
"154886",""
"128673",""
"118286",""
"118290",""
"118515",""
"218611",""
"118344",""
"136265",""
"175396",""
"118518",""
"169254",""
"175534",""
"121080",""
"121972",""
"130011",""
"130013",""
"230224",""
"130901",""
"118811",""
"232845",""
"120931",""
"189011",""
"118988",""
"120218",""
"120357",""
"182723",""
"199751",""
"182346",""
"121370",""
"119364",""
"160235",""
"163396",""
"212128",""
"119640",""
"119727",""
"143445",""
"215736",""
"131118",""
"177337",""
"119687",""
"119695",""
"120030",""
"162111",""
"231526",""
"137782",""
"140580",""
"146469",""
"146471",""
"147898",""
"119808",""
"171012",""
"172343",""
"224275",""
"170860",""
"170603",""
"176943",""
"120025",""
"159080",""
"169974",""
"219678",""
"225277",""
"120185",""
"120270",""
"120358",""
"120361",""
"229871",""
"166695",""
"140034",""
"182932",""
"161719",""
"120808",""
"121044",""
"121062",""
"121100",""
"121238",""
"182696",""
"121340",""
"121801",""
"121351",""
"127455",""
"161027",""
"160808",""
"181196",""
"185642",""
"186001",""
"186051",""
"192316",""
"196664",""
"197844",""
"200610",""
"206579",""
"206583",""
"225522",""
"229591",""
"144762",""
"121465",""
"174159",""
"134362",""
"121583",""
"190989",""
"122231",""
"130693",""
"121924",""
"218575",""
"184885",""
"219033",""
"122424",""
"158967",""
"122589",""
"138531",""
"143640",""
"140584",""
"188600",""
"174263",""
"137907",""
"151094",""
"191017",""
"122954",""
"129384",""
"123143",""
"176782",""
"203212",""
"123291",""
"206811",""
"144557",""
"123622",""
"123463",""
"182612",""
"126342",""
"140232",""
"145373",""
"127615",""
"158066",""
"180053",""
"123860",""
"123894",""
"123911",""
"150485",""
"223564",""
"124023",""
"173997",""
"124632",""
"146420",""
"161260",""
"181630",""
"124429",""
"171478",""
"124510",""
"184910",""
"201368",""
"233793",""
"141596",""
"185814",""
"124612",""
"124633",""
"135035",""
"143167",""
"145659",""
"184115",""
"200521",""
"160605",""
"133276",""
"184461",""
"126148",""
"158309",""
"207428",""
"231558",""
"160175",""
"126373",""
"160635",""
"223502",""
"126393",""
"213562",""
"126848",""
"126847",""
"126872",""
"126890",""
"176932",""
"127085",""
"158263",""
"195940",""
"127180",""
"171776",""
"171833",""
"219258",""
"127433",""
"230976",""
"127537",""
"128820",""
"128795",""
"127606",""
"177339",""
"127711",""
"178073",""
"195765",""
"140803",""
"127938",""
"184857",""
"191892",""
"149810",""
"128186",""
"168101",""
"199285",""
"232967",""
"168538",""
"178932",""
"199418",""
"210212",""
"220179",""
"129447",""
"184521",""
"184576",""
"184587",""
"184595",""
"184618",""
"227060",""
"186342",""
"184742",""
"184709",""
"188303",""
"189649",""
"191396",""
"216102",""
"229500",""
"232572",""
"184782",""
"184787",""
"184816",""
"184842",""
"184878",""
"184925",""
"184928",""
"184933",""
"184956",""
"184962",""
"213338",""
"185091",""
"185138",""
"186108",""
"185320",""
"193994",""
"188876",""
"226454",""
"185370",""
"185395",""
"185419",""
"185437",""
"231880",""
"185516",""
"185528",""
"185547",""
"185581",""
"185644",""
"187225",""
"187988",""
"188237",""
"185672",""
"205599",""
"185696",""
"190556",""
"190599",""
"225100",""
"185733",""
"187196",""
"185962",""
"185844",""
"209770",""
"185900",""
"209002",""
"185920",""
"185931",""
"215734",""
"218928",""
"186033",""
"186644",""
"186076",""
"189940",""
"214517",""
"220499",""
"186173",""
"186571",""
"187241",""
"186210",""
"186345",""
"186580",""
"186951",""
"186369",""
"186386",""
"199276",""
"187132",""
"195048",""
"186535",""
"209220",""
"221291",""
"186564",""
"186601",""
"186606",""
"186680",""
"188197",""
"188551",""
"186737",""
"186738",""
"186762",""
"186773",""
"186804",""
"186816",""
"227750",""
"186826",""
"186856",""
"186859",""
"186880",""
"186897",""
"186956",""
"186972",""
"187062",""
"187602",""
"212631",""
"186976",""
"186999",""
"187461",""
"194705",""
"199367",""
"187049",""
"187072",""
"204494",""
"187855",""
"192967",""
"201775",""
"187144",""
"187265",""
"187194",""
"187249",""
"187242",""
"187260",""
"187282",""
"187386",""
"187324",""
"187381",""
"223699",""
"187415",""
"187427",""
"187440",""
"187511",""
"187534",""
"187611",""
"187637",""
"187647",""
"187651",""
"188272",""
"187669",""
"187687",""
"187731",""
"187740",""
"187776",""
"187778",""
"187792",""
"187822",""
"187857",""
"187882",""
"219839",""
"187916",""
"187927",""
"201221",""
"196606",""
"204338",""
"209532",""
"188466",""
"188001",""
"205428",""
"188018",""
"188647",""
"189002",""
"188290",""
"188283",""
"188306",""
"188368",""
"188371",""
"188392",""
"189958",""
"188429",""
"189602",""
"188738",""
"188589",""
"193588",""
"224045",""
"188721",""
"197446",""
"220149",""
"202563",""
"189021",""
"189146",""
"188998",""
"189134",""
"189147",""
"189155",""
"189971",""
"190380",""
"190459",""
"190747",""
"189189",""
"189227",""
"189278",""
"189264",""
"226007",""
"189399",""
"189474",""
"189607",""
"189515",""
"190039",""
"189541",""
"189564",""
"189617",""
"190166",""
"197426",""
"227077",""
"189563",""
"192905",""
"231447",""
"190147",""
"190700",""
"210844",""
"230343",""
"189757",""
"197724",""
"231101",""
"189766",""
"224220",""
"224799",""
"227089",""
"229333",""
"189850",""
"189871",""
"189922",""
"189936",""
"213650",""
"205999",""
"229121",""
"190119",""
"190123",""
"190151",""
"191709",""
"216803",""
"190232",""
"190271",""
"190282",""
"190293",""
"190298",""
"190301",""
"190308",""
"205864",""
"191791",""
"190354",""
"192644",""
"190373",""
"190387",""
"190467",""
"190486",""
"190523",""
"190535",""
"190536",""
"190575",""
"190597",""
"190627",""
"190635",""
"190713",""
"190714",""
"190751",""
"210720",""
"190849",""
"190907",""
"190938",""
"191216",""
"191841",""
"190995",""
"191296",""
"209528",""
"222743",""
"191155",""
"191173",""
"191203",""
"191209",""
"200190",""
"202987",""
"191316",""
"191863",""
"192215",""
"192345",""
"192369",""
"199219",""
"199728",""
"202756",""
"219190",""
"224701",""
"199352",""
"191301",""
"227397",""
"191349",""
"191355",""
"191409",""
"191458",""
"191487",""
"221851",""
"191592",""
"198413",""
"205216",""
"191777",""
"191772",""
"191970",""
"192201",""
"194519",""
"210946",""
"191985",""
"191837",""
"191933",""
"191992",""
"192006",""
"192005",""
"192107",""
"192214",""
"192156",""
"192161",""
"192225",""
"192170",""
"223925",""
"192260",""
"192274",""
"192309",""
"192335",""
"192373",""
"192463",""
"192389",""
"192574",""
"192437",""
"192925",""
"206277",""
"192468",""
"192503",""
"192553",""
"192635",""
"200525",""
"192670",""
"192725",""
"192830",""
"227215",""
"192931",""
"211289",""
"192964",""
"193052",""
"193934",""
"193002",""
"193013",""
"203771",""
"205736",""
"193144",""
"199787",""
"217969",""
"193218",""
"193231",""
"219587",""
"219619",""
"229781",""
"193277",""
"199273",""
"230726",""
"193391",""
"193456",""
"193507",""
"193779",""
"193578",""
"193567",""
"193604",""
"193622",""
"193634",""
"193661",""
"193683",""
"208990",""
"193740",""
"218682",""
"220589",""
"224655",""
"193777",""
"193806",""
"194116",""
"227436",""
"193861",""
"193863",""
"200173",""
"193890",""
"193917",""
"194037",""
"194048",""
"194069",""
"194542",""
"194123",""
"194240",""
"194248",""
"197900",""
"194287",""
"194397",""
"194940",""
"195131",""
"199480",""
"194508",""
"196378",""
"194546",""
"194557",""
"194559",""
"194564",""
"194957",""
"202816",""
"231218",""
"196853",""
"214992",""
"195643",""
"196847",""
"204264",""
"194877",""
"194972",""
"197957",""
"201074",""
"201425",""
"195049",""
"195053",""
"204096",""
"195076",""
"195122",""
"195164",""
"195194",""
"195196",""
"195220",""
"193997",""
"195151",""
"204190",""
"205271",""
"205626",""
"206947",""
"206967",""
"209100",""
"219807",""
"223290",""
"227479",""
"232058",""
"195271",""
"207208",""
"195304",""
"195390",""
"196908",""
"229602",""
"195419",""
"218092",""
"203874",""
"195548",""
"195496",""
"195607",""
"197032",""
"214450",""
"216169",""
"203999",""
"196652",""
"195726",""
"205562",""
"210670",""
"218148",""
"233097",""
"195782",""
"195834",""
"195919",""
"195927",""
"197292",""
"197624",""
"195981",""
"196000",""
"196023",""
"197134",""
"196060",""
"196086",""
"196092",""
"196097",""
"196114",""
"196121",""
"196205",""
"224200",""
"223389",""
"196238",""
"200033",""
"196281",""
"196296",""
"196303",""
"199699",""
"196364",""
"196412",""
"196425",""
"206319",""
"196439",""
"196447",""
"196491",""
"196522",""
"196557",""
"196590",""
"196674",""
"196598",""
"196600",""
"196610",""
"196651",""
"196655",""
"225520",""
"196698",""
"197657",""
"196715",""
"196731",""
"201306",""
"219480",""
"204946",""
"197464",""
"197488",""
"196943",""
"196950",""
"196967",""
"227758",""
"227763",""
"227770",""
"230035",""
"197028",""
"197041",""
"197061",""
"197069",""
"197147",""
"197484",""
"197082",""
"225056",""
"225286",""
"197667",""
"197201",""
"201086",""
"201412",""
"197259",""
"199168",""
"201653",""
"197325",""
"197387",""
"197453",""
"197478",""
"214186",""
"197532",""
"197628",""
"197871",""
"197698",""
"221006",""
"197705",""
"197715",""
"231161",""
"209462",""
"218994",""
"219335",""
"197916",""
"197940",""
"197946",""
"197963",""
"197993",""
"198185",""
"198158",""
"198208",""
"233721",""
"226114",""
"205494",""
"214680",""
"222437",""
"198366",""
"198368",""
"205809",""
"209822",""
"230609",""
"198455",""
"198498",""
"198500",""
"198501",""
"198533",""
"199696",""
"201196",""
"203917",""
"203942",""
"198560",""
"198566",""
"198569",""
"198573",""
"198611",""
"199052",""
"198749",""
"198762",""
"198791",""
"198069",""
"198869",""
"200008",""
"198872",""
"211761",""
"198951",""
"198999",""
"199096",""
"199105",""
"199166",""
"199234",""
"199238",""
"199241",""
"199292",""
"199908",""
"199360",""
"199415",""
"199452",""
"199458",""
"218667",""
"199573",""
"199575",""
"199583",""
"203057",""
"199597",""
"205549",""
"199620",""
"199746",""
"199672",""
"199708",""
"199928",""
"199748",""
"199788",""
"229963",""
"200077",""
"200195",""
"200964",""
"199855",""
"199868",""
"199987",""
"200427",""
"199876",""
"199879",""
"199895",""
"199944",""
"200415",""
"199952",""
"199981",""
"200029",""
"200519",""
"202267",""
"213371",""
"213898",""
"214683",""
"214994",""
"200093",""
"202529",""
"205160",""
"200139",""
"200215",""
"224945",""
"201277",""
"200205",""
"205685",""
"200307",""
"200315",""
"200344",""
"216492",""
"200352",""
"200383",""
"200417",""
"200421",""
"200463",""
"219738",""
"205663",""
"222217",""
"207741",""
"208970",""
"200860",""
"200632",""
"200634",""
"200664",""
"200668",""
"200703",""
"202005",""
"200725",""
"200736",""
"200799",""
"211202",""
"205975",""
"205991",""
"200900",""
"213089",""
"203968",""
"205788",""
"229653",""
"230868",""
"201057",""
"201088",""
"201163",""
"201224",""
"201274",""
"201303",""
"201334",""
"201370",""
"203442",""
"201437",""
"201441",""
"213772",""
"201505",""
"201508",""
"226994",""
"201576",""
"201893",""
"201652",""
"214311",""
"201642",""
"201763",""
"201773",""
"203661",""
"221606",""
"221652",""
"221693",""
"233759",""
"202019",""
"201952",""
"201966",""
"201992",""
"201998",""
"202031",""
"202137",""
"202196",""
"202451",""
"202246",""
"202254",""
"202259",""
"202265",""
"214689",""
"230809",""
"202348",""
"202363",""
"210589",""
"202588",""
"202802",""
"202431",""
"202439",""
"202481",""
"202515",""
"202543",""
"202582",""
"202586",""
"202591",""
"203143",""
"211797",""
"202649",""
"202656",""
"202697",""
"215569",""
"202717",""
"202783",""
"202801",""
"202819",""
"202834",""
"202839",""
"202878",""
"202913",""
"202941",""
"202953",""
"203022",""
"203048",""
"206248",""
"203081",""
"204481",""
"211390",""
"203171",""
"203193",""
"203237",""
"203997",""
"203213",""
"203249",""
"204497",""
"211584",""
"203314",""
"203316",""
"219559",""
"203508",""
"203563",""
"203587",""
"203612",""
"203638",""
"204182",""
"203655",""
"203666",""
"225708",""
"203712",""
"205670",""
"206056",""
"206230",""
"207127",""
"207536",""
"224821",""
"204669",""
"203977",""
"203981",""
"210243",""
"224559",""
"203996",""
"205208",""
"214401",""
"229486",""
"204041",""
"204056",""
"204174",""
"204194",""
"204205",""
"204213",""
"204237",""
"227187",""
"204400",""
"205104",""
"207442",""
"204579",""
"204459",""
"232434",""
"204500",""
"204562",""
"204610",""
"204615",""
"222502",""
"204723",""
"204700",""
"204718",""
"204737",""
"204740",""
"204791",""
"204815",""
"204906",""
"205000",""
"204830",""
"204862",""
"204859",""
"204907",""
"204925",""
"204936",""
"204955",""
"204961",""
"204974",""
"204983",""
"205750",""
"205106",""
"205490",""
"206390",""
"205384",""
"205236",""
"205264",""
"205305",""
"205317",""
"205333",""
"205410",""
"226470",""
"205473",""
"222787",""
"205518",""
"205530",""
"205568",""
"219590",""
"222319",""
"205591",""
"228925",""
"205713",""
"211470",""
"205754",""
"205758",""
"206290",""
"207016",""
"205810",""
"205851",""
"207193",""
"205878",""
"205927",""
"206462",""
"205978",""
"206008",""
"206024",""
"206048",""
"206054",""
"206554",""
"206080",""
"206099",""
"220371",""
"206160",""
"206195",""
"206314",""
"206322",""
"206342",""
"229377",""
"206364",""
"206393",""
"206424",""
"206879",""
"221448",""
"207436",""
"206520",""
"206730",""
"206584",""
"206606",""
"206627",""
"206634",""
"206666",""
"206705",""
"212633",""
"212955",""
"213103",""
"214238",""
"216531",""
"219754",""
"220396",""
"220848",""
"221370",""
"224645",""
"209178",""
"209289",""
"206756",""
"206821",""
"206914",""
"209598",""
"206935",""
"207520",""
"207342",""
"207017",""
"209897",""
"207037",""
"210507",""
"207074",""
"207085",""
"209174",""
"207103",""
"207105",""
"211324",""
"207143",""
"229015",""
"207225",""
"207226",""
"214467",""
"216101",""
"207233",""
"208923",""
"208993",""
"207252",""
"207282",""
"207418",""
"207450",""
"207460",""
"207461",""
"207474",""
"207478",""
"214498",""
"207548",""
"209504",""
"211981",""
"215138",""
"218108",""
"218669",""
"218806",""
"218988",""
"219939",""
"221388",""
"207613",""
"210136",""
"207657",""
"207666",""
"215467",""
"207679",""
"207694",""
"212473",""
"207731",""
"207754",""
"207777",""
"207860",""
"209195",""
"207886",""
"207898",""
"207901",""
"208917",""
"219232",""
"220359",""
"221018",""
"221152",""
"221406",""
"221408",""
"223200",""
"208933",""
"209103",""
"209974",""
"210519",""
"210744",""
"211091",""
"211323",""
"211389",""
"212495",""
"209131",""
"209190",""
"209464",""
"209153",""
"210620",""
"214653",""
"209277",""
"212085",""
"209349",""
"209389",""
"209908",""
"209450",""
"209456",""
"209479",""
"209491",""
"218086",""
"231622",""
"209554",""
"209562",""
"209579",""
"209594",""
"211638",""
"211879",""
"209817",""
"210038",""
"210868",""
"211166",""
"211242",""
"211594",""
"209690",""
"214080",""
"209739",""
"233536",""
"219415",""
"222851",""
"209907",""
"210072",""
"210272",""
"210120",""
"211467",""
"222772",""
"211568",""
"210407",""
"210441",""
"214620",""
"210479",""
"210490",""
"212748",""
"221909",""
"210504",""
"210629",""
"215014",""
"218614",""
"224052",""
"210596",""
"211406",""
"210619",""
"210673",""
"210704",""
"211069",""
"230467",""
"211352",""
"210859",""
"210871",""
"210902",""
"227757",""
"210952",""
"214056",""
"224338",""
"210984",""
"220638",""
"221355",""
"211052",""
"211056",""
"211139",""
"211388",""
"211184",""
"211286",""
"229872",""
"212572",""
"220708",""
"220712",""
"221109",""
"221364",""
"221497",""
"231724",""
"211371",""
"211405",""
"211495",""
"216045",""
"216428",""
"216515",""
"211487",""
"211493",""
"211502",""
"211597",""
"211552",""
"211593",""
"211631",""
"211715",""
"211741",""
"213366",""
"219173",""
"211916",""
"211954",""
"211932",""
"211938",""
"229050",""
"212036",""
"212064",""
"212110",""
"224913",""
"212144",""
"212175",""
"232833",""
"212215",""
"212247",""
"212306",""
"212338",""
"212348",""
"212400",""
"212476",""
"212577",""
"212377",""
"212381",""
"212385",""
"212413",""
"212427",""
"212455",""
"212506",""
"212564",""
"212574",""
"212589",""
"224179",""
"225605",""
"225762",""
"213062",""
"212657",""
"212668",""
"212784",""
"212788",""
"212812",""
"218725",""
"212956",""
"212830",""
"222359",""
"214529",""
"212945",""
"215761",""
"213078",""
"215875",""
"213169",""
"213215",""
"213620",""
"213302",""
"213312",""
"214136",""
"213714",""
"213426",""
"213512",""
"161111",""
"88684",""
"195641",""
"189436",""
"189442",""
"90289",""
"121618",""
"123542",""
"88980",""
"89003",""
"89024",""
"190521",""
"106403",""
"146274",""
"183194",""
"171711",""
"89397",""
"106122",""
"180335",""
"203436",""
"89553",""
"177963",""
"89639",""
"160869",""
"89916",""
"186728",""
"209455",""
"212218",""
"170740",""
"148362",""
"124904",""
"90230",""
"90247",""
"90306",""
"90369",""
"94640",""
"95936",""
"100074",""
"109935",""
"97305",""
"91431",""
"95276",""
"178965",""
"181720",""
"90724",""
"171406",""
"203667",""
"225305",""
"172638",""
"104692",""
"90936",""
"90970",""
"91039",""
"201245",""
"91309",""
"98075",""
"196697",""
"91521",""
"179604",""
"176606",""
"94017",""
"172148",""
"111294",""
"98403",""
"176573",""
"195311",""
"202373",""
"227477",""
"91934",""
"93447",""
"116663",""
"92180",""
"129883",""
"92300",""
"212596",""
"92700",""
"229020",""
"215063",""
"224044",""
"204752",""
"215039",""
"92748",""
"92766",""
"136806",""
"108738",""
"220549",""
"92846",""
"131373",""
"118383",""
"92919",""
"93248",""
"92979",""
"140235",""
"93370",""
"191556",""
"191846",""
"103396",""
"173799",""
"174245",""
"100410",""
"176570",""
"93545",""
"217891",""
"140781",""
"93658",""
"197583",""
"93836",""
"171354",""
"119869",""
"152633",""
"94002",""
"149543",""
"103689",""
"94274",""
"94317",""
"94473",""
"94585",""
"94577",""
"118330",""
"94633",""
"94711",""
"94857",""
"148209",""
"98419",""
"107413",""
"175338",""
"183728",""
"219981",""
"111398",""
"121035",""
"121379",""
"146729",""
"197972",""
"222407",""
"170523",""
"100405",""
"96798",""
"95384",""
"95524",""
"176655",""
"95580",""
"95629",""
"97368",""
"195242",""
"95812",""
"168237",""
"219753",""
"212459",""
"95982",""
"96025",""
"173700",""
"96078",""
"96100",""
"101957",""
"97689",""
"160526",""
"224241",""
"96564",""
"136816",""
"96610",""
"96615",""
"151320",""
"221584",""
"123811",""
"97065",""
"176239",""
"187646",""
"189331",""
"96883",""
"97015",""
"186875",""
"218625",""
"158071",""
"171469",""
"225464",""
"223178",""
"97946",""
"110943",""
"185287",""
"224629",""
"126248",""
"98187",""
"163363",""
"154700",""
"173338",""
"98436",""
"98389",""
"98427",""
"212029",""
"99614",""
"169291",""
"100926",""
"120472",""
"172192",""
"105925",""
"99840",""
"185228",""
"232974",""
"107565",""
"99902",""
"219208",""
"104525",""
"117798",""
"107441",""
"173059",""
"171533",""
"100146",""
"164727",""
"176595",""
"201190",""
"218648",""
"176512",""
"103041",""
"101235",""
"193488",""
"119551",""
"119764",""
"195990",""
"100551",""
"150966",""
"154908",""
"155226",""
"155476",""
"169748",""
"170941",""
"171053",""
"174663",""
"176613",""
"178176",""
"225990",""
"101179",""
"100643",""
"100722",""
"100743",""
"100757",""
"100860",""
"188199",""
"212369",""
"100999",""
"188567",""
"213002",""
"170958",""
"171089",""
"121993",""
"172026",""
"174791",""
"178141",""
"201573",""
"101406",""
"101440",""
"186812",""
"199443",""
"201737",""
"221042",""
"101637",""
"189815",""
"101721",""
"101758",""
"183265",""
"183630",""
"183735",""
"192906",""
"101828",""
"101849",""
"103433",""
"206244",""
"224404",""
"225174",""
"102026",""
"102060",""
"116518",""
"199403",""
"214540",""
"224988",""
"185629",""
"203945",""
"133629",""
"102451",""
"115695",""
"126399",""
"173952",""
"228922",""
"144540",""
"102674",""
"165536",""
"102711",""
"102744",""
"102799",""
"109339",""
"111705",""
"103058",""
"103089",""
"181997",""
"104122",""
"108886",""
"170448",""
"115721",""
"202433",""
"213633",""
"214091",""
"103408",""
"174023",""
"175306",""
"139970",""
"200534",""
"201896",""
"103602",""
"103658",""
"103722",""
"167372",""
"123659",""
"185170",""
"195619",""
"220370",""
"113560",""
"172632",""
"103823",""
"103862",""
"103933",""
"123402",""
"104244",""
"137811",""
"171628",""
"77200",""
"73095",""
"121371",""
"76928",""
"105065",""
"196924",""
"200946",""
"202746",""
"221759",""
"73202",""
"77061",""
"154051",""
"73538",""
"84569",""
"194585",""
"191067",""
"73605",""
"169527",""
"176641",""
"189477",""
"81769",""
"74011",""
"74149",""
"74182",""
"85018",""
"124297",""
"74390",""
"74470",""
"74524",""
"139679",""
"187326",""
"75810",""
"152185",""
"75918",""
"96787",""
"127637",""
"193424",""
"214588",""
"76278",""
"76298",""
"93527",""
"179036",""
"210078",""
"76436",""
"190595",""
"76606",""
"76619",""
"76706",""
"76781",""
"76791",""
"76809",""
"175112",""
"180505",""
"76883",""
"76889",""
"127168",""
"86139",""
"212785",""
"182452",""
"78823",""
"78841",""
"80131",""
"77088",""
"77137",""
"77246",""
"78688",""
"231752",""
"101529",""
"77415",""
"77424",""
"77518",""
"82943",""
"170243",""
"81625",""
"188884",""
"222541",""
"87102",""
"78843",""
"192164",""
"187345",""
"79113",""
"91215",""
"79125",""
"79197",""
"79652",""
"120813",""
"79179",""
"79394",""
"79421",""
"123158",""
"81699",""
"110533",""
"79602",""
"182301",""
"83015",""
"109342",""
"112239",""
"121200",""
"140302",""
"213012",""
"116819",""
"79835",""
"84294",""
"79850",""
"190047",""
"206473",""
"129754",""
"86515",""
"80417",""
"190061",""
"142333",""
"150505",""
"171357",""
"177235",""
"189358",""
"189360",""
"169709",""
"80225",""
"168393",""
"212077",""
"206817",""
"87494",""
"80488",""
"80510",""
"80622",""
"80478",""
"80485",""
"80523",""
"80586",""
"80663",""
"81132",""
"158618",""
"175528",""
"213959",""
"80837",""
"80863",""
"80871",""
"143152",""
"140244",""
"190976",""
"81166",""
"84793",""
"221779",""
"118732",""
"81355",""
"81454",""
"195100",""
"195144",""
"81474",""
"222479",""
"81586",""
"86547",""
"81612",""
"81639",""
"170378",""
"172294",""
"213332",""
"181001",""
"181565",""
"133787",""
"107301",""
"86234",""
"82092",""
"204389",""
"219976",""
"133197",""
"82273",""
"182390",""
"165367",""
"82586",""
"186852",""
"90287",""
"82752",""
"123717",""
"82828",""
"83137",""
"213112",""
"229065",""
"126659",""
"145716",""
"220572",""
"82945",""
"82958",""
"82964",""
"93573",""
"101336",""
"83028",""
"83092",""
"173283",""
"186989",""
"83268",""
"187254",""
"86990",""
"123204",""
"117518",""
"130732",""
"89080",""
"83358",""
"83433",""
"207306",""
"83534",""
"92263",""
"169982",""
"83726",""
"92011",""
"225799",""
"121643",""
"153734",""
"229761",""
"84875",""
"111296",""
"210513",""
"84933",""
"84266",""
"153740",""
"84302",""
"84339",""
"115286",""
"84325",""
"116328",""
"84380",""
"84486",""
"84491",""
"84530",""
"154948",""
"84767",""
"84786",""
"160837",""
"84919",""
"197603",""
"212403",""
"213437",""
"85411",""
"128212",""
"149301",""
"202355",""
"85105",""
"95119",""
"85132",""
"85914",""
"87542",""
"187912",""
"85560",""
"85483",""
"87188",""
"212503",""
"92904",""
"127325",""
"127608",""
"127802",""
"128397",""
"130054",""
"132923",""
"163553",""
"165466",""
"167172",""
"88601",""
"180975",""
"190986",""
"192368",""
"194655",""
"85581",""
"180065",""
"91969",""
"86857",""
"179428",""
"97520",""
"108268",""
"220600",""
"143025",""
"86046",""
"181538",""
"86161",""
"86132",""
"86182",""
"117986",""
"183809",""
"86395",""
"170501",""
"167105",""
"86869",""
"95123",""
"86696",""
"99989",""
"195441",""
"196753",""
"204288",""
"101448",""
"87026",""
"172721",""
"87137",""
"184288",""
"105906",""
"100309",""
"174732",""
"181012",""
"87553",""
"171542",""
"103515",""
"11404",""
"9974",""
"226538",""
"126424",""
"219020",""
"9708",""
"10962",""
"89396",""
"181770",""
"10867",""
"206191",""
"11912",""
"175783",""
"14735",""
"17273",""
"38550",""
"57275",""
"36447",""
"60924",""
"175000",""
"67241",""
"11898",""
"13703",""
"172984",""
"11083",""
"142566",""
"30280",""
"11112",""
"120680",""
"11141",""
"13374",""
"11309",""
"46885",""
"34804",""
"53333",""
"16351",""
"11391",""
"35155",""
"74432",""
"70589",""
"11655",""
"220783",""
"48621",""
"29040",""
"11875",""
"31273",""
"155633",""
"36538",""
"13194",""
"12321",""
"35420",""
"23906",""
"12457",""
"18166",""
"57006",""
"31748",""
"63947",""
"91402",""
"91407",""
"134828",""
"144439",""
"12618",""
"168932",""
"26394",""
"12654",""
"47717",""
"16537",""
"20381",""
"17276",""
"73676",""
"20507",""
"12939",""
"118804",""
"206893",""
"16581",""
"86327",""
"127603",""
"135501",""
"155172",""
"199685",""
"226983",""
"13551",""
"15585",""
"13279",""
"200017",""
"19209",""
"183124",""
"169215",""
"59418",""
"217884",""
"52558",""
"14286",""
"178090",""
"14098",""
"96335",""
"61991",""
"136122",""
"14154",""
"103723",""
"163613",""
"38519",""
"14210",""
"14328",""
"14396",""
"14474",""
"39897",""
"14505",""
"16996",""
"32596",""
"14613",""
"47104",""
"176635",""
"27874",""
"30631",""
"43902",""
"144164",""
"41290",""
"17210",""
"21253",""
"96278",""
"225210",""
"15016",""
"64363",""
"23202",""
"17638",""
"24121",""
"35356",""
"15048",""
"163196",""
"15058",""
"24482",""
"15076",""
"205122",""
"15124",""
"207332",""
"218673",""
"15298",""
"15301",""
"24163",""
"31870",""
"144111",""
"178504",""
"15355",""
"196469",""
"199211",""
"199793",""
"20691",""
"37749",""
"51105",""
"172908",""
"201268",""
"16612",""
"187308",""
"70719",""
"3488",""
"3493",""
"3574",""
"14515",""
"3664",""
"90534",""
"40715",""
"233302",""
"3727",""
"4143",""
"172419",""
"178484",""
"6918",""
"6919",""
"10044",""
"46682",""
"72005",""
"4210",""
"4313",""
"81763",""
"4410",""
"4925",""
"5526",""
"15038",""
"5523",""
"29742",""
"9031",""
"9415",""
"56910",""
"10227",""
"192716",""
"194006",""
"8919",""
"4767",""
"36484",""
"5812",""
"4910",""
"5175",""
"5043",""
"176213",""
"9192",""
"5951",""
"9011",""
"79326",""
"88724",""
"215564",""
"158220",""
"16706",""
"20349",""
"25667",""
"35904",""
"52224",""
"5366",""
"205800",""
"12446",""
"158965",""
"5833",""
"181350",""
"5857",""
"15255",""
"182089",""
"19156",""
"29068",""
"175723",""
"34088",""
"7431",""
"76699",""
"171238",""
"180000",""
"25046",""
"12878",""
"133588",""
"35515",""
"163386",""
"18066",""
"22828",""
"30091",""
"178888",""
"53849",""
"65475",""
"11930",""
"8220",""
"6569",""
"6587",""
"68321",""
"11299",""
"48157",""
"6620",""
"6641",""
"18321",""
"79747",""
"206746",""
"6868",""
"23957",""
"7024",""
"204687",""
"7261",""
"8277",""
"16737",""
"18328",""
"7587",""
"24935",""
"35061",""
"36769",""
"39818",""
"44298",""
"112553",""
"209037",""
"15163",""
"180357",""
"194936",""
"221032",""
"7726",""
"26287",""
"7833",""
"51259",""
"10228",""
"17633",""
"7967",""
"8786",""
"8085",""
"8028",""
"24195",""
"33688",""
"51629",""
"57375",""
"78928",""
"80723",""
"58534",""
"39671",""
"100689",""
"134429",""
"136210",""
"215057",""
"178809",""
"39736",""
"39995",""
"40453",""
"232030",""
"40074",""
"186099",""
"159677",""
"107035",""
"92875",""
"140703",""
"97810",""
"40330",""
"93776",""
"81336",""
"67686",""
"47089",""
"184419",""
"194076",""
"40784",""
"219042",""
"43639",""
"172041",""
"183832",""
"72636",""
"173475",""
"176181",""
"41050",""
"88936",""
"41207",""
"193247",""
"41410",""
"41445",""
"42199",""
"81815",""
"199527",""
"41890",""
"142031",""
"41941",""
"57102",""
"66699",""
"227105",""
"227346",""
"227364",""
"41961",""
"41971",""
"43489",""
"42028",""
"53564",""
"46457",""
"178876",""
"42779",""
"42527",""
"109751",""
"42516",""
"91087",""
"100274",""
"42531",""
"61785",""
"146068",""
"163054",""
"42959",""
"43091",""
"66137",""
"69181",""
"69279",""
"80755",""
"51410",""
"51630",""
"43125",""
"93648",""
"74558",""
"43392",""
"133104",""
"65968",""
"66771",""
"46248",""
"43585",""
"224322",""
"171191",""
"43784",""
"71868",""
"44518",""
"66728",""
"44208",""
"188215",""
"55279",""
"44055",""
"209324",""
"117460",""
"44093",""
"151305",""
"180630",""
"44231",""
"210851",""
"44339",""
"85710",""
"86186",""
"102169",""
"110558",""
"138133",""
"159506",""
"172080",""
"44509",""
"44531",""
"44630",""
"44983",""
"44689",""
"46816",""
"44982",""
"214915",""
"45002",""
"143133",""
"46066",""
"48262",""
"177155",""
"45206",""
"45209",""
"180119",""
"204681",""
"201504",""
"115507",""
"117666",""
"224371",""
"45468",""
"91773",""
"45564",""
"45639",""
"45648",""
"45787",""
"187607",""
"220663",""
"45667",""
"45735",""
"54400",""
"45860",""
"48615",""
"17127",""
"46008",""
"46192",""
"119094",""
"146488",""
"46739",""
"127156",""
"47937",""
"48637",""
"109471",""
"46721",""
"63924",""
"46773",""
"46826",""
"49487",""
"54198",""
"46894",""
"96247",""
"61371",""
"226740",""
"47807",""
"47646",""
"71139",""
"47253",""
"61364",""
"114890",""
"105834",""
"153305",""
"104957",""
"203330",""
"81319",""
"187914",""
"124256",""
"90135",""
"72324",""
"51628",""
"53469",""
"59143",""
"168909",""
"187706",""
"108985",""
"47539",""
"102603",""
"151746",""
"178561",""
"199209",""
"201121",""
"47684",""
"62595",""
"65636",""
"93467",""
"189659",""
"68008",""
"71141",""
"72742",""
"82112",""
"48523",""
"55958",""
"47920",""
"106310",""
"48013",""
"52060",""
"171061",""
"184662",""
"198039",""
"213375",""
"219868",""
"221924",""
"223155",""
"177099",""
"112096",""
"116170",""
"176631",""
"48611",""
"23493",""
"42315",""
"42550",""
"79884",""
"83409",""
"107695",""
"114875",""
"186777",""
"200694",""
"23621",""
"170019",""
"227595",""
"24400",""
"52815",""
"54684",""
"70638",""
"24697",""
"47650",""
"177255",""
"181259",""
"181312",""
"123415",""
"186613",""
"24153",""
"38893",""
"223853",""
"158007",""
"162330",""
"29642",""
"31999",""
"37362",""
"183383",""
"24420",""
"178399",""
"209092",""
"215835",""
"63288",""
"30352",""
"79828",""
"24751",""
"24847",""
"54368",""
"97146",""
"25119",""
"84361",""
"26496",""
"171113",""
"171402",""
"32500",""
"57614",""
"126812",""
"119345",""
"173645",""
"53504",""
"202674",""
"62759",""
"233272",""
"52785",""
"105541",""
"183192",""
"25966",""
"175714",""
"176916",""
"35758",""
"107340",""
"193397",""
"212859",""
"159417",""
"29338",""
"31828",""
"33017",""
"55236",""
"33062",""
"171569",""
"26551",""
"38490",""
"226219",""
"26690",""
"177960",""
"30584",""
"31306",""
"43436",""
"45332",""
"58725",""
"207595",""
"34850",""
"178566",""
"39898",""
"30432",""
"185952",""
"33523",""
"30191",""
"231703",""
"189326",""
"111738",""
"32308",""
"31946",""
"39303",""
"29749",""
"29798",""
"30630",""
"206144",""
"211581",""
"115232",""
"178857",""
"30082",""
"30071",""
"30680",""
"31415",""
"219035",""
"40811",""
"51715",""
"66099",""
"31213",""
"43706",""
"30980",""
"176702",""
"56061",""
"33235",""
"20857",""
"188942",""
"155406",""
"31076",""
"201310",""
"31320",""
"33741",""
"34136",""
"34427",""
"31201",""
"31168",""
"225916",""
"31286",""
"118057",""
"177547",""
"58777",""
"203987",""
"31566",""
"10989",""
"21541",""
"152639",""
"68805",""
"80822",""
"188418",""
"32058",""
"42756",""
"85044",""
"122726",""
"33639",""
"32612",""
"176216",""
"111258",""
"87344",""
"32759",""
"207457",""
"32833",""
"32862",""
"30719",""
"32879",""
"32928",""
"116870",""
"126369",""
"34676",""
"41401",""
"218646",""
"171431",""
"33106",""
"33135",""
"33323",""
"33326",""
"123018",""
"100615",""
"211210",""
"111040",""
"226946",""
"33581",""
"33613",""
"68552",""
"68558",""
"86201",""
"42345",""
"202354",""
"33895",""
"33925",""
"92421",""
"34096",""
"60888",""
"220515",""
"34312",""
"175611",""
"186353",""
"200492",""
"201396",""
"103844",""
"195345",""
"149768",""
"195251",""
"204542",""
"34562",""
"70871",""
"34635",""
"222589",""
"34655",""
"34805",""
"101530",""
"1080",""
"2740",""
"4016",""
"5613",""
"8417",""
"9372",""
"10452",""
"16782",""
"18878",""
"25419",""
"25449",""
"32303",""
"36849",""
"40427",""
"51601",""
"54158",""
"54409",""
"56931",""
"57374",""
"104402",""
"197327",""
"60726",""
"61948",""
"79352",""
"80263",""
"218807",""
"215651",""
"56007",""
"173828",""
"222340",""
"102001",""
"190818",""
"200338",""
"56120",""
"87007",""
"222951",""
"56253",""
"56324",""
"112494",""
"178380",""
"56467",""
"57681",""
"56549",""
"155093",""
"56640",""
"165706",""
"56857",""
"56944",""
"56968",""
"70973",""
"57027",""
"57832",""
"231292",""
"224118",""
"75837",""
"198568",""
"57878",""
"209997",""
"58744",""
"57612",""
"80589",""
"57969",""
"94706",""
"58094",""
"60750",""
"66490",""
"76677",""
"138668",""
"145142",""
"58415",""
"203016",""
"73540",""
"187502",""
"171466",""
"166806",""
"218106",""
"209342",""
"58909",""
"88583",""
"209014",""
"58971",""
"95850",""
"114897",""
"64644",""
"59274",""
"59423",""
"59521",""
"59594",""
"104486",""
"173200",""
"68148",""
"101997",""
"60744",""
"66713",""
"148884",""
"184095",""
"228997",""
"186109",""
"92464",""
"60913",""
"87534",""
"96455",""
"174563",""
"144034",""
"171266",""
"183668",""
"188033",""
"61286",""
"72954",""
"61318",""
"143122",""
"109173",""
"61427",""
"61623",""
"193429",""
"61653",""
"71424",""
"61794",""
"110972",""
"61969",""
"82766",""
"62390",""
"65729",""
"67066",""
"103960",""
"194401",""
"179679",""
"155386",""
"170000",""
"177630",""
"62141",""
"62240",""
"97811",""
"67213",""
"63560",""
"226343",""
"62767",""
"203494",""
"63785",""
"62891",""
"63599",""
"77410",""
"63005",""
"63087",""
"100140",""
"67057",""
"63204",""
"63228",""
"64230",""
"63346",""
"63378",""
"63429",""
"100953",""
"195276",""
"221252",""
"65721",""
"63779",""
"63849",""
"90155",""
"144135",""
"144267",""
"144362",""
"64310",""
"142231",""
"225331",""
"64455",""
"120402",""
"151012",""
"82688",""
"92493",""
"64295",""
"76879",""
"134792",""
"181626",""
"183453",""
"187943",""
"188519",""
"190196",""
"195444",""
"196980",""
"200573",""
"200740",""
"205436",""
"206450",""
"206560",""
"212905",""
"216384",""
"218132",""
"81070",""
"104152",""
"196551",""
"189627",""
"137227",""
"197785",""
"64670",""
"201913",""
"64801",""
"64812",""
"135714",""
"64925",""
"64934",""
"76261",""
"180651",""
"65090",""
"112743",""
"182501",""
"67778",""
"166589",""
"177448",""
"65230",""
"65361",""
"65443",""
"169302",""
"81486",""
"118022",""
"83151",""
"86923",""
"88630",""
"90795",""
"94856",""
"95641",""
"73389",""
"66832",""
"67077",""
"213084",""
"222527",""
"80522",""
"66001",""
"199799",""
"194418",""
"66231",""
"178439",""
"66500",""
"75738",""
"66773",""
"88889",""
"66849",""
"202576",""
"214840",""
"71930",""
"67782",""
"67972",""
"68701",""
"67242",""
"137451",""
"184022",""
"79603",""
"215428",""
"214237",""
"59120",""
"224573",""
"54426",""
"48511",""
"64539",""
"48587",""
"51797",""
"48415",""
"51236",""
"172586",""
"61992",""
"148428",""
"184060",""
"48938",""
"61399",""
"173850",""
"198642",""
"49185",""
"172297",""
"74729",""
"126507",""
"127461",""
"86456",""
"110646",""
"49512",""
"68994",""
"160117",""
"49539",""
"54879",""
"76863",""
"226850",""
"51021",""
"51031",""
"110388",""
"196030",""
"202928",""
"51127",""
"165027",""
"51188",""
"197929",""
"51226",""
"51282",""
"111975",""
"51420",""
"51427",""
"190418",""
"71474",""
"61473",""
"141780",""
"208947",""
"51788",""
"81693",""
"55823",""
"56872",""
"65246",""
"57236",""
"52053",""
"51916",""
"124667",""
"52104",""
"56717",""
"52106",""
"202902",""
"53197",""
"61122",""
"120990",""
"173162",""
"97198",""
"82831",""
"192887",""
"211828",""
"52663",""
"66070",""
"72780",""
"151524",""
"52670",""
"65019",""
"52727",""
"52782",""
"52788",""
"202006",""
"52843",""
"52868",""
"115530",""
"96117",""
"53075",""
"81157",""
"93970",""
"53233",""
"131761",""
"204899",""
"101453",""
"129058",""
"138055",""
"191016",""
"65989",""
"53354",""
"53389",""
"54573",""
"142398",""
"53454",""
"53588",""
"84737",""
"66024",""
"53937",""
"91451",""
"101514",""
"173032",""
"87458",""
"187372",""
"54312",""
"93542",""
"194645",""
"54407",""
"63893",""
"54626",""
"54814",""
"178355",""
"175856",""
"55422",""
"82604",""
"137337",""
"54897",""
"54926",""
"54978",""
"55042",""
"55048",""
"57868",""
"67623",""
"195920",""
"79231",""
"152555",""
"56619",""
"171672",""
"181409",""
"82559",""
"63356",""
"191494",""
"169124",""
"56089",""
"121930",""
"107846",""
"55630",""
"11513",""
"18726",""
"35317",""
"1327",""
"2770",""
"3129",""
"5762",""
"49852",""
"10404",""
"169133",""
"174594",""
"10219",""
"15638",""
"16345",""
"140714",""
"1793",""
"39608",""
"186865",""
"5085",""
"11272",""
"152223",""
"96212",""
"4256",""
"8206",""
"17971",""
"20786",""
"21149",""
"33873",""
"42904",""
"43528",""
"44418",""
"44750",""
"51071",""
"59396",""
"81994",""
"120414",""
"128286",""
"23690",""
"1537",""
"33009",""
"120071",""
"49849",""
"2231",""
"1774",""
"1782","2011-01-23 11:19:40"
"55314",""
"16214",""
"2070",""
"5502",""
"6940",""
"8518",""
"2113",""
"31461",""
"23564",""
"176803",""
"3144",""
"200936",""
"202945",""
"105493",""
"2826",""
"3681",""
"2874",""
"2918",""
"95335",""
"90939",""
"9932",""
"3592","2011-05-06 07:09:14"
"30560",""
"32758",""
"24410",""
"176737",""
"178808",""
"4699",""
"162206",""
"213233",""
"8072",""
"79023",""
"52489",""
"3246",""
"31659",""
"7236",""
"7280",""
"3416",""
"5044",""
"7181",""
"16264",""
"81677",""
"37921",""
"226393",""
"15909",""
"15953",""
"15973",""
"19999",""
"35712",""
"139783",""
"16023",""
"30896",""
"127514",""
"16175",""
"16679",""
"17054",""
"19406",""
"20939",""
"35845",""
"55583",""
"81192",""
"212765",""
"17318",""
"16449",""
"25798",""
"146906",""
"18225",""
"34009",""
"43169",""
"24592",""
"21057",""
"222254",""
"111550",""
"16908",""
"134601",""
"23787",""
"66615",""
"17364",""
"116915",""
"144261",""
"40904",""
"38406",""
"184778",""
"39735",""
"86158",""
"79868",""
"76507",""
"97380",""
"17517",""
"17536",""
"134849",""
"190791",""
"102078",""
"23190",""
"26739",""
"34498",""
"111014",""
"44291",""
"18054",""
"21278",""
"48323",""
"62817",""
"190588",""
"202375",""
"143411",""
"174405",""
"211836",""
"89181",""
"147520",""
"180639",""
"184083",""
"187237",""
"18775",""
"31424",""
"19979",""
"19981",""
"18875",""
"172893",""
"173180",""
"18959",""
"18974",""
"19326",""
"19330",""
"34606",""
"65883",""
"170454",""
"19623",""
"19915",""
"20429",""
"220797",""
"203890",""
"203963",""
"19910",""
"20028",""
"219162",""
"189073",""
"20159",""
"20343",""
"20253",""
"136625",""
"136626",""
"226594",""
"20465",""
"31755",""
"39889",""
"41411",""
"42616",""
"20688",""
"20778",""
"35369",""
"201429",""
"40257",""
"53218",""
"54949",""
"84807",""
"20928",""
"21362",""
"20974",""
"36565",""
"56475",""
"21088",""
"21140",""
"23741",""
"46403",""
"68156",""
"112952",""
"21327",""
"91887",""
"24385",""
"22564",""
"33270",""
"122570",""
"183872",""
"179892",""
"206644",""
"38070",""
"38192",""
"58911",""
"63004",""
"63866",""
"74538",""
"215780",""
"206045",""
"83728",""
"24141",""
"23140",""
"211265",""
"25189",""
"23364",""
"30754",""
"31232",""
"35075",""
"32092",""
"219605",""
"111989",""
"199450",""
"191853",""
"106188",""
"149046",""
"112208",""
"104522",""
"106224",""
"233228",""
"172339",""
"176692",""
"176807",""
"104868",""
"199684",""
"104921",""
"130284",""
"207351",""
"213581",""
"110354",""
"106501",""
"105277",""
"169209",""
"105375",""
"218542",""
"105434",""
"105480",""
"207281",""
"105934",""
"106206",""
"199432",""
"105652",""
"143571",""
"105689",""
"108961",""
"109590",""
"109822",""
"106275",""
"170040",""
"171636",""
"172366",""
"173171",""
"106014",""
"106085",""
"177203",""
"106159",""
"140984",""
"177300",""
"210346",""
"106362",""
"170571",""
"108179",""
"172326",""
"172923",""
"113445",""
"106714",""
"106752",""
"131789",""
"210194",""
"201657",""
"174578",""
"192080",""
"194406",""
"197232",""
"113266",""
"107209",""
"137087",""
"107444",""
"136698",""
"123782",""
"130961",""
"107523",""
"108489",""
"198572",""
"107641",""
"162211",""
"107699",""
"107722",""
"121570",""
"107833",""
"188293",""
"119979",""
"185695",""
"200038",""
"126753",""
"207122",""
"108125",""
"191392",""
"197429",""
"216279",""
"115962",""
"108261",""
"108320",""
"224665",""
"108390",""
"108398",""
"194474",""
"202847",""
"210867",""
"108461",""
"149706",""
"210785",""
"108658",""
"136045",""
"130075",""
"168412",""
"181121",""
"108994",""
"109010",""
"117752",""
"215497",""
"186720",""
"109091",""
"202579",""
"211676",""
"171858",""
"204765",""
"182750",""
"109387",""
"110278",""
"114823",""
"141846",""
"150589",""
"227536",""
"128543",""
"129366",""
"109905",""
"109925",""
"220418",""
"110101",""
"110218",""
"119165",""
"180410",""
"223820",""
"115441",""
"121197",""
"226070",""
"179550",""
"180824",""
"110369",""
"110600",""
"153059",""
"175264",""
"171793",""
"203578",""
"73243",""
"67504",""
"204105",""
"192840",""
"67855",""
"99921",""
"67692",""
"120861",""
"68778",""
"103671",""
"133931",""
"80861",""
"67961",""
"186107",""
"203206",""
"221942",""
"221943",""
"121305",""
"122576",""
"128139",""
"68073",""
"85497",""
"68181",""
"68198",""
"68208",""
"116093",""
"117129",""
"68395",""
"68472",""
"96589",""
"198468",""
"68864",""
"69173",""
"225406",""
"188707",""
"192749",""
"166190",""
"69084",""
"179996",""
"194590",""
"188134",""
"84092",""
"136356",""
"178294",""
"191952",""
"69424",""
"85089",""
"152642",""
"175411",""
"175412",""
"175536",""
"175743",""
"175898",""
"107268",""
"104836",""
"179530",""
"70785",""
"70801",""
"202817",""
"221880",""
"224650",""
"233818",""
"70921",""
"71126",""
"227045",""
"228920",""
"71176",""
"102818",""
"142142",""
"92642",""
"218767",""
"110169",""
"71498",""
"72640",""
"71969",""
"204900",""
"71558",""
"71694",""
"152065",""
"98317",""
"133305",""
"211810",""
"71753",""
"109602",""
"92148",""
"83049",""
"177374",""
"211423",""
"222690",""
"100418",""
"162957",""
"187353",""
"74134",""
"79789",""
"92643",""
"172637",""
"220136",""
"210821",""
"72382",""
"225016",""
"205847",""
"72485",""
"231525",""
"72624",""
"72638",""
"182458",""
"76108",""
"118239",""
"177353",""
"83568",""
"72940",""
"72978",""
"58431",""
"59473",""
"61404",""
"62540",""
"62869",""
"62893",""
"63592",""
"63705",""
"63845",""
"64221",""
"65280",""
"65614",""
"65637",""
"69102",""
"76552",""
"76554",""
"81062",""
"81262",""
"190981",""
"197876",""
"210209",""
"174877",""
"174950",""
"175017",""
"192800",""
"194238",""
"195646",""
"175125",""
"175178",""
"181304",""
"202152",""
"203995",""
"179003",""
"175257",""
"175267",""
"178588",""
"175304",""
"175376",""
"175431",""
"175493",""
"175504",""
"175506",""
"175533",""
"222833",""
"222891",""
"180706",""
"185610",""
"175609",""
"175623",""
"175630",""
"175680",""
"175679",""
"198483",""
"215209",""
"175692",""
"217894",""
"175825",""
"175837",""
"175887",""
"200630",""
"175943",""
"189404",""
"197432",""
"175950",""
"175971",""
"175977",""
"175983",""
"184052",""
"176000",""
"207801",""
"176077",""
"176330",""
"183920",""
"185622",""
"176730",""
"176121",""
"179747",""
"176186",""
"176195",""
"198818",""
"176223",""
"190960",""
"176343",""
"176345",""
"178101",""
"179529",""
"176454",""
"187507",""
"176460",""
"176468",""
"180457",""
"176484",""
"176492",""
"176501",""
"176502",""
"176534",""
"178342",""
"181700",""
"176548",""
"176619",""
"176713",""
"177124",""
"177287",""
"178949",""
"176755",""
"176765",""
"176806",""
"176813",""
"180287",""
"184529",""
"176863",""
"184003",""
"176923",""
"211724",""
"177024",""
"177049",""
"177147",""
"181411",""
"177161",""
"177195",""
"177218",""
"186632",""
"177257",""
"177291",""
"213738",""
"219431",""
"177812",""
"177351",""
"177386",""
"177401",""
"177415",""
"177417",""
"177575",""
"177418",""
"177447",""
"177460",""
"177486",""
"182564",""
"177506",""
"177645",""
"177663",""
"205435",""
"177533",""
"183020",""
"177543",""
"177577",""
"182602",""
"179725",""
"177636",""
"188029",""
"177730",""
"177784",""
"177796",""
"189516",""
"187449",""
"177816",""
"201414",""
"177856",""
"182960",""
"183620",""
"196142",""
"229640",""
"177886",""
"179766",""
"177962",""
"178041",""
"178068",""
"191980",""
"210253",""
"218734",""
"178092",""
"183150",""
"178143",""
"178203",""
"181986",""
"218166",""
"189859",""
"233815",""
"178309",""
"178382",""
"230380",""
"178421",""
"178443",""
"178497",""
"178509",""
"178555",""
"178565",""
"190610",""
"196571",""
"219320",""
"178925",""
"178649",""
"179801",""
"178726",""
"178750",""
"178771",""
"178802",""
"180204",""
"192449",""
"178843",""
"178845",""
"179026",""
"179035",""
"179046",""
"215111",""
"199344",""
"200470",""
"201747",""
"179116",""
"199827",""
"179419",""
"179252",""
"179261",""
"179278",""
"179831",""
"203289",""
"203293",""
"204446",""
"183130",""
"179603",""
"198272",""
"179382",""
"179682",""
"179469",""
"182744",""
"183209",""
"183927",""
"184642",""
"184919",""
"185702",""
"179494",""
"179495",""
"179502",""
"203556",""
"222740",""
"179551",""
"179576",""
"186506",""
"189133",""
"180076",""
"179612",""
"188464",""
"188609",""
"188858",""
"191025",""
"192065",""
"192552",""
"183755",""
"186227",""
"179764",""
"227433",""
"179900",""
"179977",""
"180021",""
"180022",""
"180109",""
"180114",""
"207795",""
"208925",""
"209230",""
"180169",""
"180215",""
"180277",""
"190882",""
"203105",""
"224854",""
"180406",""
"180420",""
"183052",""
"183334",""
"180535",""
"180680",""
"180764",""
"185455",""
"185766",""
"182614",""
"183387",""
"187959",""
"188188",""
"211994",""
"212020",""
"180596",""
"180634",""
"180627",""
"180641",""
"180730",""
"223737",""
"183176",""
"180877",""
"196685",""
"180924",""
"180928",""
"224447",""
"201900",""
"181045",""
"183565",""
"192099",""
"192451",""
"181108",""
"181206",""
"225376",""
"181652",""
"181377",""
"181397",""
"222561",""
"181470",""
"230979",""
"181496",""
"189939",""
"181560",""
"181594",""
"181616",""
"181611",""
"181639",""
"181663",""
"181669",""
"181688",""
"185527",""
"189467",""
"193238",""
"202035",""
"201068",""
"181749",""
"184810",""
"197877",""
"185009",""
"181473",""
"181854",""
"181873",""
"181886",""
"181893",""
"181927",""
"185701",""
"182054",""
"185923",""
"182082",""
"198928",""
"182206",""
"182220",""
"182237",""
"189196",""
"182278",""
"182284",""
"182293",""
"182326",""
"182391",""
"182409",""
"182489",""
"182495",""
"182510",""
"182653",""
"182747",""
"182669",""
"182692",""
"182724",""
"184319",""
"220628",""
"182754",""
"184427",""
"227095",""
"231844",""
"182930",""
"182933",""
"182934",""
"184555",""
"184628",""
"182989",""
"183070",""
"183068",""
"183089",""
"211554",""
"183126",""
"183151",""
"183245",""
"184738",""
"185488",""
"183402",""
"187114",""
"196573",""
"183509",""
"226907",""
"190930",""
"183540",""
"183545",""
"183561",""
"187327",""
"188315",""
"194687",""
"183583",""
"183607",""
"183618",""
"183656",""
"184416",""
"183685",""
"184215",""
"185085",""
"187880",""
"187901",""
"194004",""
"198337",""
"203843",""
"204706",""
"183702",""
"183766",""
"198557",""
"210573",""
"221104",""
"183736",""
"199226",""
"183796",""
"209147",""
"183855",""
"183856",""
"183943",""
"184139",""
"184365",""
"225968",""
"184006",""
"209553",""
"184014",""
"184273",""
"184121",""
"184134",""
"184136",""
"185125",""
"186400",""
"186618",""
"184172",""
"184512",""
"184186",""
"184223",""
"225513",""
"184272",""
"184887",""
"184313",""
"184384",""
"184436",""
"9603",""
"81345",""
"8225",""
"17079",""
"20719",""
"22808",""
"23482",""
"25557",""
"182830",""
"183811",""
"219248",""
"221989",""
"221996",""
"10634",""
"8316",""
"14687",""
"18047",""
"174568",""
"8534",""
"83660",""
"19294",""
"181704",""
"26627",""
"8829",""
"220308",""
"30140",""
"66033",""
"45864",""
"172396",""
"11441",""
"9115",""
"9119",""
"233748",""
"10454",""
"18249",""
"11233",""
"11550",""
"190813",""
"9663",""
"71049",""
"199560",""
"184969",""
"57646",""
"66414",""
"9402",""
"19638",""
"34909",""
"59128",""
"203882",""
"96947",""
"34986",""
"86366",""
"35060",""
"45689",""
"230644",""
"35395",""
"35591",""
"36668",""
"97892",""
"35652",""
"35803",""
"192910",""
"182026",""
"147536",""
"171875",""
"35773",""
"68189",""
"45761",""
"35883",""
"36616",""
"35944",""
"181328",""
"64428",""
"82961",""
"36475",""
"164741",""
"224999",""
"36934",""
"51295",""
"51312",""
"100020",""
"159613",""
"182688",""
"183972",""
"184011",""
"205124",""
"46193",""
"44840",""
"129951",""
"37484",""
"188244",""
"188921",""
"71627",""
"38199",""
"42640",""
"47869",""
"37937",""
"82366",""
"86194",""
"37980",""
"43703",""
"45112",""
"45474",""
"48166",""
"192803",""
"38705",""
"48692",""
"52168",""
"38131",""
"38880",""
"115161",""
"49315",""
"199232",""
"221864",""
"38395",""
"224199",""
"193564",""
"210581",""
"215940",""
"38509",""
"39468",""
"38580",""
"176628",""
"87320",""
"38801",""
"41170",""
"39050",""
"39054",""
"75873",""
"42318",""
"60734",""
"52347",""
"40170",""
"45910",""
"51939",""
"82104",""
"82716",""
"85459",""
"87400",""
"95245",""
"98031",""
"105197",""
"108167",""
"118276",""
"122441",""
"133043",""
"139952",""
"140326",""
"146001",""
"147945",""
"154633",""
"161742",""
"162551",""
"167422",""
"170444",""
"170615",""
"172259",""
"172889",""
"178430",""
"178610",""
"178913",""
"181023",""
"181116",""
"184599",""
"185599",""
"185667",""
"185794",""
"187793",""
"191648",""
"191687",""
"191725",""
"191901",""
"192082",""
"192467",""
"192624",""
"193160",""
"193372",""
"193815",""
"194020",""
"195036",""
"196976",""
"198314",""
"198480",""
"198776",""
"198918",""
"199171",""
"199197",""
"202336",""
"203716",""
"203787",""
"205059",""
"205132",""
"205839",""
"206524",""
"211775",""
"212988",""
"213472",""
"220121",""
"221895",""
"223518",""
"225962",""
"226085",""
"233594",""
"233603",""
"233614",""
"6562",""
"65",""
"3945",""
"6944",""
"130",""
"10",""
"213",""
"215",""
"378",""
"2658",""
"278",""
"4533",""
"82035",""
"171356",""
"2174",""
"32",""
"235",""
"29517",""
"238",""
"600",""
"603",""
"730",""
"448",""
"465",""
"477",""
"878",""
"1281",""
"7595",""
"16644",""
"589",""
"1812",""
"3078",""
"7840",""
"7944",""
"8695",""
"11532",""
"12413",""
"12415",""
"12479",""
"15797",""
"20535",""
"21118",""
"24209",""
"24845",""
"24891",""
"83017",""
"84139",""
"138765",""
"203173",""
"179688",""
"3290",""
"667",""
"214820",""
"1274","2011-01-14 17:28:10"
"3611",""
"8638",""
"17487",""
"37832",""
"1283",""
"2452",""
"58765",""
"72231",""
"1310",""