id,a_reputation,creationdate
"7","1474","2010-11-11 21:26:08"
"11","544","2010-11-11 21:29:09"
"12","34551","2010-11-11 21:29:11"
"18","507","2010-11-11 21:33:31"
"22","13544","2010-11-11 21:35:35"
"28","14323","2010-11-11 21:36:59"
"33","68724","2010-11-11 21:44:03"
"37","58579","2010-11-11 21:51:52"
"45","4949","2010-11-11 22:08:14"
"55","2105","2010-11-11 22:29:37"
"57","9007","2010-11-11 22:30:43"
"68","1374","2010-11-11 23:50:24"
"74","2147","2010-11-12 00:59:35"
"89","1830","2010-11-12 05:17:21"
"98","2313","2010-11-12 07:57:29"
"104","1840","2010-11-12 09:23:02"
"124","412","2010-11-12 20:10:27"
"132","325","2010-11-13 13:50:48"
"136","3830","2010-11-13 21:06:14"
"137","889","2010-11-13 21:09:37"
"140","18336","2010-11-14 07:34:01"
"151","487","2010-11-16 07:29:04"
"156","433","2010-11-16 22:47:26"
"158","1581","2010-11-17 13:47:16"
"162","348","2010-11-18 20:23:36"
"164","394","2010-11-18 20:41:25"
"193","2392","2010-11-18 22:01:17"
"215","1529","2010-11-18 22:41:10"
"217","5952","2010-11-18 23:07:17"
"226","218","2010-11-19 02:02:30"
"227","3853","2010-11-19 02:20:19"
"238","1111","2010-11-19 06:26:28"
"242","459","2010-11-19 07:21:06"
"274","1387","2010-11-19 09:59:22"
"294","15720","2010-11-19 12:58:22"
"302","128","2010-11-19 13:46:17"
"379","829","2010-11-19 22:45:54"
"380","1432","2010-11-19 23:05:12"
"396","48579","2010-11-20 14:09:47"
"397","174","2010-11-20 14:11:33"
"407","316","2010-11-20 18:52:43"
"414","44401","2010-11-21 00:47:54"
"422","1226","2010-11-21 07:44:26"
"434","984","2010-11-22 01:31:42"
"449","378","2010-11-22 16:57:45"
"453","19814","2010-11-23 06:24:04"
"469","2826","2010-11-24 09:02:31"
"476","2661","2010-11-24 16:25:32"
"485","60828","2010-11-25 12:37:06"
"490","1117","2010-11-25 21:37:31"
"534","201","2010-11-29 23:30:57"
"539","1933","2010-11-30 10:34:12"
"543","17514","2010-11-30 12:47:34"
"548","765","2010-11-30 21:53:38"
"584","819","2010-12-04 15:02:04"
"618","14797","2010-12-08 01:13:48"
"655","305052","2010-12-10 16:09:41"
"665","26440","2010-12-10 23:42:38"
"692","15413","2010-12-13 05:57:24"
"702","495","2010-12-14 01:11:05"
"764","13367","2010-12-17 22:40:47"
"788","1966","2010-12-20 16:53:26"
"816","196","2010-12-22 10:59:31"
"836","36805","2010-12-23 20:31:25"
"837","1050","2010-12-23 21:22:49"
"838","521","2010-12-24 00:20:47"
"848","1001","2010-12-26 07:35:46"
"884","1644","2010-12-30 10:15:27"
"903","9232","2011-01-02 08:14:30"
"953","26346","2011-01-05 16:55:17"
"971","94114","2011-01-07 00:39:14"
"975","45692","2011-01-07 19:19:04"
"1051","1993","2011-01-12 23:22:22"
"1080","11321","2011-01-14 22:47:33"
"1158","1339","2011-01-21 05:37:51"
"1159","228","2011-01-21 07:41:03"
"1160","667","2011-01-21 08:18:22"
"1163","1790","2011-01-21 12:20:25"
"1178","126","2011-01-23 04:42:28"
"1228","747","2011-01-28 07:36:11"
"1261","220","2011-01-30 22:29:39"
"1310","509","2011-02-04 14:01:48"
"1348","173","2011-02-09 08:13:17"
"1363","2724","2011-02-10 12:01:03"
"1396","2337","2011-02-12 02:04:15"
"1472","5103","2011-02-21 10:54:07"
"1500","1308","2011-02-23 16:43:14"
"1567","1893","2011-02-27 17:08:40"
"1574","12700","2011-02-28 14:48:41"
"1587","126","2011-03-01 13:07:33"
"1590","1567","2011-03-01 19:38:11"
"1708","284","2011-03-11 05:37:15"
"1709","1405","2011-03-11 07:34:09"
"1719","5673","2011-03-13 00:07:50"
"1739","122","2011-03-16 04:46:12"
"1767","136","2011-03-17 23:18:35"
"1809","482","2011-03-23 00:52:18"
"1811","9135","2011-03-23 06:21:20"
"1832","1278","2011-03-24 04:12:38"
"1836","674","2011-03-24 12:34:03"
"1850","4432","2011-03-24 18:38:20"
"1851","3828","2011-03-24 19:28:52"
"1897","406","2011-03-29 20:20:45"
"1898","3782","2011-03-29 22:28:38"
"1918","4058","2011-04-01 14:41:48"
"1983","2698","2011-04-07 00:30:11"
"2006","588","2011-04-09 17:25:04"
"2016","146","2011-04-10 16:14:43"
"2092","10618","2011-04-15 17:01:05"
"2113","6797","2011-04-18 13:46:50"
"2122","5621","2011-04-18 20:14:18"
"2147","6814","2011-04-19 20:25:48"
"2210","3415","2011-04-26 06:55:04"
"2221","1290","2011-04-26 15:30:25"
"2232","3327","2011-04-27 15:49:11"
"2256","200","2011-04-28 16:00:16"
"2264","78762","2011-04-29 06:31:45"
"2344","3886","2011-05-05 21:58:17"
"2467","2436","2011-05-16 07:26:56"
"2553","1036","2011-05-21 09:30:29"
"2562","1236","2011-05-21 22:23:55"
"2568","37418","2011-05-22 01:57:45"
"2587","1764","2011-05-23 19:51:02"
"2590","166","2011-05-24 22:15:49"
"2630","5458","2011-05-27 19:16:42"
"2651","4073","2011-05-29 01:25:50"
"2678","2759","2011-05-30 23:47:45"
"2685","600","2011-05-31 14:28:54"
"2737","8813","2011-06-04 04:18:16"
"2755","29740","2011-06-06 18:28:53"
"2769","1095","2011-06-07 14:15:28"
"2800","411","2011-06-09 14:08:50"
"2806","1363","2011-06-09 21:16:59"
"2858","1194","2011-06-14 16:54:40"
"2980","4796","2011-06-22 17:52:47"
"3034","965","2011-06-23 08:47:51"
"3107","261","2011-06-26 10:52:31"
"3142","4382","2011-06-28 14:28:18"
"3149","1004","2011-06-28 17:32:27"
"3165","5649","2011-06-29 17:49:19"
"3168","236","2011-06-30 04:03:56"
"3173","2025","2011-06-30 11:55:55"
"3306","3548","2011-07-11 22:40:12"
"3339","52821","2011-07-12 17:23:18"
"3365","64026","2011-07-12 19:53:38"
"3396","580","2011-07-13 16:29:32"
"3530","1000","2011-07-21 09:05:48"
"3535","156","2011-07-21 15:54:33"
"3630","715","2011-07-25 13:27:27"
"3650","481","2011-07-26 05:54:47"
"3666","3845","2011-07-26 22:53:10"
"3668","1593","2011-07-26 23:37:18"
"3675","1174","2011-07-27 13:50:35"
"3692","246","2011-07-28 02:19:39"
"3695","671","2011-07-28 09:16:03"
"3738","1113","2011-07-28 18:27:23"
"3775","2585","2011-07-30 18:01:48"
"3797","236","2011-08-01 10:08:16"
"3813","15106","2011-08-02 16:03:32"
"3826","11172","2011-08-03 07:58:55"
"3867","1776","2011-08-04 20:47:13"
"4204","3381","2011-08-12 13:52:58"
"4270","124","2011-08-15 11:45:56"
"4279","156","2011-08-15 19:35:15"
"4295","4093","2011-08-16 01:23:13"
"4334","412","2011-08-16 19:37:32"
"4384","1744","2011-08-18 17:39:19"
"4386","9077","2011-08-18 18:40:30"
"4387","920","2011-08-18 18:51:51"
"4427","339","2011-08-21 10:44:31"
"4442","321","2011-08-22 17:37:04"
"4496","670","2011-08-24 15:38:41"
"4556","2968","2011-08-29 05:36:14"
"4564","326","2011-08-29 19:25:21"
"4612","316","2011-09-01 17:37:31"
"4652","394","2011-09-04 19:00:08"
"4654","281","2011-09-01 18:21:36"
"4709","184","2011-09-06 14:56:46"
"4744","210","2011-09-07 04:30:24"
"4799","3707","2011-09-09 13:23:39"
"4967","2826","2011-09-15 10:30:56"
"5002","1941","2011-09-17 12:34:14"
"5086","1127","2011-09-22 13:10:50"
"5105","553","2011-09-23 13:20:27"
"5133","4778","2011-09-24 18:55:59"
"5136","363","2011-09-25 06:52:03"
"5169","7835","2011-09-26 17:06:36"
"5248","2586","2011-09-30 00:42:59"
"5304","286","2011-10-04 13:13:58"
"5319","1583","2011-10-05 14:40:02"
"5330","646","2011-10-06 15:29:01"
"5367","2163","2011-10-09 09:36:30"
"5393","66","2011-10-11 17:48:52"
"5400","120217","2011-10-12 08:06:35"
"5401","166","2011-10-12 10:30:42"
"5405","5406","2011-10-12 12:31:40"
"5411","161112","2011-10-12 20:09:18"
"5470","1246","2011-10-16 20:32:33"
"5481","241","2011-10-17 22:05:58"
"5501","5017","2011-10-18 17:04:00"
"5518","5374","2011-10-19 10:41:53"
"5707","514","2011-11-02 18:00:38"
"5844","583","2011-11-11 13:03:52"
"5859","650","2011-11-13 01:05:03"
"5882","2817","2011-11-15 12:21:06"
"5896","1056","2011-11-16 16:22:29"
"5979","815","2011-11-22 00:19:35"
"6002","498","2011-11-23 11:30:04"
"6048","985","2011-11-26 23:47:20"
"6069","326","2011-11-28 19:55:56"
"6090","1592","2011-11-29 16:46:14"
"6152","206","2011-12-02 15:16:58"
"6203","7318","2011-12-06 07:32:29"
"6205","588","2011-12-06 09:10:08"
"6243","7450","2011-12-07 15:04:06"
"6249","6294","2011-12-07 17:25:34"
"6253","103724","2011-12-07 18:03:09"
"6276","4140","2011-12-08 09:47:04"
"6341","8680","2011-12-12 15:57:33"
"6372","908","2011-12-14 00:36:18"
"6380","465","2011-12-14 04:49:05"
"6381","336","2011-12-14 04:57:50"
"6454","555","2011-12-18 19:05:15"
"6566","12024","2011-12-24 16:41:27"
"6585","1529","2011-12-25 18:30:36"
"6612","759","2011-12-27 21:24:03"
"6640","1238","2011-12-29 10:34:36"
"6800","2382","2012-01-06 17:24:24"
"6810","246","2012-01-07 09:45:08"
"6822","4522","2012-01-08 10:53:10"
"6838","2286","2012-01-09 07:12:33"
"6939","2805","2012-01-14 15:08:44"
"7120","3674","2012-01-23 19:05:19"
"7127","434","2012-01-24 01:59:26"
"7221","111","2012-01-26 13:30:34"
"7235","468","2012-01-26 16:24:07"
"7237","1143","2012-01-26 16:30:40"
"7306","5109","2012-01-28 15:49:01"
"7319","3437","2012-01-29 10:57:46"
"7349","321","2012-01-31 05:54:36"
"7497","8027","2012-02-03 11:20:01"
"7523","76","2012-02-04 14:23:06"
"7619","623","2012-02-08 22:30:13"
"7680","4699","2012-02-12 18:26:55"
"7694","3898","2012-02-13 14:20:08"
"7735","286","2012-02-15 00:04:44"
"7893","243","2012-02-22 09:41:14"
"7896","1891","2012-02-22 12:54:18"
"8072","752","2012-02-27 03:29:11"
"8082","220","2012-02-27 14:36:46"
"8118","414","2012-02-29 01:31:29"
"8146","451","2012-03-01 09:59:15"
"8192","146","2012-03-03 19:39:18"
"8281","6486","2012-03-08 19:19:52"
"8340","31538","2012-03-11 12:20:40"
"8343","4879","2012-03-11 14:44:49"
"8349","366","2012-03-11 22:20:24"
"8352","450","2012-03-12 00:39:59"
"8382","246","2012-03-13 04:47:24"
"8385","857","2012-03-13 06:33:18"
"8398","843","2012-03-13 22:10:35"
"8405","283","2012-03-14 04:28:15"
"8413","91","2012-03-14 07:30:58"
"8414","772","2012-03-14 08:49:34"
"8542","829","2012-03-19 23:16:50"
"8548","1039","2012-03-20 09:18:45"
"8562","4861","2012-03-20 22:11:45"
"8571","746","2012-03-21 09:49:32"
"8621","442","2012-03-23 10:06:40"
"8708","238","2012-03-27 12:50:08"
"8754","27589","2012-03-28 18:48:19"
"8778","346","2012-03-29 14:10:00"
"8792","2690","2012-03-30 04:56:07"
"8857","1772","2012-04-02 02:57:52"
"8900","156","2012-04-03 13:41:48"
"8923","1877","2012-04-04 15:11:31"
"9041","301","2012-04-10 18:42:37"
"9050","116","2012-04-11 04:44:31"
"9061","596","2012-04-11 16:32:04"
"9195","13836","2012-04-18 02:58:11"
"9209","10366","2012-04-18 16:31:46"
"9234","365","2012-04-19 11:08:48"
"9312","5080","2012-04-24 03:48:29"
"9320","131","2012-04-24 10:53:40"
"9323","370","2012-04-24 11:59:24"
"9342","226","2012-04-25 04:58:54"
"9354","1764","2012-04-25 16:45:29"
"9356","46","2012-04-25 18:02:04"
"9374","2186","2012-04-26 13:23:19"
"9377","9966","2012-04-26 15:34:20"
"9571","558","2012-05-05 23:31:07"
"9604","2696","2012-05-08 09:55:08"
"9611","2537","2012-05-08 17:30:55"
"9778","1798","2012-05-16 11:12:14"
"9784","2124","2012-05-16 12:44:53"
"9792","2978","2012-05-16 20:32:22"
"10082","703","2012-05-20 18:03:02"
"10128","196","2012-05-22 18:20:15"
"10233","521","2012-05-27 16:59:11"
"10251","1295","2012-05-28 20:55:00"
"10361","458","2012-06-04 02:33:24"
"10372","1945","2012-06-04 17:40:58"
"10414","1499","2012-06-06 06:30:01"
"10439","3510","2012-06-07 08:42:09"
"10504","1132","2012-06-10 06:27:11"
"10527","878","2012-06-11 10:38:05"
"10533","81","2012-06-11 15:56:30"
"10559","156","2012-06-12 10:00:01"
"10604","116","2012-06-13 15:56:10"
"10608","1392","2012-06-13 17:12:33"
"10614","46","2012-06-13 19:17:12"
"10661","2291","2012-06-16 06:57:47"
"10671","655","2012-06-16 23:21:16"
"10690","613","2012-06-18 09:06:48"
"10753","587","2012-06-20 14:39:40"
"10787","1","2012-06-21 21:38:22"
"10836","341","2012-06-25 12:19:04"
"10855","386","2012-06-25 16:46:52"
"10863","30041","2012-06-25 22:28:41"
"10877","2976","2012-06-26 09:51:42"
"10885","14054","2012-06-26 18:11:06"
"10892","787","2012-06-27 02:17:30"
"10927","596","2012-06-28 10:04:17"
"10943","335","2012-06-29 06:08:36"
"10950","16980","2012-06-29 12:43:28"
"10993","543","2012-07-02 11:48:37"
"11001","3768","2012-07-02 20:57:04"
"11003","495","2012-07-02 22:49:07"
"11108","128","2012-07-07 13:19:07"
"11144","20411","2012-07-09 20:26:08"
"11169","236","2012-07-10 15:28:03"
"11218","4150","2012-07-12 16:18:46"
"11250","2176","2012-07-13 21:47:43"
"11283","347","2012-07-16 19:43:43"
"11291","3787","2012-07-17 00:18:09"
"11306","1332","2012-07-17 16:43:25"
"11331","1312","2012-07-18 18:40:06"
"11341","310","2012-07-19 03:16:34"
"11345","156","2012-07-19 06:36:45"
"11471","2085","2012-07-20 22:37:21"
"11481","441","2012-07-21 02:52:21"
"11622","3315","2012-07-26 08:58:57"
"11801","4472","2012-07-31 04:18:22"
"11938","1337","2012-08-02 22:55:03"
"12057","2167","2012-08-08 04:24:07"
"12077","546","2012-08-08 17:20:30"
"12082","31148","2012-08-08 19:25:25"
"12100","509","2012-08-09 16:14:35"
"12121","429","2012-08-10 10:17:27"
"12176","391","2012-08-13 11:58:31"
"12216","5182","2012-08-14 19:23:29"
"12223","1141","2012-08-14 23:56:00"
"12299","36","2012-08-17 23:50:39"
"12327","284","2012-08-19 23:34:12"
"12366","5254","2012-08-21 13:21:18"
"12407","5586","2012-08-22 19:30:54"
"12433","131","2012-08-23 18:03:12"
"12578","41030","2012-08-30 16:56:04"
"12626","687","2012-09-01 12:01:48"
"12638","294","2012-09-01 23:02:33"
"12682","1157","2012-09-04 21:21:17"
"12754","66","2012-09-08 03:56:12"
"12794","634","2012-09-09 14:24:24"
"12928","121","2012-09-12 19:34:45"
"13101","683","2012-09-16 02:18:13"
"13104","56","2012-09-16 04:06:15"
"13111","1575","2012-09-16 14:12:30"
"13146","5680","2012-09-17 13:47:13"
"13154","2757","2012-09-17 15:52:15"
"13203","434","2012-09-18 14:01:26"
"13212","2200","2012-09-18 18:53:21"
"13239","518","2012-09-19 20:42:33"
"13274","46","2012-09-21 11:08:55"
"13288","308","2012-09-21 18:50:24"
"13313","46","2012-09-23 00:53:51"
"13315","908","2012-09-23 10:35:11"
"13609","1312","2012-10-01 06:14:57"
"13656","370","2012-10-01 23:25:18"
"13716","538","2012-10-03 19:48:03"
"13768","6656","2012-10-05 14:57:55"
"13820","5164","2012-10-08 05:05:23"
"13864","835","2012-10-09 03:29:55"
"13866","56","2012-10-09 04:29:23"
"13909","2516","2012-10-10 12:38:52"
"13958","3154","2012-10-11 21:21:24"
"13964","86","2012-10-12 02:19:42"
"15106","1415","2012-10-17 19:27:15"
"15182","379","2012-10-19 20:43:28"
"15194","9646","2012-10-20 09:14:27"
"15237","125","2012-10-22 09:24:23"
"15421","106","2012-10-26 05:53:24"
"15537","331","2012-10-31 02:54:19"
"15577","3763","2012-11-01 13:24:34"
"15648","6062","2012-11-03 11:01:33"
"15654","136","2012-11-03 15:47:26"
"15701","4408","2012-11-05 07:58:22"
"15905","2187","2012-11-09 23:37:27"
"15912","1755","2012-11-10 09:05:32"
"15915","250","2012-11-10 11:43:07"
"16036","1155","2012-11-15 10:15:51"
"16099","66","2012-11-17 21:43:53"
"16106","102","2012-11-18 15:12:34"
"16145","694","2012-11-19 20:46:29"
"16152","36","2012-11-19 22:27:09"
"16226","955","2012-11-21 15:58:22"
"16228","42590","2012-11-21 16:13:48"
"16279","884","2012-11-22 19:56:52"
"16335","328","2012-11-25 07:03:58"
"16369","321","2012-11-26 10:58:51"
"16399","2826","2012-11-26 15:36:25"
"16479","417","2012-11-27 19:50:38"
"16502","2503","2012-11-28 10:27:35"
"16508","168","2012-11-28 12:18:36"
"16584","121","2012-11-29 13:40:09"
"16648","839","2012-12-01 02:08:05"
"16933","526","2012-12-11 09:43:53"
"16960","9254","2012-12-12 02:02:40"
"17012","3299","2012-12-13 09:54:05"
"17035","5080","2012-12-13 16:59:41"
"17156","1230","2012-12-17 06:29:18"
"17280","211","2012-12-18 07:30:13"
"17294","189","2012-12-18 13:14:10"
"17321","869","2012-12-18 19:41:29"
"17339","616","2012-12-19 01:23:38"
"18011","936","2012-12-24 19:40:45"
"18013","146","2012-12-24 21:14:32"
"18121","190","2012-12-27 12:09:03"
"18156","103","2012-12-28 12:41:29"
"18192","9487","2012-12-29 19:20:12"
"18282","607","2013-01-02 15:48:50"
"18285","2628","2013-01-02 17:09:22"
"18315","3136","2013-01-03 10:54:45"
"18379","344","2013-01-04 19:16:08"
"18406","533","2013-01-05 20:05:00"
"18411","6703","2013-01-06 01:35:28"
"18452","2018","2013-01-07 23:07:48"
"18463","282","2013-01-08 09:29:36"
"18535","1727","2013-01-10 03:29:35"
"18541","11113","2013-01-10 05:59:09"
"18555","7467","2013-01-10 17:58:38"
"18630","291","2013-01-13 16:53:56"
"19805","553","2013-01-18 08:08:17"
"19837","20941","2013-01-19 00:04:55"
"19943","298","2013-01-22 19:26:22"
"20008","4137","2013-01-24 16:14:33"
"20022","4698","2013-01-25 01:26:05"
"20074","10671","2013-01-26 21:52:26"
"20080","265","2013-01-27 06:45:06"
"20096","46","2013-01-27 18:06:53"
"20102","6932","2013-01-27 23:06:27"
"20333","55","2013-02-03 06:33:21"
"20398","873","2013-02-05 10:40:27"
"20417","1653","2013-02-05 18:09:01"
"20443","2776","2013-02-06 07:10:49"
"20687","208","2013-02-12 08:38:02"
"20704","396","2013-02-12 17:23:41"
"20756","1663","2013-02-13 21:58:56"
"20766","1470","2013-02-14 05:45:57"
"20829","280","2013-02-15 20:01:52"
"20901","208","2013-02-18 12:07:16"
"20934","18187","2013-02-19 16:37:41"
"20945","3627","2013-02-20 00:11:52"
"20996","74","2013-02-21 07:00:27"
"21013","266","2013-02-21 13:14:05"
"21147","654","2013-02-24 02:43:53"
"21231","3682","2013-02-26 00:23:14"
"21234","6924","2013-02-26 06:10:23"
"21240","2409","2013-02-26 08:58:37"
"21323","985","2013-02-28 16:55:46"
"21406","456","2013-03-03 06:00:51"
"21417","1879","2013-03-03 16:12:55"
"21426","5376","2013-03-03 20:46:25"
"21498","302","2013-03-05 14:30:25"
"21558","762","2013-03-06 05:55:36"
"21720","618","2013-03-07 22:06:51"
"21916","778","2013-03-13 06:51:07"
"21963","323","2013-03-14 05:42:36"
"22034","738","2013-03-15 19:26:00"
"22061","2554","2013-03-16 13:26:38"
"22241","3978","2013-03-19 07:53:28"
"22291","2669","2013-02-11 17:39:19"
"22341","1990","2013-03-20 17:34:19"
"22399","1911","2013-03-21 11:16:01"
"22401","4083","2013-03-21 11:31:17"
"22488","7101","2013-03-22 11:56:30"
"22490","416","2013-03-22 12:00:25"
"22618","231","2013-03-25 16:53:38"
"23729","961","2013-03-28 15:00:54"
"23735","327","2013-03-28 17:45:08"
"23976","534","2013-03-31 18:34:32"
"24267","149","2013-04-04 05:34:23"
"24289","438","2013-04-04 13:37:31"
"24382","1029","2013-04-05 21:50:18"
"24407","1014","2013-04-06 22:40:34"
"24431","1130","2013-04-07 16:58:51"
"24467","3707","2013-04-08 13:37:06"
"24484","2093","2013-04-08 17:49:53"
"24649","1","2013-04-11 17:44:44"
"24744","675","2013-04-12 21:44:51"
"24768","266","2013-04-13 16:57:14"
"24769","301","2013-04-13 17:06:02"
"24855","337","2013-04-16 14:50:48"
"24941","26","2013-04-18 19:55:03"
"24973","206","2013-04-19 19:41:26"
"25009","333","2013-04-21 10:17:36"
"25015","334","2013-04-21 16:21:44"
"25119","216","2013-04-24 11:29:41"
"25413","3101","2013-04-30 07:38:09"
"25549","304","2013-05-03 18:40:13"
"25571","540","2013-05-04 15:23:28"
"25802","333","2013-05-10 09:44:41"
"25859","1340","2013-05-11 17:07:40"
"26091","378","2013-05-16 17:10:02"
"26093","3074","2013-05-16 17:52:47"
"26133","6243","2013-05-17 11:58:17"
"26235","151","2013-05-21 09:19:41"
"26299","8552","2013-05-22 14:47:15"
"26465","311","2013-05-28 09:31:16"
"26495","2884","2013-05-28 21:00:51"
"26565","682","2013-05-30 13:53:49"
"26599","2448","2013-05-31 14:56:19"
"26793","2034","2013-06-06 11:09:13"
"26794","1700","2013-06-06 11:25:22"
"26993","130","2013-06-10 18:23:55"
"27000","198","2013-06-10 20:44:38"
"27048","1976","2013-06-11 21:10:58"
"27166","161","2013-06-14 04:18:18"
"27225","1381","2013-06-14 16:56:39"
"27313","167","2013-06-17 06:49:25"
"27444","2084","2013-06-20 09:25:07"
"27561","575","2013-06-23 19:52:18"
"27588","1118","2013-06-24 13:38:14"
"27589","1235","2013-06-24 14:37:19"
"27595","1185","2013-06-24 18:00:27"
"27677","336","2013-06-26 23:01:21"
"27702","3434","2013-06-27 13:03:33"
"27846","736","2013-07-02 10:51:40"
"27867","651","2013-07-03 00:08:02"
"28031","5166","2013-07-08 03:54:05"
"28074","84","2013-07-09 03:16:33"
"28137","2043","2013-07-10 23:44:19"
"28252","896","2013-07-13 21:44:19"
"28533","126","2013-07-21 08:39:57"
"28535","2998","2013-07-21 12:07:10"
"28609","301","2013-07-23 10:47:52"
"28681","1130","2013-07-24 18:23:15"
"28738","2319","2013-07-26 15:23:46"
"28790","2465","2013-07-28 14:31:15"
"28935","1638","2013-07-31 13:10:28"
"29201","143","2013-08-07 07:41:20"
"29247","208","2013-08-07 20:15:21"
"29252","47566","2013-08-07 20:50:12"
"29282","286","2013-08-08 09:56:23"
"29299","156","2013-08-08 14:00:40"
"29508","354","2013-08-14 09:53:47"
"29604","456","2013-08-16 10:52:03"
"29865","3561","2013-08-22 17:05:01"
"29896","1220","2013-08-23 07:34:14"
"29920","172","2013-08-23 19:20:28"
"29988","601","2013-08-25 21:24:05"
"30225","216","2013-08-31 13:29:35"
"30316","2120","2013-09-03 10:02:50"
"30494","717","2013-09-06 22:38:48"
"30499","994","2013-09-07 07:51:03"
"30682","936","2013-09-11 12:55:49"
"30713","1846","2013-09-11 20:24:54"
"30994","596","2013-09-19 00:19:36"
"31325","373","2013-09-27 18:45:46"
"31356","8584","2013-09-28 21:04:09"
"31553","2804","2013-10-04 06:27:16"
"31559","1076","2013-10-04 11:02:12"
"31625","31400","2013-10-06 14:11:26"
"31709","3453","2013-10-08 11:44:04"
"31801","415","2013-10-10 09:05:06"
"31854","3324","2013-10-11 10:56:36"
"31875","521","2013-10-11 21:28:48"
"32060","2096","2013-10-15 21:48:02"
"32249","1008","2013-10-20 22:53:53"
"32378","729","2013-10-24 02:49:10"
"32409","589","2013-10-24 19:05:50"
"32457","799","2013-10-26 00:47:39"
"32489","1799","2013-10-27 15:24:14"
"32651","268","2013-10-30 21:30:05"
"32696","361","2013-11-01 09:49:48"
"32746","18304","2013-11-03 08:18:12"
"32877","1877","2013-11-06 13:44:53"
"32934","1367","2013-11-07 12:52:59"
"32976","1559","2013-11-08 10:39:32"
"34063","406","2013-11-10 18:54:08"
"34115","8289","2013-11-12 06:14:53"
"34133","443","2013-11-12 15:23:37"
"34161","6983","2013-11-13 09:39:30"
"34184","136","2013-11-13 17:12:18"
"34264","529","2013-11-15 15:45:38"
"34367","1166","2013-11-18 17:03:50"
"34466","2269","2013-11-20 17:24:57"
"34469","1887","2013-11-20 19:55:03"
"34507","221","2013-11-21 11:57:44"
"34513","1178","2013-11-21 14:57:23"
"34558","316","2013-11-22 22:11:47"
"34614","337","2013-11-24 18:33:37"
"34755","126","2013-11-27 19:19:16"
"34885","602","2013-11-30 19:55:14"
"34910","2407","2013-12-01 19:37:36"
"34961","155","2013-12-03 06:03:50"
"35082","174","2013-12-05 07:28:34"
"35101","341","2013-12-05 14:13:51"
"35130","688","2013-12-05 22:10:05"
"35261","316","2013-12-08 08:39:39"
"35345","367","2013-12-09 09:41:37"
"35492","206","2013-12-11 00:48:02"
"35502","566","2013-12-11 08:35:09"
"35666","2222","2013-12-13 22:21:20"
"35683","2754","2013-12-14 13:56:02"
"35698","64","2013-12-14 21:29:50"
"35711","46","2013-12-15 09:42:36"
"35758","16","2013-12-16 12:20:30"
"35816","121","2013-12-17 09:07:06"
"35834","168","2013-12-17 14:52:12"
"35886","688","2013-12-18 15:51:43"
"35967","303","2013-12-19 11:21:11"
"36122","200","2013-12-20 17:28:11"
"36237","216","2013-12-23 06:32:00"
"36387","794","2013-12-27 10:53:44"
"36484","458","2013-12-30 20:53:59"
"36488","198","2013-12-30 23:51:42"
"36538","9495","2011-09-12 14:34:40"
"36559","266","2014-01-02 08:28:25"
"36660","466","2014-01-03 22:10:22"
"37001","631","2014-01-11 13:54:23"
"37136","448","2014-01-14 14:34:13"
"37315","149457","2014-01-15 21:47:56"
"37373","3312","2014-01-16 09:39:18"
"37401","245","2014-01-16 17:41:54"
"37496","32770","2014-01-18 04:43:07"
"37594","198","2014-01-20 17:40:22"
"37659","36","2014-01-21 14:29:34"
"37727","223","2014-01-22 18:11:27"
"37864","5644","2014-01-24 10:23:51"
"37973","7338","2014-01-26 17:01:35"
"38069","5063","2014-01-28 10:13:31"
"38076","181","2014-01-28 11:54:05"
"38232","924","2014-01-30 22:06:57"
"39449","4224","2014-02-04 10:02:01"
"39471","11","2014-02-04 16:26:31"
"39571","7393","2014-02-06 06:44:29"
"39573","146","2014-02-06 07:02:28"
"39615","5299","2014-02-06 21:31:16"
"39616","4880","2014-02-06 21:37:00"
"39623","9375","2014-02-07 03:32:42"
"39724","1958","2014-02-08 11:41:16"
"39774","4821","2014-02-09 11:05:10"
"39810","36","2014-02-10 04:31:54"
"40026","691","2014-02-13 07:47:00"
"40115","746","2014-02-14 23:15:00"
"40258","8738","2014-02-18 01:09:29"
"40260","797","2014-02-18 01:44:20"
"40306","136","2014-02-18 19:35:10"
"40414","2079","2014-02-20 09:22:09"
"40482","369","2014-02-21 10:49:50"
"40505","752","2014-02-21 18:03:52"
"40538","806","2014-02-22 03:59:29"
"40554","205","2014-02-22 12:41:38"
"40618","1896","2014-02-23 17:02:10"
"40800","647","2014-02-25 17:04:11"
"40868","2492","2014-02-26 10:09:18"
"40873","1163","2014-02-26 11:23:23"
"40930","26","2014-02-26 21:37:00"
"41328","116","2014-03-04 11:54:41"
"41371","150","2014-03-04 21:42:40"
"41555","2155","2014-03-06 20:06:20"
"41667","346","2014-03-09 00:14:19"
"41728","299","2014-03-10 04:14:03"
"41913","1413","2014-03-13 08:10:14"
"41932","324","2014-03-13 13:43:41"
"41978","358","2014-03-14 05:48:47"
"42068","6178","2014-03-15 18:14:44"
"42193","61","2014-03-18 01:14:04"
"42205","234","2014-03-18 07:55:07"
"42298","1207","2014-03-19 12:45:51"
"42378","755","2014-03-20 16:37:34"
"42391","5064","2014-03-20 20:23:20"
"42445","420","2014-03-21 14:14:24"
"42472","171","2014-03-22 03:13:51"
"42743","2151","2014-03-26 06:43:38"
"42931","1542","2014-03-28 11:10:46"
"42950","341","2014-03-28 13:56:16"
"42975","573","2014-03-28 18:51:03"
"42983","181","2014-03-28 20:56:23"
"42998","176","2014-03-29 03:42:44"
"43059","2497","2014-03-30 16:09:38"
"43100","915","2014-03-31 13:45:56"
"43561","56","2014-04-07 08:52:05"
"43611","3541","2014-04-07 21:24:39"
"43625","1912","2014-04-08 01:54:09"
"43702","633","2014-04-08 15:38:41"
"43827","596","2014-04-09 09:38:04"
"43847","1155","2014-04-09 13:07:34"
"43907","480","2014-04-09 18:18:08"
"44069","483","2014-04-10 12:57:05"
"44189","180","2014-04-11 01:27:46"
"44591","1467","2014-04-14 19:00:31"
"44629","816","2014-04-15 04:35:02"
"44645","602","2014-04-15 09:06:24"
"44713","446","2014-04-15 19:39:31"
"44855","1276","2014-04-17 05:08:21"
"45043","618","2014-04-20 01:04:34"
"45189","50","2014-04-22 19:18:30"
"45206","316","2014-04-23 00:23:44"
"45233","2328","2014-04-23 08:15:23"
"45501","1901","2014-04-27 03:43:59"
"45602","191","2014-04-28 17:10:19"
"45733","8213","2014-04-30 19:41:39"
"45739","326","2014-04-30 20:53:54"
"45798","2023","2014-05-01 12:04:53"
"45850","8343","2014-05-02 08:57:49"
"45870","309","2014-05-02 14:53:26"
"45882","696","2014-05-02 21:07:59"
"46285","744","2014-05-09 13:06:02"
"46471","464","2014-05-13 01:32:01"
"46520","9507","2014-05-13 18:20:16"
"46557","66","2014-05-14 08:02:32"
"46782","3944","2014-05-18 03:16:52"
"46820","147","2014-05-19 00:46:49"
"47050","1783","2014-05-22 03:03:16"
"47076","126","2014-05-22 13:22:01"
"47143","5342","2014-05-23 06:18:30"
"47263","1330","2014-05-25 13:21:13"
"47496","1237","2014-05-29 11:05:48"
"47524","4327","2014-05-29 18:03:49"
"47562","518","2014-05-30 09:21:03"
"47578","8910","2014-05-30 15:45:24"
"47640","1","2014-06-01 15:45:56"
"47746","76","2014-06-03 18:25:22"
"47761","354","2014-06-03 23:55:28"
"47817","72","2014-06-04 20:23:36"
"47896","2762","2014-06-06 01:27:30"
"47932","411","2014-06-06 18:25:02"
"47983","576","2014-06-07 20:46:32"
"47985","381","2014-06-07 23:49:55"
"49001","889","2014-06-08 19:03:39"
"49225","56","2014-06-12 10:21:19"
"49470","219","2014-06-17 09:54:09"
"49489","14679","2014-06-17 13:13:11"
"49490","190","2014-06-17 13:28:51"
"49511","729","2014-06-17 18:16:08"
"49551","317","2014-06-18 13:25:28"
"49741","3076","2014-06-21 21:29:42"
"49923","617","2014-06-25 11:52:03"
"49936","6723","2014-06-25 15:10:36"
"50051","6731","2014-06-27 15:16:55"
"50129","1217","2014-06-30 06:47:14"
"50198","3898","2014-07-01 13:50:41"
"50227","231","2014-07-01 19:44:20"
"50234","1891","2014-07-01 22:22:24"
"50257","571","2014-07-02 09:17:16"
"50311","8502","2014-07-03 01:52:09"
"50353","753","2014-07-03 16:18:45"
"50433","171","2014-07-05 06:59:21"
"50453","26","2014-07-05 18:26:05"
"50459","194","2014-07-05 21:48:37"
"50496","684","2014-07-06 20:00:07"
"50506","426","2014-07-06 23:51:23"
"50579","340","2014-07-08 04:46:30"
"50641","460","2014-07-09 08:32:57"
"50650","26","2014-07-09 12:22:55"
"51774","170","2014-07-11 12:24:27"
"51780","182","2014-07-11 12:54:50"
"51952","408","2014-07-14 20:52:32"
"51988","1598","2014-07-15 09:28:03"
"52102","1981","2014-07-16 17:32:05"
"52133","267","2014-07-17 02:45:39"
"52394","3620","2014-07-21 16:35:32"
"52426","196","2014-07-22 05:30:03"
"52472","3105","2014-07-22 20:15:18"
"52572","378","2014-07-24 07:28:09"
"52666","34","2014-07-25 15:08:46"
"52676","11854","2014-07-25 17:16:20"
"52691","264","2014-07-26 00:41:12"
"52741","5170","2014-07-26 22:22:05"
"52758","2064","2014-07-27 13:03:01"
"52933","600","2014-07-30 10:18:17"
"52967","4215","2014-07-30 20:55:52"
"53086","146","2014-08-01 17:56:14"
"53121","1749","2014-08-02 15:44:59"
"53333","20883","2014-08-06 04:01:29"
"53542","213","2014-08-09 07:39:16"
"53583","3774","2014-08-10 11:53:43"
"53664","280","2014-08-12 00:33:52"
"53717","466","2014-08-12 18:23:57"
"54165","842","2014-08-21 02:14:13"
"54234","226","2014-08-21 21:24:26"
"54284","36787","2014-08-22 18:34:35"
"54376","2471","2014-08-24 18:43:55"
"54447","26","2014-08-25 23:48:18"
"54482","106","2014-08-26 15:09:11"
"54722","8464","2014-08-31 00:56:39"
"54791","9804","2014-09-02 00:03:26"
"54867","231","2014-09-03 03:03:45"
"54900","146","2014-09-03 13:52:30"
"55118","286","2014-09-07 18:24:17"
"55343","1831","2014-09-11 10:35:13"
"55534","2473","2014-09-15 11:44:29"
"55668","162","2014-09-17 11:53:13"
"55758","2651","2014-09-18 18:38:24"
"55837","486","2014-09-19 23:54:56"
"55851","422","2014-09-20 12:43:57"
"56022","20943","2014-09-23 17:33:10"
"56077","218","2014-09-24 11:19:25"
"56257","685","2014-09-25 18:21:57"
"56288","356","2014-09-25 21:04:55"
"56327","156","2014-09-26 05:48:11"
"56385","568","2014-09-26 13:47:51"
"56578","336","2014-09-28 21:30:34"
"56642","184","2014-09-29 13:15:54"
"56659","961","2014-09-29 16:13:21"
"56757","156","2014-10-01 02:21:04"
"56798","364","2014-10-01 12:32:54"
"56821","318","2014-10-01 17:58:57"
"56831","2848","2014-10-01 20:33:32"
"56904","987","2014-10-02 20:45:39"
"56973","261","2014-10-04 03:20:27"
"56989","1170","2014-10-04 14:18:25"
"57016","419","2014-10-05 06:30:55"
"57023","96","2014-10-05 11:29:13"
"57167","136","2014-10-07 18:00:42"
"57217","31","2014-10-08 12:27:00"
"57304","355","2014-10-09 14:35:50"
"58471","181","2014-10-12 15:10:13"
"58592","156","2014-10-14 12:14:03"
"58637","615","2014-10-14 23:28:59"
"58656","296","2014-10-15 06:36:57"
"58817","1032","2014-10-16 15:22:04"
"58876","216","2014-10-17 10:40:34"
"59072","31","2014-10-20 16:58:09"
"59224","2249","2014-10-22 16:50:09"
"59228","4710","2014-10-22 17:42:37"
"59234","384","2014-10-22 19:25:52"
"59403","4860","2014-10-24 04:49:47"
"59503","5395","2014-10-25 06:18:48"
"59511","236","2014-10-25 10:33:03"
"59575","3139","2014-10-26 08:42:15"
"59635","1513","2014-10-27 14:39:11"
"59639","882","2014-10-27 15:40:45"
"59689","238","2014-10-28 11:24:36"
"59811","2864","2014-10-29 18:41:10"
"59871","495","2014-10-30 15:32:31"
"60055","46","2014-11-03 00:19:55"
"60068","1236","2014-11-03 06:14:21"
"60146","322","2014-11-04 09:28:29"
"60172","256","2014-11-04 16:10:31"
"60396","624","2014-11-07 16:41:19"
"60553","76","2014-11-10 20:12:17"
"60713","16693","2014-11-13 07:31:02"
"60756","752","2014-11-13 20:42:37"
"61053","96","2014-11-19 13:48:15"
"61065","145","2014-11-19 17:02:25"
"61140","570","2014-11-20 16:50:09"
"61180","396","2014-11-21 09:08:57"
"61255","685","2014-11-23 03:58:40"
"61443","48174","2014-11-26 09:10:33"
"61527","1130","2014-11-27 11:55:35"
"61660","145","2014-11-29 22:24:02"
"61744","1132","2014-12-01 14:18:37"
"61793","449","2014-12-02 09:18:45"
"62107","2107","2014-12-08 05:07:01"
"62210","36","2014-12-09 18:20:49"
"62214","301","2014-12-09 19:10:19"
"63381","874","2014-12-12 11:28:51"
"63458","843","2014-12-14 10:47:02"
"63517","81","2014-12-15 10:52:00"
"63845","1598","2014-12-19 10:15:09"
"63858","830","2014-12-19 13:37:42"
"63863","18","2014-12-19 14:23:01"
"63962","154","2014-12-21 19:34:09"
"63999","6773","2014-12-22 12:42:10"
"64041","590","2014-12-23 05:57:10"
"64180","373","2014-12-25 23:43:45"
"64186","361","2014-12-26 05:30:45"
"64238","256","2014-12-27 07:33:52"
"64261","2195","2014-12-27 17:45:11"
"64463","163","2014-12-31 18:22:35"
"64671","579","2015-01-04 22:30:41"
"64758","126","2015-01-06 08:45:19"
"65904","609","2015-01-08 10:36:38"
"66075","541","2015-01-10 18:11:57"
"66337","841","2015-01-15 07:10:43"
"66341","202","2015-01-15 07:50:12"
"66382","1211","2015-01-15 18:08:09"
"66590","527","2015-01-19 11:38:56"
"66605","415","2015-01-19 15:02:07"
"66678","1526","2015-01-20 13:24:30"
"66700","467","2015-01-20 20:04:44"
"67046","535","2015-01-26 10:34:23"
"67149","594","2015-01-27 22:28:32"
"67189","3792","2015-01-28 12:02:28"
"67325","159","2015-01-30 03:23:53"
"67412","221","2015-01-31 00:27:40"
"67417","446","2015-01-31 03:54:35"
"67475","1622","2015-02-01 10:52:44"
"67657","329","2015-02-03 20:33:06"
"68030","1751","2015-02-10 00:16:42"
"68113","223","2015-02-11 01:38:06"
"68139","56","2015-02-11 10:50:43"
"68225","1517","2015-02-12 13:24:46"
"68354","75","2015-02-14 21:50:36"
"68355","590","2015-02-14 22:33:41"
"68464","331","2015-02-17 00:18:06"
"68555","158","2015-02-18 14:16:17"
"68699","36","2015-02-19 21:34:21"
"69067","272","2015-02-25 09:16:06"
"69324","617","2015-02-28 10:53:18"
"69385","1995","2015-03-01 14:04:53"
"69594","4127","2015-03-04 10:56:14"
"69717","9686","2015-03-05 23:15:23"
"69852","353","2015-03-08 00:02:02"
"69913","248","2015-03-09 13:33:42"
"70083","102","2015-03-11 20:35:29"
"70175","696","2015-03-13 02:17:24"
"70301","1056","2015-03-13 21:27:25"
"70343","122","2015-03-14 14:42:54"
"70406","12150","2015-03-15 16:02:30"
"70492","501","2015-03-16 23:13:50"
"70515","890","2015-03-17 09:57:18"
"70734","952","2015-03-20 05:14:23"
"70738","20992","2015-03-20 07:56:01"
"70745","445","2015-03-20 10:18:12"
"70830","5817","2015-03-21 22:48:12"
"70857","36","2015-03-22 15:43:38"
"70887","727","2015-03-23 06:58:09"
"70948","998","2015-03-24 00:19:25"
"71010","56","2015-03-24 18:29:11"
"71164","1550","2015-03-26 17:06:36"
"71258","151","2015-03-28 10:17:21"
"71460","8560","2015-03-31 12:31:23"
"71696","370","2015-04-03 13:52:42"
"72009","1015","2015-04-08 11:19:04"
"72027","405","2015-04-08 16:28:14"
"72031","5790","2015-04-08 16:59:50"
"72057","1552","2015-04-08 21:37:44"
"72119","136","2015-04-09 16:22:04"
"72134","814","2015-04-09 21:06:20"
"72177","452","2015-04-10 15:52:14"
"72288","505","2015-04-12 08:46:51"
"72398","864","2015-04-14 04:42:49"
"72428","116","2015-04-14 13:50:20"
"72447","36","2015-04-14 18:18:55"
"72512","686","2015-04-15 15:54:37"
"72874","943","2015-04-21 03:30:35"
"72896","273","2015-04-21 09:43:43"
"73039","53","2015-04-23 06:03:12"
"73074","209","2015-04-23 13:44:23"
"73139","4939","2015-04-24 10:15:17"
"73387","641","2015-04-28 13:20:09"
"73438","637","2015-04-29 04:38:17"
"73637","2499","2015-05-01 14:39:10"
"74726","1471","2015-05-03 04:02:26"
"76259","759","2015-05-11 08:36:15"
"76440","196","2015-05-13 11:10:39"
"76521","685","2015-05-14 12:00:07"
"76546","10735","2015-05-14 19:37:07"
"76715","3128","2015-05-17 14:06:46"
"76718","12790","2015-05-17 18:23:07"
"76865","3310","2015-05-20 04:05:12"
"76890","875","2015-05-20 10:30:05"
"77023","1213","2015-05-21 23:25:11"
"77065","156","2015-05-22 12:25:23"
"77096","2137","2015-05-22 18:33:35"
"77501","3804","2015-05-28 18:50:01"
"77653","717","2015-05-31 02:22:24"
"77814","111","2015-06-02 17:54:04"
"77939","36","2015-06-04 13:49:16"
"78001","1104","2015-06-05 09:05:48"
"78180","1476","2015-06-08 13:55:13"
"78446","4032","2015-06-11 21:02:51"
"78460","76","2015-06-12 06:21:12"
"78662","400","2015-06-16 00:08:44"
"78901","902","2015-06-18 14:44:59"
"78998","2583","2015-06-19 16:30:31"
"79133","56","2015-06-22 12:11:14"
"79148","856","2015-06-22 14:23:23"
"79347","4511","2015-06-25 03:31:10"
"79402","1527","2015-06-25 19:54:48"
"79519","454","2015-06-27 19:16:47"
"79527","2","2015-06-27 23:08:05"
"79579","119","2015-06-29 02:36:58"
"79610","1054","2015-06-29 11:43:17"
"79834","279","2015-06-30 19:49:17"
"80071","208","2015-07-01 18:58:22"
"80108","4253","2015-07-02 02:23:51"
"80138","608","2015-07-02 10:35:54"
"80489","280","2015-07-07 23:07:54"
"80588","2789","2015-07-09 00:02:15"
"80669","497","2015-07-10 00:26:27"
"80704","780","2015-07-10 14:33:59"
"80910","431","2015-07-13 19:36:37"
"80953","2171","2015-07-14 10:26:11"
"81100","739","2015-07-15 21:43:09"
"81157","533","2015-07-16 15:42:51"
"81244","96","2015-07-17 17:49:20"
"81254","226","2015-07-17 19:16:33"
"81374","3259","2015-07-20 05:30:49"
"81442","743","2015-07-20 22:48:32"
"81529","5402","2015-07-21 22:45:26"
"81530","140","2015-07-21 22:52:07"
"81853","411","2015-07-26 15:41:26"
"81937","78","2015-07-27 14:14:56"
"82155","1709","2015-07-29 21:23:24"
"82205","659","2015-07-30 11:45:09"
"82368","1122","2015-08-01 08:11:10"
"82530","796","2015-08-03 17:43:23"
"83027","205","2015-08-09 19:21:12"
"83318","4511","2015-08-12 21:01:57"
"83483","12336","2015-08-14 16:06:04"
"83600","1836","2015-08-16 17:09:40"
"83641","7409","2015-08-17 08:44:11"
"84120","358","2015-08-23 11:31:22"
"84129","146","2015-08-23 14:34:36"
"84420","96","2015-08-27 08:33:57"
"84466","1048","2015-08-27 17:25:35"
"84564","153","2015-08-28 17:08:01"
"84629","1445","2015-08-29 21:03:12"
"84748","481","2015-08-31 20:17:52"
"84835","1879","2015-09-01 20:07:23"
"84973","156","2015-09-03 14:48:52"
"86361","1661","2015-09-09 10:46:14"
"86371","8885","2015-09-09 13:23:09"
"86406","1014","2015-09-09 22:23:40"
"86410","2605","2015-09-10 00:22:22"
"86652","8743","2015-09-13 06:20:49"
"86689","300","2015-09-13 21:27:47"
"86735","2761","2015-09-14 11:27:12"
"86741","7714","2015-09-14 11:50:52"
"86807","732","2015-09-15 06:54:37"
"86911","116","2015-09-16 12:54:39"
"87081","847","2015-09-18 09:21:35"
"87119","22018","2015-09-18 18:38:00"
"87376","16","2015-09-22 11:04:30"
"87501","163","2015-09-23 18:54:37"
"87644","575","2015-09-25 07:59:20"
"87687","6776","2015-09-25 16:50:01"
"88098","920","2015-10-01 03:37:35"
"88218","261","2015-10-02 09:03:31"
"88460","2766","2015-10-05 16:05:16"
"88688","96","2015-10-08 09:16:22"
"88816","2256","2015-10-09 16:36:43"
"88961","2120","2015-10-11 23:44:54"
"89037","441","2015-10-12 18:25:24"
"89132","593","2015-10-13 15:21:18"
"89214","386","2015-10-14 12:14:14"
"89271","591","2015-10-15 00:55:42"
"89407","88","2015-10-16 13:41:02"
"89412","213","2015-10-16 15:19:40"
"89413","1460","2015-10-16 15:41:58"
"89457","454","2015-10-17 00:02:35"
"89792","1210","2015-10-20 20:22:21"
"89876","26845","2015-10-21 16:21:39"
"90118","2906","2015-10-24 17:10:20"
"90657","9696","2015-10-30 14:18:19"
"90896","1915","2015-11-02 16:33:41"
"91010","176","2015-11-03 23:46:35"
"91177","281","2015-11-05 12:21:56"
"91193","2281","2015-11-05 14:54:40"
"91425","1169","2015-11-08 17:46:29"
"91533","250","2015-11-10 07:24:32"
"91662","1131","2015-11-11 13:56:22"
"91684","1952","2015-11-11 17:47:16"
"91735","44","2015-11-12 09:17:48"
"91764","1171","2015-11-12 13:59:48"
"91783","586","2015-11-12 17:41:21"
"91915","46","2015-11-14 01:09:06"
"91953","156","2015-11-14 19:42:17"
"91984","46","2015-11-15 10:14:25"
"92077","1716","2015-11-16 15:31:59"
"92213","6266","2015-11-17 20:58:56"
"92273","14011","2015-11-18 14:25:01"
"92792","1781","2015-11-24 12:43:25"
"93108","1026","2015-11-28 02:50:46"
"93260","843","2015-11-30 15:22:43"
"93271","101","2015-11-30 18:37:05"
"93457","1486","2015-12-02 13:52:40"
"93595","609","2015-12-03 15:54:17"
"93625","3577","2015-12-03 22:47:50"
"93784","176","2015-12-05 23:12:53"
"93849","141","2015-12-07 06:34:32"
"93922","1680","2015-12-08 02:02:55"
"93983","769","2015-12-08 16:37:38"
"94201","1737","2015-12-10 17:15:47"
"94241","176","2015-12-11 02:18:21"
"94401","338","2015-12-13 01:57:19"
"94402","80","2015-12-13 02:24:20"
"94428","2958","2015-12-13 13:56:46"
"94594","176","2015-12-15 08:54:15"
"94707","51","2015-12-16 13:04:50"
"94853","3274","2015-12-18 02:04:28"
"95052","840","2015-12-21 13:10:53"
"95084","295","2015-12-21 23:26:29"
"95135","323","2015-12-22 17:08:21"
"95272","948","2015-12-24 18:04:49"
"95334","362","2015-12-26 02:22:36"
"95381","40252","2015-12-27 03:38:12"
"95556","221","2015-12-29 11:07:39"
"95713","26","2015-12-30 23:52:16"
"95789","2564","2016-01-01 14:20:10"
"95953","549","2016-01-04 12:08:36"
"96054","174","2016-01-05 12:27:32"
"96156","96","2016-01-06 10:43:49"
"96179","1449","2016-01-06 13:19:37"
"96668","201","2016-01-12 11:17:47"
"96732","309","2016-01-12 20:21:49"
"97065","1970","2016-01-15 16:05:34"
"97303","196","2016-01-17 13:03:50"
"97432","2156","2016-01-18 15:02:05"
"97907","1148","2016-01-22 09:16:19"
"97932","116","2016-01-22 15:07:19"
"98398","309","2016-01-27 11:46:31"
"98440","2121","2016-01-27 18:18:51"
"98538","59111","2016-01-28 15:31:05"
"98652","1756","2016-01-29 12:21:54"
"98739","118","2016-01-30 15:20:10"
"98976","2956","2016-02-02 04:44:03"
"99028","1977","2016-02-02 14:45:25"
"99038","188","2016-02-02 16:20:34"
"99202","2708","2016-02-03 19:27:43"
"99737","3042","2016-02-09 02:10:53"
"99775","836","2016-02-09 11:34:58"
"99882","121","2016-02-10 11:51:29"
"99951","109","2016-02-11 01:40:45"
"100201","3342","2016-02-13 16:01:54"
"101315","607","2016-02-15 10:11:47"
"101474","8095","2016-02-16 17:49:57"
"101564","189","2016-02-17 13:26:19"
"102235","36","2016-02-23 09:26:26"
"102236","25731","2016-02-23 09:40:50"
"102283","3583","2016-02-23 16:20:17"
"102630","316","2016-02-26 07:16:21"
"102851","226","2016-02-28 16:55:07"
"102947","224","2016-02-29 13:48:42"
"103372","68","2016-03-04 10:53:02"
"103495","1947","2016-03-05 18:48:15"
"103549","226","2016-03-06 12:54:12"
"103689","146","2016-03-07 17:22:08"
"103756","156","2016-03-08 08:39:32"
"103832","156","2016-03-09 00:37:07"
"103864","251","2016-03-09 10:47:23"
"104162","939","2016-03-11 21:31:57"
"104513","311","2016-03-15 14:00:32"
"104537","761","2016-03-15 18:40:56"
"104840","237","2016-03-18 05:01:48"
"105155","391","2016-03-21 15:30:13"
"105272","156","2016-03-22 16:41:52"
"105533","957","2016-03-24 21:12:06"
"105580","138","2016-03-25 12:23:14"
"105761","54","2016-03-27 23:06:28"
"105997","985","2016-03-30 06:20:47"
"106086","214","2016-03-30 21:10:01"
"106285","2249","2016-04-01 20:48:20"
"106338","470","2016-04-02 20:11:44"
"106456","190","2016-04-04 13:07:25"
"106865","332","2016-04-08 01:34:12"
"107176","778","2016-04-11 17:12:19"
"107375","653","2016-04-13 11:19:51"
"107407","26","2016-04-13 15:03:15"
"107418","1210","2016-04-13 17:27:47"
"107935","2909","2016-04-18 05:41:03"
"107952","850","2016-04-18 08:27:02"
"108009","201","2016-04-18 16:01:15"
"108318","21","2016-04-21 10:52:33"
"108397","136","2016-04-22 01:03:12"
"108612","444","2016-04-24 08:49:20"
"108679","750","2016-04-25 07:36:11"
"108786","330","2016-04-26 05:47:47"
"109028","3142","2016-04-28 11:54:24"
"109114","534","2016-04-29 08:50:30"
"109219","78","2016-04-30 04:17:28"
"109328","164","2016-05-01 17:31:12"
"109570","98","2016-05-04 04:25:20"
"109672","1128","2016-05-05 06:12:39"
"109762","217","2016-05-05 23:04:38"
"109991","836","2016-05-08 10:58:38"
"110133","2754","2016-05-09 20:56:26"
"110404","314","2016-05-12 11:18:33"
"110673","952","2016-05-15 10:13:20"
"110686","2907","2016-05-15 13:42:07"
"110694","186","2016-05-15 16:02:10"
"111013","280","2016-05-18 17:24:09"
"111015","1088","2016-05-18 17:54:12"
"111542","2512","2016-05-25 04:24:47"
"111626","3696","2016-05-25 19:05:33"
"111637","423","2016-05-25 21:14:03"
"112042","5442","2016-05-31 00:27:58"
"112290","8259","2016-06-02 09:26:48"
"113681","240","2016-06-06 23:06:51"
"113999","3848","2016-06-09 22:46:29"
"114015","41","2016-06-10 05:50:39"
"114173","882","2016-06-11 20:23:42"
"114602","394","2016-06-16 09:52:17"
"114907","124","2016-06-19 14:32:27"
"115032","41","2016-06-20 17:54:27"
"115086","314","2016-06-21 06:31:26"
"115153","210","2016-06-21 14:29:02"
"115332","411","2016-06-23 03:19:18"
"115400","506","2016-06-23 17:21:43"
"116121","787","2016-06-29 19:28:24"
"116126","349","2016-06-29 19:49:28"
"116230","6211","2016-06-30 14:36:14"
"116272","1349","2016-06-30 20:39:40"
"116300","56","2016-07-01 04:46:48"
"116470","476","2016-07-03 02:29:12"
"116721","1210","2016-07-05 21:58:14"
"116783","705","2016-07-06 14:29:48"
"116875","289","2016-07-07 11:26:23"
"116929","306","2016-07-07 19:32:54"
"116996","1718","2016-07-08 14:44:08"
"117212","2682","2016-07-11 13:52:41"
"117250","111","2016-07-11 18:21:43"
"117662","236","2016-07-15 19:19:55"
"117761","3836","2016-07-17 08:22:53"
"117792","687","2016-07-17 18:41:32"
"117888","2337","2016-07-18 16:48:00"
"118098","261","2016-07-21 04:52:42"
"118139","66","2016-07-21 13:30:29"
"118310","1313","2016-07-23 16:46:42"
"118457","1683","2016-07-25 13:12:42"
"118537","44","2016-07-26 07:07:11"
"119008","46","2016-07-30 11:59:43"
"119198","81","2016-08-01 19:11:25"
"119427","3179","2016-08-03 22:54:07"
"120668","46","2016-08-06 01:17:31"
"120770","196","2016-08-07 11:22:42"
"120812","332","2016-08-07 23:21:26"
"121099","101","2016-08-10 14:01:30"
"121141","3719","2016-08-11 04:24:02"
"121853","86","2016-08-19 06:37:38"
"121894","4684","2016-08-19 13:34:18"
"121963","2739","2016-08-20 14:58:05"
"122008","916","2016-08-21 10:36:08"
"122041","56","2016-08-21 23:04:56"
"122717","143","2016-08-28 11:51:05"
"122862","320","2016-08-30 05:43:31"
"123097","46","2016-09-01 12:23:39"
"123148","194","2016-09-01 20:26:46"
"123361","1153","2016-09-04 14:11:18"
"123462","142","2016-09-05 16:52:59"
"123514","5737","2016-09-06 07:31:08"
"124218","126","2016-09-13 03:27:58"
"124345","1569","2016-09-14 10:32:19"
"124637","117","2016-09-17 07:05:12"
"124865","201","2016-09-19 20:04:21"
"125085","126","2016-09-21 19:05:57"
"125102","3436","2016-09-21 21:46:39"
"125167","581","2016-09-22 12:56:58"
"125176","3244","2016-09-22 14:25:53"
"125626","4365","2016-09-26 15:27:47"
"126064","509","2016-09-30 14:23:30"
"126494","266","2016-10-05 11:17:55"
"126594","181","2016-10-06 08:08:22"
"126687","86","2016-10-06 23:30:07"
"126881","1186","2016-10-08 19:55:36"
"126981","373","2016-10-10 04:14:45"
"127056","562","2016-10-10 18:04:05"
"127075","1356","2016-10-11 02:39:57"
"127145","5388","2016-10-11 15:47:08"
"127587","61","2016-10-15 10:37:27"
"127606","505","2016-10-15 14:27:11"
"127748","1019","2016-10-17 09:38:37"
"127837","6012","2016-10-18 08:14:47"
"127868","1253","2016-10-18 14:27:55"
"127878","600","2016-10-18 15:20:17"
"128075","36","2016-10-20 10:25:21"
"128341","1181","2016-10-23 01:44:52"
"128384","512","2016-10-23 16:09:24"
"128643","1033","2016-10-25 17:27:51"
"128755","1815","2016-10-26 13:37:34"
"128795","608","2016-10-26 20:09:17"
"129143","66","2016-10-30 19:37:37"
"129883","975","2016-11-07 15:43:42"
"130010","619","2016-11-08 22:57:58"
"130269","406","2016-11-12 01:14:46"
"130725","1200","2016-11-17 05:20:07"
"130761","485","2015-11-03 15:38:20"
"131009","187","2016-11-20 03:18:24"
"131058","94","2016-11-20 18:29:37"
"131111","1072","2016-11-21 10:33:28"
"131447","106","2016-11-24 10:09:17"
"131521","653","2016-11-25 04:30:13"
"131569","126","2016-11-25 13:48:46"
"131667","91","2016-11-26 17:36:48"
"132469","1129","2016-12-05 07:32:13"
"132521","41","2016-12-05 17:01:08"
"132604","472","2016-12-06 13:54:11"
"133034","141","2016-12-10 10:33:26"
"133285","4877","2016-12-13 10:57:46"
"133337","4061","2016-12-13 19:33:10"
"133345","71","2016-12-13 21:56:57"
"133463","744","2016-12-15 03:17:36"
"133496","1284","2016-12-15 09:13:10"
"133723","54","2016-12-17 21:56:03"
"134003","186","2016-12-20 22:56:08"
"134037","331","2016-12-21 07:11:02"
"134358","164","2016-12-24 17:00:57"
"134404","78","2016-12-25 19:28:06"
"135373","507","2017-01-05 15:28:35"
"135638","512","2017-01-08 03:44:30"
"135722","799","2017-01-09 07:32:41"
"135773","75","2017-01-09 16:11:55"
"135953","657","2017-01-11 00:18:14"
"136069","810","2017-01-11 20:20:03"
"136177","141","2017-01-12 19:18:12"
"136191","66","2017-01-12 20:37:53"
"136354","93","2017-01-14 17:14:24"
"136721","144","2017-01-18 12:09:10"
"136859","401","2017-01-19 16:24:15"
"136942","31","2017-01-20 12:38:36"
"137021","146","2017-01-21 11:16:42"
"137157","166","2017-01-23 14:15:09"
"137202","294","2017-01-23 22:43:44"
"137242","116","2017-01-24 08:54:25"
"137512","343","2017-01-27 01:09:51"
"137710","1037","2017-01-29 20:01:41"
"137824","16","2017-01-30 20:57:01"
"137843","483","2017-01-31 01:22:28"
"138090","16","2017-02-02 03:47:32"
"138188","51","2017-02-02 22:45:47"
"138360","315","2017-02-04 16:33:36"
"138516","2264","2017-02-06 13:32:50"
"138550","253","2017-02-06 18:46:08"
"138879","271","2017-02-09 12:01:37"
"138956","16","2017-02-10 04:18:44"
"139490","196","2017-02-15 20:55:30"
"139492","226","2017-02-15 21:19:19"
"139654","248","2017-02-17 12:51:23"
"139850","46","2017-02-19 19:14:50"
"140288","281","2017-02-24 03:07:01"
"140580","3570","2017-02-27 15:09:15"
"140866","261","2017-03-02 11:29:41"
"141031","515","2017-03-03 23:05:25"
"141113","516","2017-03-05 07:03:52"
"141997","132","2017-03-15 10:30:40"
"142452","36","2017-03-20 05:00:21"
"142657","437","2017-03-21 23:36:22"
"142869","191","2017-03-23 19:28:17"
"142913","138","2017-03-24 07:31:54"
"143107","182","2017-03-26 21:47:08"
"143312","36","2017-03-28 20:46:42"
"143329","546","2017-03-29 01:09:51"
"144242","280","2017-04-08 01:22:53"
"145373","56","2017-04-09 22:27:11"
"145780","163","2017-04-14 13:19:01"
"146109","11","2017-04-19 10:55:29"
"146390","579","2017-04-22 11:37:38"
"146491","46","2017-04-23 23:15:18"
"146516","626","2017-04-24 08:48:06"
"146877","86","2017-04-27 20:38:04"
"146994","38","2017-04-29 09:39:46"
"147134","537","2017-05-01 15:50:00"
"147335","140","2017-05-03 17:48:50"
"147725","528","2017-05-08 13:07:37"
"147891","1729","2017-05-10 09:08:18"
"147932","2634","2017-05-10 18:26:14"
"148130","1292","2017-05-12 20:26:57"
"148430","687","2017-05-16 06:31:24"
"148445","101","2017-05-16 08:49:26"
"148490","90","2017-05-16 16:02:13"
"148607","88","2017-05-17 15:51:24"
"148620","179","2017-05-17 17:52:08"
"148650","126","2017-05-18 01:26:13"
"149106","63","2017-05-23 15:04:23"
"149217","111","2017-05-25 01:55:09"
"149264","3242","2017-05-25 12:02:26"
"149342","1162","2017-05-26 09:57:33"
"149415","473","2017-05-27 18:17:31"
"149424","341","2017-05-27 23:15:50"
"149438","56","2017-05-28 10:09:02"
"149485","2548","2017-05-29 05:25:13"
"149501","1534","2017-05-29 08:40:24"
"149676","24206","2017-05-30 21:20:48"
"149722","286","2017-05-31 11:24:48"
"149914","565","2017-06-02 16:01:51"
"150028","306","2017-06-04 09:10:12"
"150537","162","2017-06-09 15:55:12"
"150676","597","2017-06-11 17:48:37"
"150716","1558","2017-06-12 07:17:46"
"150920","171","2017-06-14 09:34:02"
"151010","998","2017-06-15 07:38:54"
"151404","86","2017-06-20 07:33:57"
"151903","14827","2017-06-26 14:45:47"
"152281","21","2017-06-30 21:18:33"
"152534","26","2017-07-04 13:58:41"
"152806","852","2017-07-07 12:54:29"
"152845","1032","2017-07-08 00:06:25"
"152922","372","2017-07-09 15:12:09"
"152990","79","2017-07-10 09:44:28"
"153494","7550","2017-07-16 19:48:59"
"153596","1310","2017-07-17 21:06:20"
"153663","36","2017-07-18 13:39:04"
"153955","2659","2017-07-21 19:25:12"
"155121","36","2017-07-24 13:56:58"
"155377","458","2017-07-27 11:16:16"
"155462","411","2017-07-28 09:51:49"
"155661","211","2017-07-31 12:27:19"
"155803","126","2017-08-02 00:26:26"
"156063","231","2017-08-04 15:30:09"
"156169","46","2017-08-06 07:18:15"
"156592","16","2017-08-11 19:07:36"
"157691","56","2017-08-26 22:49:36"
"157722","295","2017-08-27 13:06:48"
"157917","71","2017-08-30 06:39:00"
"157945","391","2017-08-30 12:01:20"
"158071","46","2017-09-01 00:00:53"
"158182","247","2017-09-02 16:57:54"
"158228","970","2017-09-03 20:14:20"
"158600","51","2017-09-08 15:19:42"
"158645","196","2017-09-09 08:38:33"
"158698","136","2017-09-10 07:16:40"
"158850","457","2017-09-12 11:34:28"
"158981","16","2017-09-14 02:58:44"
"159029","1038","2017-09-14 13:12:54"
"159064","3032","2017-09-14 20:38:27"
"159083","46","2017-09-15 04:16:21"
"159165","157","2017-09-16 09:00:19"
"159418","832","2017-09-19 20:07:33"
"159532","1916","2017-09-21 05:27:23"
"159736","861","2017-09-24 07:13:34"
"160555","95","2017-10-05 16:54:15"
"160796","46","2017-10-09 14:11:09"
"161248","26","2016-06-22 07:56:19"
"161381","73","2017-10-16 17:37:28"
"161394","278","2017-10-16 19:24:11"
"161657","171","2017-10-18 23:02:24"
"161892","180","2017-10-21 15:21:50"
"162233","107","2017-10-25 18:14:18"
"162250","456","2017-10-25 20:53:08"
"162343","2688","2017-10-26 17:24:14"
"162395","46","2017-10-27 03:54:26"
"163038","26","2017-11-03 22:40:40"
"163495","23859","2017-11-10 11:28:33"
"164223","352","2017-11-20 17:03:06"
"164241","26","2017-11-20 22:14:42"
"164482","56","2017-11-23 21:06:51"
"164617","16","2017-11-26 05:27:04"
"164694","425","2017-11-27 04:15:48"
"164695","1011","2017-11-27 04:18:23"
"164773","902","2017-11-27 22:24:22"
"164979","372","2017-11-29 22:24:50"
"165253","51447","2017-12-03 09:31:39"
"165376","641","2017-12-04 20:53:22"
"165740","31","2017-12-08 15:00:34"
"165857","2571","2017-12-10 17:22:06"
"166054","918","2017-12-13 07:58:08"
"166191","325","2017-12-15 04:52:11"
"166297","146","2017-12-16 14:38:06"
"166514","156","2017-12-19 21:39:24"
"166595","3082","2017-12-20 19:21:35"
"166737","186","2017-12-22 16:19:20"
"166861","580","2017-12-25 04:43:57"
"166903","133","2017-12-26 01:52:27"
"167265","126","2017-12-31 13:11:41"
"167294","171","2018-01-01 07:41:26"
"167377","464","2018-01-02 11:48:46"
"167615","26","2018-01-04 19:36:31"
"167702","52","2018-01-05 13:27:35"
"168418","2342","2018-01-14 02:20:18"
"168477","136","2018-01-15 06:14:15"
"168732","36","2018-01-17 21:24:44"
"168744","191","2018-01-18 00:48:09"
"168794","26","2018-01-18 14:40:56"
"168968","41","2018-01-21 04:13:27"
"169339","346","2018-01-25 22:22:53"
"169398","74","2018-01-26 19:41:45"
"169503","416","2018-01-28 18:51:30"
"170099","1759","2018-02-06 02:35:41"
"170161","138","2018-02-06 21:05:39"
"170217","136","2018-02-07 14:15:41"
"170227","391","2018-02-07 16:19:11"
"170471","565","2018-02-11 11:50:11"
"171309","916","2018-02-22 06:16:27"
"171443","1091","2018-02-23 18:26:44"
"171463","68","2018-02-23 22:43:14"
"171722","532","2018-02-27 20:41:36"
"172170","116","2018-03-06 02:23:22"
"173544","2229","2018-03-21 15:53:30"
"173641","1552","2018-03-22 15:10:57"
"173651","3559","2018-03-22 17:04:15"
"173989","914","2018-03-26 17:03:38"
"174855","349","2018-04-05 11:16:20"
"175021","111","2018-04-06 23:23:08"
"175190","7530","2018-04-09 06:31:19"
"175257","1202","2018-04-09 18:53:25"
"175653","341","2018-04-13 16:19:15"
"175681","12557","2018-04-13 20:52:03"
"175748","62","2018-04-14 20:48:47"
"175953","56","2018-04-17 14:18:52"
"176263","146","2018-04-20 18:04:35"
"176611","126","2018-04-25 06:33:40"
"177855","212","2018-05-11 00:30:26"
"178258","126","2018-05-16 22:54:55"
"178355","111","2018-05-18 01:17:48"
"178596","43","2018-05-21 16:27:00"
"178645","136","2018-05-22 10:54:13"
"178652","779","2018-05-22 14:00:52"
"179255","1808","2018-05-30 22:54:29"
"179495","2013","2018-06-03 16:11:26"
"179614","943","2018-06-05 10:44:50"
"180293","36","2018-06-15 05:19:18"
"180371","150","2018-06-16 17:37:01"
"180695","2937","2018-06-21 15:19:23"
"181027","100","2018-06-26 22:22:43"
"181243","36","2018-06-30 01:44:08"
"181864","30","2018-07-10 07:44:45"
"182451","26","2018-07-19 00:49:53"
"182764","36","2018-07-23 16:20:49"
"183682","392","2018-08-07 00:49:09"
"183785","78","2018-08-08 11:22:24"
"184112","126","2018-08-13 11:41:13"
"184205","1382","2018-08-14 13:02:47"
"184288","67","2018-08-15 15:32:19"
"184559","4587","2018-08-18 21:19:23"
"184738","71","2018-08-21 12:26:02"
"185177","171","2018-08-27 06:58:28"
"185779","161","2018-09-03 05:50:29"
"186256","124","2018-09-10 02:55:44"
"186571","101","2018-09-13 22:27:38"
"186682","396","2018-09-15 13:50:51"
"186764","68","2018-09-17 06:42:31"
"187435","141","2018-09-25 21:29:38"
"188428","136","2018-10-08 20:39:51"
"189151","2511","2018-10-17 19:48:57"
"189423","993","2018-10-21 15:42:43"
"189594","177","2018-10-23 18:01:36"
"189805","136","2018-10-25 18:55:10"
"189824","877","2018-10-26 02:44:34"
"190090","374","2018-10-29 17:16:30"
"190681","325","2018-11-06 22:25:39"
"190837","3505","2018-11-08 17:29:23"
"190843","338","2018-11-08 19:30:04"
"191048","11","2018-11-11 11:13:28"
"191569","26","2018-11-17 18:35:14"
"191614","31","2018-11-18 17:11:16"
"191877","198","2018-11-21 17:39:15"
"192205","1116","2018-11-26 18:08:38"
"192284","194","2018-11-27 16:50:19"
"192426","103","2018-11-28 23:39:40"
"192613","36","2018-12-01 09:01:44"
"193386","196","2018-12-12 04:24:09"
"194813","116","2018-12-18 14:24:06"
"195084","63","2018-12-21 13:57:18"
"196101","1343","2019-01-06 18:41:32"
"196241","226","2019-01-08 14:37:01"
"196616","36","2019-01-12 13:12:21"
"197350","116","2019-01-20 18:27:24"
"198126","45","2019-01-29 15:42:38"
"198289","61","2019-01-31 03:47:56"
"198418","938","2019-02-01 08:19:02"
"198419","1","2019-02-01 08:21:06"
"199633","273","2019-02-14 16:05:11"
"199738","26","2019-02-15 18:37:14"
"199845","79","2019-02-17 12:46:43"
"200347","3645","2019-02-23 01:00:28"
"201079","36","2019-03-04 18:35:55"
"201151","66","2019-03-05 13:45:13"
"201400","1349","2019-03-07 23:14:22"
"201705","14","2019-03-12 10:59:56"
"201974","197","2019-03-15 12:45:15"
"202089","642","2019-03-16 22:50:39"
"202445","109","2019-03-21 10:37:30"
"203666","138","2019-04-03 13:40:44"
"204458","66","2019-04-12 17:59:10"
"206377","126","2019-04-24 16:01:36"
"206532","857","2019-04-26 13:23:41"
"206729","340","2019-04-29 19:50:29"
"206730","91","2019-04-29 19:51:32"
"206784","11","2019-04-30 12:30:07"
"207328","319","2019-05-07 10:24:24"
"207525","56","2019-05-09 05:40:24"
"208095","30","2019-05-15 19:55:06"
"208903","294","2019-05-26 21:25:48"
"208985","56","2019-05-28 01:01:17"
"209503","216","2019-06-04 01:11:17"
"209572","823","2019-06-05 02:42:59"
"210909","61","2019-06-25 14:12:34"
"211059","64","2019-06-27 08:56:10"
"211096","16","2019-06-27 15:54:34"
"211665","41","2019-07-05 09:32:36"
"212442","136","2019-07-17 08:22:21"
"212560","5","2019-07-18 16:58:02"
"212596","71","2019-07-19 02:28:33"
"212765","1447","2019-07-21 16:31:21"
"213386","59","2019-07-30 21:53:10"
"213529","11","2019-08-01 13:19:53"
"213804","582","2019-08-05 12:03:21"
"214187","16","2019-08-08 15:24:49"
"215709","896","2019-08-30 13:12:15"
"217912","29","2019-09-18 12:37:50"
"220036","703","2019-10-18 10:47:41"
"220220","1099","2019-10-22 00:22:05"
"220899","76","2019-11-01 03:57:30"
"221089","54","2019-11-04 19:27:14"
"221316","292","2019-11-09 00:07:53"
"222301","54","2019-11-25 16:44:57"
"222373","631","2019-11-26 13:58:22"
"222443","171","2019-11-27 17:05:18"
"222800","1031","2019-12-04 14:40:20"
"222877","131","2019-12-05 17:57:04"
"222906","26","2019-12-06 07:15:02"
"223998","56","2019-12-26 22:34:56"
"224857","61","2020-01-11 12:58:30"
"225476","640","2020-01-21 15:23:14"
"226987","69","2020-02-12 18:49:34"
"228829","86","2020-03-11 19:57:51"
"228995","16","2020-03-14 14:06:57"
"231817","1014","2020-04-09 20:22:48"
"231911","101","2020-04-10 17:48:53"
"232767","75","2020-04-21 00:51:19"
"232817","111","2020-04-21 12:52:03"
"234174","1565","2020-05-08 09:42:02"
"235814","799","2020-06-02 11:33:36"
"237382","32","2020-06-27 13:18:31"
"238933","46","2020-07-23 17:28:19"