id,view_count
"1","3830"
"2","3814"
"7","1913"
"75","4104"
"97","3003"
"114","35232"
"117","28901"
"162","40086"
"163","1971"
"164","9896"
"183","11230"
"241","7365"
"244","1126"
"245","19643"
"249","4118"
"259","6853"
"264","10084"
"276","2219"
"277","6771"
"290","1320"
"312","1529"
"369","171"
"377","1704"
"380","2033"
"381","8772"
"382","2087"
"387","751"
"397","6466"
"398","1560"
"416","3177"
"437","388"
"438","3470"
"486","3267"
"515","2284"
"553","3603"
"580","540"
"595","529"
"627","896"
"645","4333"
"675","2196"
"807","4366"
"829","763"
"847","1057"
"854","2658"
"978","2306"
"1009","6313"
"1044","1609"
"1062","4437"
"1063","1461"
"1068","718"
"1069","11250"
"1070","2870"
"1108","2634"
"1166","814"
"1180","9259"
"1225","1079"
"1238","3089"
"1257","3910"
"1262","6125"
"1322","1298"
"1344","1463"
"1362","724"
"1368","17145"
"1427","1050"
"1463","5638"
"1577","561"
"1621","5467"
"1653","8914"
"1680","3310"
"1707","1678"
"1735","47493"
"1766","537"
"1906","1089"
"1961","1222"
"2003","11618"
"2010","2305"
"2013","10449"
"2021","475"
"2022","2421"
"2023","344"
"2028","3896"
"2078","3993"
"2087","35078"
"2091","423"
"2092","6128"
"2099","7756"
"2120","39844"
"2178","29307"
"2226","2150"
"2243","4026"
"2257","422"
"2330","7607"
"2342","1106"
"2372","6204"
"2403","376"
"2405","250"
"2503","3089"
"2517","11367"
"2525","4447"
"2552","20217"
"2581","2671"
"2582","729"
"2592","1828"
"2631","242"
"2703","1494"
"2715","6127"
"2804","966"
"2837","19310"
"2963","1351"
"2982","8202"
"2985","2398"
"3001","59550"
"3004","6435"
"3034","5838"
"3056","152941"
"3085","505"
"3142","289"
"3165","22800"
"3174","1505"
"3406","617"
"3460","753"
"3521","994"
"3543","1456"
"3584","487"
"3600","901"
"3601","372"
"3606","2450"
"3640","745"
"3674","20593"
"3694","2607"
"3707","4541"
"3763","788"
"3787","321"
"3844","744"
"3848","102608"
"3879","983"
"3889","3191"
"3949","3611"
"4104","453"
"4193","47314"
"4196","269"
"4213","1228"
"4217","1707"
"4248","35914"
"4253","458"
"4254","870"
"4309","431"
"4354","351"
"4420","508"
"4436","305"
"4471","6592"
"4503","150"
"4524","449"
"4530","10203"
"4536","1626"
"4555","1295"
"4570","1586"
"4667","11352"
"4752","352"
"4758","5455"
"4796","17837"
"4824","6499"
"4841","8754"
"4859","1725"
"4981","8901"
"5020","2699"
"5033","935"
"5067","344"
"5084","900"
"5091","197"
"5107","2908"
"5119","4820"
"5132","308"
"5182","1744"
"5212","618"
"5227","1726"
"5244","3152"
"5266","2335"
"5310","3192"
"5414","2302"
"5440","532"
"5441","1247"
"5467","325"
"5505","5043"
"5514","2676"
"5637","896"
"5644","157"
"5763","5195"
"5786","2605"
"5817","1396"
"5835","646"
"5847","10573"
"5860","460"
"5869","31434"
"5883","163"
"5897","5913"
"5932","1346"
"5949","2260"
"6020","3428"
"6077","228"
"6204","1285"
"6236","423"
"6259","1870"
"6329","987"
"6411","450"
"6465","1000"
"6478","849"
"6510","2745"
"6530","166"
"6535","2006"
"6550","963"
"6666","7623"
"6694","1534"
"6753","12266"
"6756","4195"
"6827","10137"
"6842","2870"
"6904","590"
"6946","8084"
"6957","6976"
"6998","3804"
"7062","2794"
"7080","2218"
"7084","2087"
"7204","46976"
"7256","1076"
"7277","3381"
"7434","1398"
"7519","2926"
"7553","5943"
"7641","2928"
"7687","2542"
"7697","3453"
"7703","14803"
"7705","58376"
"7720","3023"
"7776","358"
"7802","651"
"7849","11998"
"7860","1064"
"7870","253"
"7911","15637"
"7920","85"
"7938","1754"
"7961","285"
"8033","438"
"8066","2528"
"8074","209"
"8099","5298"
"8113","118335"
"8155","318"
"8174","2344"
"8181","669"
"8201","1944"
"8303","6427"
"8310","1613"
"8427","1693"
"8445","2904"
"8446","4873"
"8456","3657"
"8573","766"
"8587","8268"
"8602","44657"
"8610","265"
"8621","1733"
"8663","182"
"8711","4796"
"8733","846"
"8744","19464"
"8749","3269"
"8757","1053"
"8761","42747"
"8785","246"
"8798","14238"
"8803","1482"
"8857","5304"
"8865","2634"
"8867","17538"
"8873","705"
"8895","1137"
"8896","2052"
"8945","3679"
"9095","1885"
"9096","10398"
"9106","996"
"9113","4013"
"9133","10450"
"9156","410"
"9230","3582"
"9237","4962"
"9263","6797"
"9272","637"
"9348","3938"
"9440","2619"
"9453","2456"
"9461","32355"
"9470","21619"
"9561","2848"
"9623","3937"
"9628","2302"
"9668","454"
"9682","3953"
"9763","1806"
"9781","1320"
"9810","564"
"9831","1277"
"9908","20565"
"9916","2018"
"9935","545"
"9945","6478"
"9967","975"
"9973","1164"
"9980","301"
"9981","213"
"10000","4835"
"10006","4909"
"10011","7659"
"10029","8259"
"10032","2278"
"10035","288"
"10071","24054"
"10106","2323"
"10109","4917"
"10156","4373"
"10201","264"
"10251","215"
"10270","264"
"10277","2018"
"10292","1880"
"10378","1279"
"10386","24261"
"10415","4079"
"10446","1617"
"10485","2318"
"10535","6979"
"10549","2763"
"10551","1565"
"10553","261"
"10554","912"
"10615","8043"
"10646","5700"
"10657","89"
"10691","5969"
"10694","319"
"10722","3395"
"10728","6539"
"10729","86871"
"10736","189"
"10825","9528"
"10838","21765"
"10847","193"
"10854","1555"
"10857","520"
"10866","868"
"10898","3171"
"10929","238"
"10974","2366"
"11066","278"
"11098","6638"
"11103","1095"
"11140","1131"
"11163","304"
"11170","438"
"11234","38036"
"11263","1260"
"11298","3276"
"11317","665"
"11355","1654"
"11363","18720"
"11369","225"
"11376","1655"
"11384","21920"
"11393","703"
"11397","3244"
"11398","157"
"11427","972"
"11444","107588"
"11447","982"
"11540","222"
"11555","2411"
"11606","4646"
"11621","3491"
"11623","172"
"11632","3067"
"11658","3845"
"11662","975"
"11737","9034"
"11756","9509"
"11768","3433"
"11788","7838"
"11794","3317"
"11810","2979"
"11840","16149"
"11842","1113"
"11860","4824"
"11868","10560"
"11893","2056"
"11911","3510"
"11917","348"
"11968","963"
"11972","444"
"11974","1285"
"11985","38632"
"11986","5041"
"11995","1817"
"12041","21171"
"12066","75336"
"12101","5360"
"12131","8818"
"12133","2201"
"12153","6976"
"12164","2251"
"12178","1265"
"12194","1597"
"12313","1797"
"12401","18255"
"12402","3340"
"12405","1004"
"12428","910"
"12434","185"
"12482","816"
"12512","1592"
"12546","7761"
"12555","6835"
"12568","12525"
"12593","2301"
"12596","92828"
"12624","11114"
"12684","545"
"12686","819"
"12699","412"
"12729","5198"
"12792","9063"
"12816","275"
"12836","952"
"12846","202"
"12857","6115"
"12896","21103"
"12899","1307"
"12933","2711"
"13039","9921"
"13059","723"
"13120","8929"
"13192","3814"
"13235","295"
"13243","418"
"13286","10121"
"13372","16871"
"13375","1931"
"13432","7355"
"13446","663"
"13464","5069"
"13496","240"
"13537","541"
"13543","2283"
"13570","5808"
"13618","3191"
"13639","357"
"13652","3123"
"13658","7233"
"13698","2189"
"13731","9543"
"13760","8174"
"13798","1919"
"13821","8401"
"13841","590"
"13862","3742"
"13863","220"
"13955","5465"
"13992","33787"
"14025","20218"
"14029","137"
"14038","5409"
"14046","30793"
"14102","260"
"14112","2050"
"14134","120"
"14142","228790"
"14152","2979"
"14215","2043"
"14216","2942"
"14222","6897"
"14249","165"
"14255","359"
"14256","791"
"14305","4714"
"14465","5433"
"14516","3830"
"14534","531"
"14569","2216"
"14635","354"
"14709","1735"
"14713","1661"
"14714","214"
"14717","1208"
"14727","564"
"14738","1325"
"14739","2048"
"14757","21370"
"14763","1476"
"14820","3240"
"14843","5244"
"14864","8098"
"14881","18799"
"14890","1389"
"14894","188"
"14898","3427"
"14906","6524"
"14940","3358"
"14982","804"
"15014","450"
"15059","6303"
"15066","1064"
"15075","15240"
"15102","582"
"15108","719"
"15116","3029"
"15202","539"
"15207","472"
"15214","64832"
"15235","3016"
"15260","226"
"15262","2177"
"15272","7847"
"15315","4568"
"15335","1545"
"15349","287"
"15368","3158"
"15394","1133"
"15436","283"
"15446","10228"
"15471","1079"
"15475","472"
"15484","176"
"15491","2858"
"15502","740"
"15595","1260"
"15599","8361"
"15617","3263"
"15621","24829"
"15641","1270"
"15694","7281"
"15722","3341"
"15726","549"
"15741","3415"
"15743","270"
"15744","305"
"15765","5370"
"15813","191"
"15830","185"
"15881","1442"
"15903","1811"
"15934","9910"
"15939","1684"
"15943","1233"
"15958","8814"
"15961","118"
"15968","177"
"16133","137"
"16158","976"
"16164","4511"
"16165","2279"
"16169","1170"
"16183","268"
"16187","3481"
"16204","8545"
"16227","36"
"16236","1265"
"16247","19558"
"16258","72"
"16287","501"
"16291","850"
"16353","1501"
"16361","28861"
"16380","120"
"16411","243"
"16422","316"
"16426","291"
"16486","1451"
"16496","845"
"16500","496"
"16535","304"
"16546","6639"
"16560","379"
"16564","6258"
"16588","710"
"16607","444"
"16624","4750"
"16651","705"
"16676","3508"
"16685","17119"
"16692","207"
"16731","1160"
"16733","191"
"16747","2077"
"16796","802"
"16806","587"
"16903","1307"
"16958","931"
"16980","118"
"17066","1214"
"17067","1323"
"17075","2949"
"17095","1762"
"17172","387"
"17179","3736"
"17187","3829"
"17234","771"
"17316","258"
"17393","950"
"17399","1522"
"17407","67610"
"17412","3485"
"17430","2797"
"17448","1732"
"17491","888"
"17510","279"
"17516","3807"
"17524","1007"
"17551","779"
"17562","4171"
"17565","1066"
"17593","247"
"17598","587"
"17632","4601"
"17635","873"
"17698","9186"
"17720","1346"
"17721","523"
"17755","911"
"17847","5978"
"17852","1833"
"17862","236"
"17899","242"
"17930","217"
"17932","1484"
"17965","579"
"17998","471"
"18007","1508"
"18011","323"
"18018","1127"
"18022","439"
"18035","545"
"18043","3211"
"18061","2338"
"18077","38696"
"18086","15164"
"18087","18119"
"18124","3589"
"18133","945"
"18154","111"
"18162","401"
"18167","1758"
"18168","742"
"18185","337"
"18195","71"
"18207","3094"
"18217","959"
"18275","10831"
"18310","637"
"18327","6647"
"18330","283"
"18347","2049"
"18398","1134"
"18494","515"
"18505","8591"
"18533","805"
"18563","3042"
"18608","1456"
"18663","1973"
"18680","13059"
"18694","4237"
"18720","22160"
"18739","1814"
"18819","3750"
"18936","6715"
"18978","1410"
"19007","10343"
"19033","14533"
"19128","17755"
"19147","1087"
"19152","7995"
"19176","911"
"19193","636"
"19214","393"
"19276","12014"
"19290","985"
"19302","1103"
"19309","359"
"19319","19521"
"19373","17845"
"19387","104"
"19419","20894"
"19436","1854"
"19448","252"
"19457","58557"
"19469","913"
"19471","1163"
"19524","24517"
"19526","380"
"19565","3062"
"19567","286"
"19631","2846"
"19644","583"
"19694","4735"
"19698","7081"
"19714","3114"
"19718","3069"
"19749","392"
"19751","4574"
"19756","118"
"19778","946"
"19790","1435"
"19864","1667"
"19868","1643"
"19872","701"
"19911","70658"
"19949","4986"
"19980","1805"
"19988","17537"
"20004","11301"
"20015","3135"
"20022","7859"
"20045","5152"
"20095","2153"
"20105","37918"
"20108","8221"
"20135","16724"
"20140","14348"
"20147","7356"
"20163","682"
"20166","1987"
"20168","641"
"20187","28285"
"20201","145"
"20209","613"
"20216","35605"
"20224","2900"
"20242","3163"
"20261","1149"
"20371","2567"
"20395","306"
"20402","11555"
"20404","1089"
"20406","12614"
"20413","11994"
"20422","18434"
"20438","3398"
"20481","261"
"20497","94569"
"20521","803"
"20525","724"
"20530","3597"
"20558","5863"
"20645","5026"
"20659","195"
"20661","3014"
"20684","357"
"20693","501"
"20696","349"
"20703","19360"
"20707","1840"
"20744","87"
"20766","206"
"20787","856"
"20806","3907"
"20828","212"
"20839","5254"
"20845","812"
"20859","303"
"20871","17447"
"20872","831"
"20874","2353"
"20903","518"
"20904","9937"
"20948","7810"
"20951","1864"
"20995","773"
"21003","19103"
"21005","1740"
"21067","259"
"21073","1308"
"21114","1628"
"21137","6138"
"21177","1788"
"21205","2428"
"21225","1373"
"21237","520"
"21247","3539"
"21269","2276"
"21297","49719"
"21301","8843"
"21305","8060"
"21313","930"
"21375","674"
"21383","1223"
"21413","122246"
"21420","7865"
"21523","3889"
"21534","518"
"22651","351"
"22671","3736"
"22703","4787"
"22752","3460"
"22768","257"
"22783","7093"
"22795","11163"
"22806","2376"
"22809","9502"
"22865","592"
"22903","83218"
"22906","12730"
"22925","5466"
"22937","4694"
"22953","808"
"22972","3037"
"22985","324"
"22989","21282"
"23007","3559"
"23032","1075"
"23039","3814"
"23086","2274"
"23097","1585"
"23101","2410"
"23133","2627"
"23178","98"
"23191","301"
"23235","695"
"23294","560"
"23302","1361"
"23315","2935"
"23322","11755"
"23329","2648"
"23334","7074"
"23371","85185"
"23382","423"
"23433","2637"
"23438","18071"
"23452","38095"
"23454","1806"
"23459","13717"
"23474","218"
"23507","681"
"23519","1643"
"23521","547"
"23592","1291"
"23598","2279"
"23612","10548"
"23627","21842"
"23632","328"
"23664","3560"
"23673","1294"
"23683","1128"
"23734","27388"
"23778","22492"
"23794","1342"
"23801","1297"
"23809","163"
"23843","280"
"23850","1782"
"23862","816"
"23914","297"
"24023","460"
"24044","12043"
"24055","867"
"24084","2113"
"24112","730"
"24130","2737"
"24139","5149"
"24164","1595"
"24166","1043"
"24178","3288"
"24227","209"
"24277","4987"
"24338","1460"
"24384","4369"
"24436","2541"
"24444","23937"
"24518","354"
"24538","423"
"24543","345"
"24567","900"
"24613","778"
"24647","299"
"24657","198"
"24662","398"
"24675","297"
"24729","1378"
"24773","1397"
"24803","2822"
"24832","491"
"24863","1808"
"24908","10247"
"24923","183"
"24947","1700"
"24990","328"
"25001","516"
"25036","6136"
"25080","548"
"25088","1284"
"25100","447"
"25132","2106"
"25162","419"
"25219","1746"
"25260","819"
"25282","14820"
"25319","935"
"25444","1949"
"25472","1116"
"25473","2337"
"25475","338"
"25490","834"
"25491","145"
"25494","2854"
"25520","491"
"25530","998"
"25578","733"
"25635","1848"
"25647","340"
"25661","143"
"25689","853"
"25769","3242"
"25855","1407"
"25874","454"
"25884","2497"
"25894","660"
"25897","1769"
"25900","28252"
"25915","5068"
"25939","1167"
"25941","1401"
"25958","5492"
"25979","219"
"26027","1281"
"26047","6653"
"26062","229"
"26092","171"
"26142","8020"
"26197","985"
"26223","288"
"26226","1056"
"26242","2203"
"26272","936"
"26278","2318"
"26307","2590"
"26319","793"
"26347","3493"
"26390","2770"
"26400","211"
"26446","859"
"26459","3491"
"26469","4710"
"26486","2044"
"26531","2237"
"26560","772"
"26561","2696"
"26598","2647"
"26615","2595"
"26660","4341"
"26685","1855"
"26696","17085"
"27769","6112"
"27770","2608"
"27782","443"
"27805","24079"
"27829","12713"
"27831","796"
"27849","923"
"27862","3061"
"27885","489"
"27897","43698"
"27904","5423"
"27913","8837"
"27933","667"
"27934","9472"
"27939","7173"
"27958","2519"
"27964","695"
"27988","1830"
"29014","7478"
"29082","2907"
"29170","7866"
"29220","41692"
"29226","481"
"29251","300"
"29292","579"
"29296","1890"
"29324","683"
"29355","2789"
"29387","151"
"29388","818"
"29407","6532"
"29429","1944"
"29460","24302"
"29499","1838"
"29515","24171"
"29557","113"
"29622","2641"
"29635","3040"
"29735","2638"
"29748","443"
"29824","2985"
"29902","1446"
"29930","1950"
"29936","176"
"29937","361"
"29974","1256"
"29982","63837"
"29992","2171"
"30002","181"
"30046","7615"
"30096","6406"
"30133","1656"
"30135","5170"
"30203","5436"
"30289","1490"
"30320","5526"
"30323","23821"
"30329","157"
"30330","2657"
"30336","626"
"30362","20099"
"30365","4140"
"30431","3065"
"30471","1348"
"30499","634"
"30508","337"
"30519","2889"
"30527","471"
"30575","8325"
"30694","4615"
"30697","5611"
"30701","355"
"30743","2149"
"30782","2928"
"30818","1491"
"30833","707"
"30893","373"
"30898","724"
"30919","1620"
"30940","14612"
"30949","517"
"30998","1313"
"31001","2567"
"31027","1441"
"31043","240"
"31065","1644"
"31100","514"
"31122","2798"
"31162","339"
"31183","3633"
"31204","6057"
"31247","2071"
"31248","2511"
"31289","1516"
"31315","1923"
"31337","1555"
"31368","1181"
"31370","4605"
"31388","1204"
"31404","702"
"31460","1484"
"31511","1747"
"31549","2198"
"31560","14149"
"31573","793"
"31576","4705"
"31606","18994"
"31636","2103"
"31637","3193"
"31653","3276"
"31683","690"
"31696","914"
"31705","3728"
"31813","1925"
"31826","5229"
"31843","1159"
"31872","240"
"31933","1765"
"31975","4747"
"32012","1260"
"32036","16277"
"32047","676"
"32063","278"
"32105","162"
"32123","2541"
"32143","2772"
"32171","916"
"32185","275"
"32236","10559"
"32268","4785"
"32285","7735"
"32288","8105"
"32334","10438"
"32345","4023"
"32347","15009"
"32353","316"
"32372","2497"
"32451","2347"
"32510","2306"
"32521","247"
"32526","1127"
"32529","710"
"32532","312"
"32568","649"
"32574","6933"
"32595","198"
"32616","17018"
"32640","195"
"32641","137"
"32645","41548"
"32672","1814"
"32677","1333"
"32719","1410"
"32730","583"
"32761","10886"
"32805","1379"
"32837","281"
"32902","2486"
"32953","1775"
"32964","1327"
"32987","2008"
"33006","3467"
"33020","484"
"33050","5863"
"33064","9225"
"33104","5024"
"33114","183"
"33142","3635"
"33148","4777"
"33161","2493"
"33189","286"
"33212","492"
"33257","23985"
"33273","1379"
"33293","3219"
"33294","217"
"33308","4648"
"33314","1696"
"33343","2164"
"33352","536"
"33410","25336"
"33428","13566"
"33456","971"
"33459","3150"
"33460","1540"
"33491","5711"
"33507","3583"
"33559","136"
"33565","10152"
"33585","23510"
"33603","1839"
"33604","4238"
"33627","3987"
"33637","580"
"33641","181"
"33648","539"
"33663","843"
"33698","3025"
"33722","799"
"33811","42417"
"33822","142"
"33830","1782"
"33834","2554"
"33844","649"
"33871","2536"
"33900","66839"
"33909","6216"
"33950","840"
"33990","691"
"34003","3410"
"34022","1526"
"34039","3229"
"34042","3324"
"34130","3032"
"34142","5378"
"34159","719"
"34205","388"
"34207","197"
"34241","243"
"34255","161"
"34271","25809"
"34282","186"
"34298","48636"
"34326","2612"
"34337","526"
"34339","927"
"34343","2733"
"34350","234"
"34368","364"
"34397","3216"
"34419","37183"
"34440","4468"
"34519","425"
"34542","1176"
"34577","1028"
"34599","2012"
"34661","1467"
"34674","1732"
"34687","2616"
"34698","1572"
"34707","4042"
"34718","960"
"34782","8341"
"34810","284"
"34871","981"
"34904","1642"
"34913","7311"
"34952","842"
"34955","6518"
"34961","2113"
"34962","605"
"34965","283"
"34988","166"
"34992","1831"
"35015","9068"
"35053","6516"
"35089","374"
"35144","851"
"35222","1103"
"35239","186"
"35254","2036"
"35261","217"
"35264","4557"
"35307","6456"
"35387","10176"
"35441","2063"
"35450","3225"
"35492","101118"
"35495","9566"
"35542","780"
"35556","1612"
"35571","10251"
"35572","646"
"35611","1473"
"35635","15403"
"35704","1997"
"35720","1936"
"35735","1183"
"35741","3509"
"35756","645"
"35776","2821"
"35791","2619"
"35831","1678"
"35880","8928"
"35891","1457"
"35924","802"
"35977","12599"
"35998","2343"
"36001","3497"
"36047","502"
"36073","177"
"36117","11153"
"36128","12785"
"36143","257"
"36156","247"
"36158","1516"
"36172","15139"
"36263","27682"
"36267","1418"
"36272","12492"
"36313","1113"
"36331","6693"
"36355","427"
"36363","10324"
"36406","1900"
"36418","1203"
"36427","4248"
"36458","5874"
"36462","3122"
"36468","23549"
"36517","873"
"36580","1643"
"36598","812"
"36609","3042"
"36618","2034"
"36629","17402"
"36671","23723"
"36726","238"
"36735","333"
"36754","10354"
"36774","353"
"36804","184"
"36807","598"
"36831","875"
"36873","41274"
"36909","1011"
"36948","192"
"36986","15532"
"37036","3999"
"37049","244"
"37121","2418"
"37147","1094"
"37165","374"
"37169","220"
"37175","1957"
"37183","760"
"37196","3998"
"37208","1341"
"37243","1772"
"37246","185"
"37270","638"
"37327","1179"
"37338","2531"
"37380","787"
"37383","31939"
"37388","52588"
"37417","2348"
"37457","230"
"37472","1104"
"37481","24436"
"37505","191"
"37519","11202"
"37559","1195"
"37568","914"
"37577","2563"
"37588","14525"
"37639","136"
"37676","1081"
"37724","632"
"37734","5031"
"37820","119"
"37855","2063"
"37861","324"
"37864","251"
"37871","2157"
"37875","503"
"37893","5703"
"37934","239"
"37949","831"
"37989","547"
"38001","10771"
"38037","2082"
"38051","1809"
"38062","1431"
"38071","2585"
"38074","4901"
"38112","322"
"38119","2737"
"38134","6992"
"38147","93"
"38149","7765"
"38150","1937"
"38156","7238"
"38241","20173"
"38245","90"
"38247","1225"
"38250","1186"
"38321","1602"
"38331","435"
"38501","1689"
"38502","1491"
"38504","294"
"38546","2021"
"38567","222"
"38629","3768"
"38644","4069"
"38655","6873"
"38660","130"
"38708","427"
"38715","929"
"38890","6961"
"38899","5323"
"38925","1503"
"38942","8660"
"38960","1452"
"38972","166"
"38990","248"
"39014","935"
"39051","2609"
"39055","838"
"39077","12404"
"39087","150"
"39097","4795"
"39101","8731"
"39122","4693"
"39165","871"
"39205","11606"
"39271","472"
"39285","1763"
"39297","608"
"39440","19379"
"39520","1843"
"39524","5256"
"39530","2748"
"39540","1664"
"39547","1017"
"39555","233"
"39585","233"
"39662","939"
"39692","7031"
"39696","4907"
"39711","2691"
"39729","1570"
"39762","2218"
"39775","2448"
"39801","6333"
"39833","31061"
"39857","4340"
"39882","2212"
"39892","167"
"39893","1756"
"39913","2803"
"39925","13882"
"39930","11703"
"39933","4214"
"39990","8701"
"40023","1053"
"40085","670"
"40127","1892"
"40154","714"
"40182","139"
"40185","1314"
"40227","5127"
"40255","1640"
"40274","1288"
"40289","678"
"40291","74495"
"40298","9802"
"40336","1941"
"40392","162"
"40395","1795"
"40396","2696"
"40416","235"
"40482","538"
"40534","9116"
"40562","1030"
"40594","181"
"40616","1518"
"40655","8688"
"40720","2050"
"40808","176"
"40849","1042"
"40861","1755"
"40869","1115"
"40992","82"
"40995","1102"
"41010","2484"
"41058","1095"
"41122","9417"
"41139","6161"
"41160","11703"
"41230","16874"
"41239","2202"
"41333","942"
"41343","113"
"41350","962"
"41364","3191"
"41393","132"
"41459","230"
"41478","234"
"41502","1668"
"41539","5237"
"41605","2727"
"41685","391"
"41688","443"
"41708","370"
"41716","786"
"41783","774"
"41810","472"
"41905","143"
"41913","6030"
"41918","1560"
"41943","248"
"41966","6239"
"41988","132317"
"42014","356"
"42020","2562"
"42035","4773"
"42071","284"
"42091","2889"
"42092","5328"
"42093","5713"
"42101","1379"
"42103","2101"
"42168","2574"
"42171","445"
"42191","76"
"42209","656"
"42229","559"
"42278","199"
"42289","9565"
"42314","2029"
"42334","5638"
"42369","16152"
"42383","17359"
"42397","1640"
"42406","5289"
"42417","267"
"42455","1215"
"42462","8174"
"42466","33974"
"42469","1786"
"42476","14256"
"42500","4010"
"42509","227"
"42601","527"
"42618","25255"
"42621","8121"
"42626","3059"
"42629","167"
"42663","12045"
"42782","334"
"42801","290"
"42802","767"
"42897","1069"
"42912","318"
"43008","184"
"43063","540"
"43083","4594"
"43255","348"
"43284","1569"
"43287","8957"
"43294","16788"
"43370","284008"
"43373","26090"
"43411","203"
"43450","244"
"43454","185"
"43503","15698"
"43522","351"
"43529","16028"
"43537","969"
"43539","744"
"43546","949"
"43574","29331"
"43615","3068"
"43649","325"
"43658","150"
"43669","2850"
"43692","3880"
"43707","314"
"43737","317"
"43740","4258"
"43750","382"
"43780","8721"
"43791","459"
"43794","825"
"43807","1907"
"43837","446"
"43856","2378"
"43921","5016"
"43926","43317"
"44018","822"
"44033","330"
"44043","218"
"44131","5389"
"44149","605"
"44151","22687"
"44181","6442"
"44186","4820"
"44190","1413"
"44210","20154"
"44214","33063"
"44247","721"
"44275","3470"
"44315","205"
"44335","2447"
"44337","622"
"44345","8304"
"44382","591"
"44419","1676"
"44489","3998"
"44532","24570"
"44543","368"
"44596","2863"
"44620","170"
"44644","1823"
"44668","834"
"44705","5084"
"44716","14517"
"44801","3231"
"44843","5439"
"44849","8444"
"44881","16284"
"44980","6192"
"44987","10910"
"44997","336"
"45049","108"
"45074","5647"
"45093","318"
"45097","476"
"45156","3655"
"45184","1839"
"45254","3236"
"45311","2490"
"45326","2437"
"45328","381"
"45375","712"
"45380","620"
"45410","6595"
"45490","1716"
"45509","35947"
"45527","431"
"45552","339"
"45561","1141"
"45578","1824"
"45593","3605"
"45660","563"
"45680","179"
"45687","14728"
"45695","1860"
"45712","18773"
"45723","812"
"45738","1003"
"45750","4671"
"45776","114"
"45794","8828"
"45808","482"
"45831","38860"
"45834","621"
"45849","2985"
"45871","246"
"45892","207"
"45919","168"
"45928","8323"
"45986","445"
"45999","539"
"46003","816"
"46004","1238"
"46020","24981"
"46021","12732"
"46070","1147"
"46080","11476"
"46092","4639"
"46095","1347"
"46099","3937"
"46108","671"
"46112","4010"
"46124","2483"
"46125","2217"
"46164","8524"
"46199","3721"
"46212","5390"
"46268","4974"
"46289","1867"
"46293","406"
"46340","3707"
"46344","3253"
"46348","1673"
"46353","89828"
"46369","469"
"46395","579"
"46438","1696"
"46477","940"
"46484","1370"
"46525","201"
"46540","1718"
"46563","124"
"46583","252"
"46608","407"
"46652","1522"
"46683","281"
"46696","342"
"46704","1877"
"46746","565"
"46764","141"
"46793","762"
"46807","1963"
"46818","869"
"46836","8229"
"46849","3808"
"46900","651"
"46907","120"
"46941","574"
"46953","715"
"46957","1989"
"46966","1451"
"46973","953"
"46984","1164"
"46993","2003"
"46997","17754"
"47027","753"
"47043","623"
"47070","2722"
"47152","8269"
"47153","4656"
"47182","472"
"47185","325"
"47191","1278"
"47192","1929"
"47198","4303"
"47224","620"
"47232","2107"
"47261","159"
"47279","2538"
"47334","1173"
"47341","8263"
"47376","367"
"47400","11261"
"47401","1696"
"47433","1202"
"47467","2049"
"47489","10718"
"47490","2474"
"47509","255"
"47555","153"
"47617","386"
"47618","16608"
"47638","2914"
"47641","31805"
"47652","57"
"47658","2289"
"47671","174"
"47692","336"
"47742","2179"
"47762","2067"
"47789","303"
"47809","2217"
"47821","633"
"47887","77"
"47890","14443"
"48040","258"
"48053","310"
"48058","3566"
"48092","2790"
"48110","6418"
"48117","2486"
"48139","10233"
"48154","505"
"48158","339"
"48187","17128"
"48206","2138"
"48226","979"
"48249","8917"
"48257","1400"
"48270","2054"
"48302","6972"
"48354","1162"
"48378","8809"
"48391","1214"
"48396","1759"
"48411","279"
"48422","2009"
"48438","176"
"48539","815"
"48543","12160"
"48580","824"
"48601","634"
"48607","1003"
"48667","1132"
"48705","1521"
"48714","2457"
"48735","195"
"48754","1449"
"48774","1309"
"48826","111"
"48927","1805"
"48980","10853"
"48988","214"
"49016","322"
"49048","1065"
"49056","4731"
"49080","146"
"49086","318"
"49097","1535"
"49107","230"
"49163","407"
"49184","392"
"49205","4396"
"49206","145"
"49228","446"
"49260","2600"
"49274","1350"
"49305","1010"
"49332","2743"
"49354","227"
"49356","8672"
"49441","1398"
"49442","7657"
"49515","81"
"49550","2005"
"49581","381"
"49638","62"
"49647","103"
"49682","2049"
"49695","1325"
"49699","24069"
"49718","3757"
"49761","292"
"49771","177"
"49823","529"
"49851","778"
"49859","780"
"50893","550"
"50895","245"
"50913","300"
"50925","1330"
"50970","4272"
"51010","15254"
"51017","1323"
"51039","3049"
"51056","1583"
"51069","31083"
"51083","305"
"51182","3581"
"51195","3287"
"51203","7301"
"51207","139"
"51256","3454"
"51306","5057"
"51309","190"
"51343","1433"
"51344","247"
"51361","436"
"51366","3943"
"51369","272"
"51413","2866"
"51425","5987"
"51476","123"
"51479","1006"
"51554","211"
"51579","1883"
"51587","4601"
"51614","624"
"51657","857"
"51675","122"
"51676","344"
"51755","2299"
"51784","166"
"51822","218"
"51827","549"
"51843","228"
"51860","2222"
"51882","4151"
"51936","1521"
"51979","5701"
"51994","13130"
"52000","201"
"52080","264"
"52136","876"
"52149","866"
"52158","2172"
"52186","3811"
"52193","702"
"52199","281"
"52262","3915"
"52271","127"
"52278","609"
"52296","1281"
"52372","142"
"52436","2962"
"52447","11813"
"52506","3501"
"52512","1533"
"52527","953"
"52574","2065"
"52643","24069"
"52658","617"
"52666","14382"
"52667","121"
"52689","276"
"52699","2307"
"52704","4026"
"52728","4796"
"52735","128"
"52742","511"
"52754","1662"
"52804","885"
"52828","2569"
"52856","6912"
"52862","56"
"52863","5730"
"52870","3764"
"52879","734"
"52887","502"
"52920","3286"
"52980","90510"
"53014","284"
"53027","155"
"53029","562"
"53041","1159"
"53047","1372"
"53065","2398"
"53087","2845"
"53104","32495"
"53162","876"
"53166","1036"
"53173","218"
"53265","321"
"53288","1465"
"53305","4775"
"53359","11359"
"53374","297"
"53417","333"
"53440","4859"
"53448","2624"
"53474","14734"
"53528","712"
"53538","798"
"53573","11124"
"53596","38336"
"53630","14369"
"53699","5471"
"53753","9850"
"53773","6602"
"53791","172"
"53841","71"
"53847","777"
"53864","203"
"53867","3066"
"53895","712"
"53922","3074"
"53929","436"
"53954","908"
"53974","436"
"53978","461"
"54007","678"
"54009","1530"
"54027","935"
"54055","4585"
"54091","80"
"54099","2415"
"54163","366"
"54190","457"
"54244","159"
"54324","6618"
"54325","334"
"54343","2804"
"54418","125"
"54454","3977"
"54480","3022"
"54501","3033"
"54512","1218"
"54547","195"
"54572","20388"
"54580","4292"
"54590","2172"
"54599","4144"
"54630","1817"
"54669","1607"
"54672","321"
"54706","14871"
"54732","4634"
"54734","14596"
"54744","1181"
"54758","316"
"54770","8516"
"54831","111"
"54850","411"
"54852","2414"
"54857","320"
"54865","2566"
"54929","140"
"54952","144"
"54967","329"
"54986","223"
"55043","246"
"55061","35045"
"55075","27889"
"55076","56332"
"55083","7372"
"55086","1895"
"55104","489"
"55105","33"
"55119","23208"
"55138","3567"
"55139","27214"
"55179","431"
"55180","1593"
"55181","1367"
"55185","198"
"55190","684"
"55191","373"
"55197","5170"
"55205","2313"
"55244","294"
"55249","33759"
"55270","1068"
"55272","647"
"55283","10577"
"55300","4672"
"55313","1388"
"55342","388"
"55354","324"
"55357","984"
"55371","814"
"55380","167"
"55381","2965"
"55387","100"
"55419","2105"
"55456","244"
"55460","197"
"55467","496"
"55469","82"
"55470","273"
"55514","83"
"55525","3391"
"55562","180"
"55580","1130"
"55613","1021"
"55615","2358"
"55618","253"
"55673","44"
"55703","2385"
"55711","1165"
"55712","7139"
"55718","695"
"55792","206"
"55862","360"
"55876","4829"
"55971","1444"
"55982","2533"
"55990","400"
"56010","139"
"56016","260"
"56031","135"
"56056","584"
"56069","7276"
"56126","239"
"56155","163"
"56190","362"
"56201","570"
"56265","8772"
"56302","1601"
"56347","1254"
"56366","1181"
"56369","253"
"56399","1333"
"56401","1359"
"56405","344"
"56408","2203"
"56417","53"
"56423","1430"
"56516","179"
"56551","374"
"56555","1521"
"56568","27633"
"56609","2047"
"56627","175"
"56681","133"
"56693","540"
"56769","230"
"56772","163"
"56777","2287"
"56804","451"
"56809","5458"
"56822","316"
"56825","1409"
"56851","852"
"56852","199"
"56870","179"
"56886","1911"
"56895","559"
"56930","272"
"56978","7335"
"57040","436"
"57055","938"
"57078","344"
"57087","16615"
"57115","4999"
"57128","676"
"57143","16073"
"57151","784"
"57182","2498"
"57203","331"
"57241","720"
"57252","1670"
"57268","15113"
"57302","355"
"57319","1153"
"57337","726"
"57349","330"
"57363","308"
"57378","3601"
"57384","6718"
"57386","380"
"57397","1918"
"57406","3178"
"57427","983"
"57435","361"
"57504","7474"
"57509","149"
"57527","7276"
"57556","4203"
"57615","5158"
"57644","101"
"57666","1886"
"57688","207"
"57706","103"
"57715","540"
"57722","500"
"57734","1030"
"57747","80"
"57754","556"
"57758","3551"
"57775","1392"
"57776","2863"
"57810","677"
"57819","76"
"57837","940"
"57888","174"
"57896","253"
"57901","1186"
"57933","621"
"57950","14546"
"57965","1658"
"58027","498"
"58048","1421"
"58054","1323"
"58107","618"
"58115","286"
"58141","112"
"58147","2244"
"58155","1837"
"58169","590"
"58174","108"
"58187","4489"
"58207","387"
"58208","2944"
"58245","1529"
"58369","4831"
"58385","3780"
"58387","2289"
"58388","862"
"58458","572"
"58500","540"
"58511","381"
"58549","95"
"58570","347"
"58585","2167"
"58586","316"
"58597","1480"
"58612","211"
"58617","673"
"58619","202"
"58626","1427"
"58634","140"
"58682","1406"
"58693","338"
"58696","3633"
"58697","284"
"58702","953"
"58719","2013"
"58755","5378"
"58763","1400"
"58771","3426"
"58775","85"
"58793","994"
"58838","1553"
"58899","1567"
"58937","634"
"58947","652"
"58950","1075"
"59042","381"
"59076","1962"
"59101","318"
"59126","10783"
"59188","15639"
"59217","2888"
"59220","11705"
"59233","327"
"59307","1574"
"59320","840"
"59323","120"
"59383","2002"
"59407","956"
"59411","26282"
"59434","1496"
"59452","1644"
"59458","1148"
"59469","309"
"59470","13418"
"59499","258"
"59500","971"
"59517","1703"
"59551","1218"
"59574","1129"
"60617","1124"
"60630","37041"
"60638","390"
"60639","155"
"60657","6413"
"60662","4599"
"60730","199"
"60763","2460"
"60794","135"
"60815","595"
"60826","4107"
"60857","2750"
"60867","3856"
"60877","556"
"60892","357"
"60919","424"
"60959","75"
"61043","175"
"61049","244"
"61053","276"
"61061","954"
"61094","11394"
"61110","6255"
"61123","4977"
"61173","580"
"61177","633"
"61190","4311"
"61198","4126"
"61210","1207"
"61279","4830"
"61325","497"
"61386","1840"
"61395","404"
"61409","331"
"61446","961"
"61479","195"
"61535","715"
"61556","1422"
"61580","2472"
"61601","2163"
"61613","1494"
"61647","360"
"61649","6670"
"61666","241"
"61839","885"
"61890","248"
"61897","446"
"61900","360"
"61966","1180"
"61967","496"
"61984","1638"
"62046","206"
"62047","84"
"62056","364"
"62080","5373"
"62147","2433"
"62183","329"
"62190","1198"
"62212","2100"
"62260","106"
"62268","6580"
"62276","1419"
"62351","2093"
"62376","6958"
"62386","460"
"62409","213"
"62413","853"
"62414","828"
"62420","303"
"62441","124"
"62464","227"
"62483","121"
"62500","211"
"62517","182"
"62521","185"
"62589","164"
"62590","4673"
"62600","9705"
"62613","78"
"62644","173"
"62686","2093"
"62708","69"
"62731","198"
"62769","20409"
"62802","366"
"62835","15436"
"62930","912"
"62940","1324"
"63003","990"
"63036","274"
"63046","1238"
"63097","51872"
"63130","319"
"63139","105"
"63177","1280"
"63179","2741"
"63181","382"
"63191","418"
"63215","1038"
"63218","878"
"63219","665"
"63315","3913"
"63396","420"
"63416","4660"
"63431","1053"
"63432","1206"
"63493","113"
"63500","428"
"63561","805"
"63593","671"
"63617","72"
"63634","1165"
"63727","174"
"63734","181"
"63800","365"
"63821","9828"
"63867","7693"
"63881","18040"
"63905","2552"
"63907","131"
"63920","76"
"63942","118"
"63944","159"
"63946","952"
"63952","1450"
"64029","1564"
"64040","781"
"64052","235758"
"64054","594"
"64055","7462"
"64080","975"
"64094","3510"
"64111","1002"
"64125","2795"
"64146","710"
"64161","141"
"64182","1420"
"64186","2366"
"64188","3220"
"64191","89"
"64211","10819"
"64215","6497"
"64282","425"
"64286","1696"
"64334","197"
"64339","200"
"64341","460"
"64410","1656"
"64422","3548"
"64437","107"
"64443","11150"
"64458","5946"
"64494","835"
"64529","2589"
"64562","1283"
"64624","402"
"64638","35"
"64660","331"
"64690","91"
"64722","285"
"64740","544"
"64754","120"
"64773","852"
"64884","24671"
"64915","9846"
"64920","1036"
"64931","5058"
"64937","2409"
"64968","1948"
"64979","5924"
"64983","572"
"64989","2936"
"65021","494"
"65083","117"
"65097","7056"
"65104","2122"
"65122","1409"
"65136","164"
"65142","46975"
"65153","39303"
"65184","2044"
"65186","3340"
"65299","9480"
"65319","168"
"65396","761"
"65403","1483"
"65459","13156"
"65461","865"
"65463","679"
"65494","381"
"65516","882"
"65522","568"
"65526","29887"
"65537","267"
"65544","193"
"65545","1550"
"65586","1186"
"65591","472"
"65625","7840"
"65639","1466"
"65731","214"
"65761","174"
"65769","1372"
"65793","7659"
"65803","431"
"65815","581"
"65824","257"
"65836","3680"
"65869","2058"
"65871","704"
"65872","2108"
"65885","1853"
"65901","932"
"65912","189"
"65917","3678"
"65918","497"
"65930","480"
"65975","174"
"66000","803"
"66003","427"
"66016","186"
"66019","458"
"66026","2894"
"66051","3202"
"66071","11985"
"66076","1614"
"66098","388"
"66142","225"
"66159","1705"
"66166","154"
"66217","3958"
"66225","2857"
"66251","290"
"66252","8109"
"66272","5175"
"66283","572"
"66310","9278"
"66318","3907"
"66361","192"
"66376","249"
"66436","2943"
"66446","344"
"66466","631"
"66472","234"
"66475","6618"
"66508","1200"
"66510","4449"
"66523","9667"
"66533","423"
"66559","281"
"66592","17312"
"66632","166"
"66639","1947"
"66653","1765"
"66675","1254"
"66688","20073"
"66798","597"
"66825","441"
"66883","2224"
"66908","153"
"66946","265"
"66949","4890"
"66963","864"
"67011","1095"
"67075","5371"
"67092","893"
"67093","1631"
"67145","172"
"67168","406"
"67184","144"
"67205","5349"
"67346","796"
"67349","432"
"67452","777"
"67474","707"
"67514","1837"
"67539","1595"
"67596","5267"
"67608","2272"
"67630","24473"
"67646","255"
"67695","1873"
"67700","104"
"67707","934"
"67710","1551"
"67712","81698"
"67727","689"
"67730","275"
"67735","2740"
"67767","2215"
"67790","47180"
"67834","204"
"67835","5115"
"67892","547"
"67907","1672"
"67939","385"
"67942","1214"
"67968","239"
"68059","90"
"68063","536"
"68122","151443"
"68123","22885"
"68139","10320"
"68142","2087"
"68158","9689"
"68168","68651"
"68171","1118"
"68190","634"
"68214","6996"
"68216","2174"
"68221","244"
"68227","4113"
"68234","342"
"68239","1083"
"68240","610"
"68243","874"
"68245","315"
"68248","129"
"68261","238"
"68266","676"
"68272","1037"
"68296","983"
"68304","8240"
"68317","248"
"68325","11353"
"68327","5294"
"68345","3543"
"68347","3095"
"68353","232"
"68405","28559"
"68408","3488"
"68437","2018"
"68442","30986"
"68459","1537"
"68478","2175"
"68500","196"
"68506","1106"
"68539","1355"
"68566","6264"
"68580","1602"
"68600","131"
"68624","1115"
"68631","166"
"68670","693"
"68671","260"
"68699","228"
"68740","6595"
"68748","8941"
"68780","359"
"68783","79"
"68785","168"
"68794","1609"
"68807","179"
"68818","8142"
"68827","1020"
"68847","877"
"68877","3466"
"68890","1360"
"68892","2517"
"68918","12110"
"68956","1084"
"68972","723"
"68975","12405"
"69002","1445"
"69025","160"
"69037","922"
"69074","1101"
"69092","259"
"69107","1682"
"69239","850"
"69273","503"
"69288","2800"
"69289","2749"
"69290","84003"
"69333","2195"
"69340","161"
"69356","277"
"69362","231"
"69392","767"
"69398","816"
"69432","283"
"69453","377"
"69459","3862"
"70463","765"
"70467","125"
"70477","240"
"70550","439"
"70571","3256"
"70579","16408"
"70601","1663"
"70605","495"
"70632","898"
"70684","162"
"70695","339"
"70756","5981"
"70776","1697"
"70818","1196"
"70848","237"
"70863","863"
"70894","353"
"70900","6596"
"70914","645"
"70933","190"
"70940","16068"
"70963","239"
"70982","705"
"71003","292"
"71023","2745"
"71031","140"
"71046","1174"
"71134","5468"
"71169","10214"
"71181","4728"
"71250","1884"
"71252","864"
"71334","122"
"71356","3954"
"71389","2728"
"71402","2416"
"71410","139"
"71427","707"
"71449","941"
"71503","225"
"71573","1637"
"71619","13702"
"71665","485"
"71684","388"
"71689","303"
"71696","1374"
"71728","624"
"71748","213"
"71761","7116"
"71816","474"
"71843","8052"
"71867","8731"
"71891","618"
"71925","280"
"71957","422"
"71979","2325"
"71986","1277"
"72039","9597"
"72041","263"
"72043","1093"
"72050","3041"
"72117","217"
"72125","1377"
"72146","1057"
"72163","669"
"72182","1418"
"72217","312"
"72237","1030"
"72304","218"
"72317","2189"
"72319","383"
"72327","222"
"72338","2467"
"72339","885"
"72365","166"
"72385","295"
"72401","201"
"72402","82"
"72407","210"
"72457","532"
"72486","296"
"72501","379"
"72510","1558"
"72535","5870"
"72551","156"
"72557","1542"
"72582","740"
"72589","72263"
"72606","96"
"72647","5458"
"72650","2534"
"72653","18355"
"72656","12295"
"72698","84"
"72755","14804"
"72765","200"
"72766","2383"
"72783","504"
"72792","5965"
"72855","149"
"72875","427"
"72914","7335"
"72935","312"
"72999","1262"
"73031","1669"
"73059","1561"
"73090","5269"
"73136","5471"
"73145","1267"
"73147","18219"
"73158","259"
"73185","736"
"73204","1276"
"73214","1059"
"73217","95"
"73223","1055"
"73276","4779"
"73331","5530"
"73338","1040"
"73344","37894"
"73369","88228"
"73406","923"
"73417","2038"
"73433","99"
"73445","398"
"73451","7574"
"73469","5654"
"73476","45085"
"73479","45352"
"73492","1636"
"73536","1577"
"73584","17998"
"73652","2036"
"73678","207"
"73689","20163"
"73701","1414"
"73717","398"
"73718","8071"
"73744","1044"
"73750","2179"
"73756","290"
"73759","684"
"73792","2195"
"73834","818"
"73861","4527"
"73878","7210"
"73911","111"
"73926","214"
"73929","223"
"73941","223"
"73956","668"
"73970","210"
"73980","212"
"73998","841"
"74058","2330"
"74060","443"
"74106","1005"
"74153","2338"
"74159","395"
"74169","1193"
"74201","706"
"74209","4486"
"74216","203"
"74254","12807"
"74259","287"
"74296","163"
"74341","302"
"74346","6146"
"74353","4790"
"74360","4862"
"74382","1974"
"74429","198"
"74480","275"
"74484","352"
"74487","10591"
"74520","1292"
"74547","4383"
"74586","2649"
"74595","1314"
"74613","112"
"74656","18887"
"74674","560"
"74695","3879"
"74725","2229"
"75735","2121"
"75790","2011"
"75798","220"
"75814","8842"
"75848","117"
"75867","321"
"75924","495"
"75938","352"
"75942","879"
"75956","811"
"75958","19504"
"75996","1505"
"75997","1155"
"76014","882"
"76060","923"
"76065","1189"
"76070","36446"
"76101","224"
"76114","528"
"76167","244"
"76184","1841"
"76373","770"
"76413","496"
"76486","430"
"76492","2055"
"76535","278"
"76544","453"
"76577","251"
"76588","2953"
"76610","907"
"76670","196"
"76680","14281"
"76693","8671"
"76715","164"
"76779","999"
"76804","639"
"76816","6096"
"76842","136"
"76845","10483"
"76873","522"
"76895","491"
"76903","270"
"76914","489"
"76951","2498"
"76999","545"
"77020","301"
"77031","172"
"77039","11687"
"77112","13829"
"77122","824"
"77127","1438"
"77147","2676"
"77156","372"
"77166","126"
"77177","1117"
"77193","69"
"77204","178"
"77230","481"
"77241","27727"
"77320","1228"
"77336","4064"
"77366","215"
"77371","477"
"77420","11295"
"77428","1211"
"77439","293"
"77445","1125"
"77488","972"
"77495","2570"
"77507","837"
"77515","324"
"77522","7329"
"77532","2677"
"77549","6636"
"77554","485"
"77591","973"
"77600","1302"
"78634","6152"
"78733","4161"
"78744","699"
"78817","3507"
"78860","1028"
"78888","842"
"78907","644"
"78940","497"
"78960","1525"
"78998","151"
"79054","14671"
"79072","637"
"79088","2928"
"79098","117"
"79107","904"
"79118","1546"
"79161","16279"
"79172","372"
"79230","187"
"79253","242"
"79274","351"
"79317","432"
"79378","329"
"79423","186"
"79427","61"
"79438","5292"
"79456","4767"
"79479","565"
"79492","986"
"79506","619"
"79550","1486"
"79566","724"
"79573","815"
"79583","41581"
"79591","4157"
"79611","278"
"79665","291"
"79671","171"
"79684","1612"
"79702","753"
"79744","662"
"79760","558"
"79852","463"
"79875","196"
"79897","467"
"79904","121"
"79921","255"
"79925","1298"
"79943","109"
"79976","194"
"79997","1246"
"80003","199"
"80005","692"
"80010","1535"
"80029","227"
"80084","169"
"80089","16620"
"80098","1022"
"80157","2914"
"80170","2979"
"80197","1219"
"80210","21233"
"80217","7974"
"80222","698"
"80233","655"
"80235","310"
"80251","108"
"80254","1218"
"80267","829"
"80280","122"
"80304","135"
"80351","330"
"80360","10528"
"80393","185"
"80441","461"
"80454","7281"
"80484","2997"
"80540","296"
"80608","1803"
"80624","747"
"80627","589"
"80655","1929"
"80685","257"
"80699","464"
"80715","186"
"80729","850"
"80748","157"
"80786","157"
"80791","168"
"80797","4872"
"80803","4832"
"80814","288"
"80905","2413"
"80929","188"
"80989","2697"
"80998","289"
"81004","6972"
"81026","559"
"81032","220"
"81101","881"
"81106","3252"
"81152","539"
"81186","628"
"81202","1175"
"81215","345"
"81218","80"
"81235","1766"
"81250","662"
"81285","969"
"81305","1855"
"81316","1076"
"81427","1782"
"81435","1490"
"81478","1183"
"81501","1102"
"81507","1210"
"81525","2962"
"81578","2332"
"81614","219"
"81658","117"
"81726","203"
"81758","588"
"81824","34663"
"81826","235"
"81832","1546"
"81845","1564"
"81867","446"
"81929","2963"
"81956","231"
"81962","72"
"81980","58"
"82029","151"
"82071","337"
"82080","825"
"82083","7382"
"82129","6836"
"82173","1389"
"82189","139"
"82212","1992"
"82235","3221"
"82249","1099"
"82262","9140"
"82264","694"
"82280","114"
"82285","1592"
"82330","2218"
"82346","146"
"82359","1636"
"82413","439"
"82437","126"
"82562","10931"
"82568","211"
"82575","326"
"82596","7790"
"82630","35"
"82652","2304"
"82677","107"
"82700","913"
"82722","769"
"82771","506"
"82787","7756"
"82869","441"
"82879","3037"
"82917","188"
"82932","2520"
"82941","273"
"82976","168"
"82997","1086"
"83000","9464"
"83001","5248"
"83029","365"
"83054","21"
"83068","2311"
"83089","2448"
"83097","709"
"83099","4413"
"83138","900"
"83142","627"
"83147","4864"
"83150","744"
"83166","497"
"83171","10832"
"83185","249"
"83214","4112"
"83222","785"
"83231","22584"
"83239","647"
"83263","1639"
"83327","54"
"83331","1875"
"83356","11177"
"83361","880"
"83365","126"
"83385","489"
"83402","1658"
"83403","110"
"83407","1921"
"83436","155"
"83440","278"
"83469","302"
"83478","1850"
"83503","622"
"83518","231"
"83531","795"
"83549","150"
"83624","4762"
"83631","980"
"83667","9783"
"83748","163"
"83764","836"
"83772","48"
"83776","7793"
"83783","432"
"83800","509"
"83805","494"
"83815","111"
"83843","1568"
"83862","107"
"83898","765"
"83935","90"
"83937","2718"
"83948","136"
"83961","459"
"83980","3011"
"84058","129"
"84060","290"
"84082","7039"
"84093","409"
"84096","171"
"84128","2131"
"84162","2198"
"84172","194"
"84205","984"
"84209","1068"
"84214","82"
"84240","224"
"84276","2809"
"84349","237"
"84377","9705"
"84384","909"
"84403","557"
"84410","217"
"84422","762"
"84443","1514"
"84461","432"
"84465","6839"
"84468","193"
"84507","1514"
"84509","132"
"84518","412"
"84525","441"
"84529","238"
"84540","29556"
"84623","459"
"84673","1457"
"84681","1494"
"84704","1230"
"84733","187"
"84747","82"
"84779","4188"
"84781","167"
"84810","27432"
"84824","5223"
"84827","384"
"84839","1434"
"84851","175"
"84921","6079"
"84923","337"
"84924","91"
"84934","807"
"84993","1271"
"85066","238"
"85149","35606"
"85158","3809"
"85162","551"
"85167","1748"
"85214","228"
"85223","446"
"85228","1866"
"85251","412"
"85275","3614"
"85295","5484"
"85298","493"
"85319","486"
"85406","551"
"85410","193"
"85446","1454"
"85478","206"
"85546","122"
"85551","1462"
"85689","638"
"85694","3080"
"85698","151133"
"85718","183"
"85746","285"
"85764","3655"
"85767","3346"
"85770","231"
"85773","15665"
"85801","13849"
"85812","170"
"85813","12323"
"85816","226"
"85818","1518"
"85845","373"
"85857","1017"
"85862","365"
"85877","1442"
"85886","1655"
"85919","10480"
"85946","45"
"85998","543"
"86010","869"
"86012","780"
"86024","103"
"86042","1334"
"86060","9922"
"86073","2983"
"86210","123"
"86317","119"
"86359","8501"
"86370","722"
"86440","162"
"86446","676"
"86465","1226"
"86495","4055"
"86536","207"
"86537","2978"
"86559","53"
"86561","2206"
"86609","12073"
"86655","1530"
"86659","378"
"86692","2527"
"86704","1278"
"86757","274"
"86759","1814"
"86760","326"
"86773","7708"
"86778","736"
"86779","688"
"86788","1090"
"86791","3473"
"86821","1164"
"86834","447"
"86838","568"
"86893","1011"
"86900","75"
"86908","12975"
"86916","132"
"86921","3055"
"86940","190"
"86971","4643"
"87045","990"
"87067","4881"
"87073","628"
"87110","3822"
"87114","1998"
"87124","529"
"87194","953"
"87207","1019"
"87225","434"
"87278","3934"
"87298","790"
"87340","655"
"87343","4848"
"87384","2218"
"87387","10542"
"87403","1824"
"87421","2941"
"87447","1239"
"87460","172"
"87499","682"
"87525","135"
"87571","163"
"87579","142"
"88596","371"
"88629","2366"
"88665","268"
"88706","3881"
"88750","646"
"88774","162"
"88805","3041"
"88900","150"
"88904","153"
"88910","7578"
"88925","98"
"88935","927"
"88939","1678"
"88948","362"
"88954","517"
"88971","626"
"88973","7128"
"88998","246"
"89004","1317"
"89011","566"
"89048","218"
"89057","141"
"89062","244"
"89074","302"
"89105","410"
"89111","2576"
"89125","321"
"89139","250"
"89183","1472"
"89266","1215"
"89289","681"
"89334","2156"
"89339","636"
"89341","2201"
"89361","2130"
"89369","2697"
"89431","147"
"89487","2793"
"89491","1115"
"89500","10385"
"89502","1319"
"89505","6533"
"89546","1861"
"89576","2746"
"89582","124"
"89589","2163"
"89599","2408"
"89605","9862"
"89607","1380"
"89619","797"
"89642","2291"
"89669","478"
"89670","137"
"89684","6316"
"89689","52759"
"89756","189"
"89834","1311"
"89859","1382"
"89869","727"
"89897","10474"
"89903","8258"
"89905","2033"
"89920","7585"
"89924","533"
"89927","941"
"89929","6223"
"89962","1587"
"89976","763"
"90001","510"
"90009","3530"
"90012","322"
"90023","16473"
"90049","1717"
"90105","1991"
"90115","409"
"90118","334"
"90119","279"
"90191","10762"
"90226","300"
"90297","1379"
"90314","657"
"90341","407"
"90377","528"
"90402","506"
"90434","535"
"90486","227"
"90503","3416"
"90520","180"
"90558","117"
"90565","656"
"90607","747"
"90725","318"
"90732","188"
"90738","436"
"90749","692"
"90787","82"
"90799","739"
"90809","242"
"90821","597"
"90822","3770"
"90828","136"
"90842","18858"
"90932","5665"
"90962","305"
"90964","1300"
"90994","14281"
"91001","140"
"91028","109"
"91041","90"
"91055","660"
"91109","553"
"91148","498"
"91164","4577"
"91165","5561"
"91170","13933"
"91195","468"
"91199","645"
"91264","2811"
"91266","6432"
"91334","350"
"91347","9380"
"91427","1226"
"91466","906"
"91486","107"
"91526","174"
"91548","13383"
"91560","1532"
"91573","768"
"91641","3763"
"91652","613"
"91692","225"
"91722","999"
"91737","485"
"91755","403"
"91762","641"
"91783","132"
"91843","6850"
"91875","228"
"91979","810"
"91990","18399"
"92008","42387"
"92051","261"
"92058","2030"
"92085","112"
"92130","314"
"92136","481"
"92137","6967"
"92139","124"
"92164","330"
"92309","2248"
"92356","485"
"92396","230"
"92405","976"
"92430","226"
"92441","3160"
"92442","615"
"92494","681"
"92526","3282"
"92538","10145"
"92543","1753"
"92555","1629"
"92602","121"
"92622","1815"
"92647","25"
"92655","2032"
"92717","1404"
"92775","3222"
"92780","252"
"92788","57"
"92790","168"
"92806","100"
"92809","112"
"92852","793"
"92903","28176"
"93016","183"
"93021","92"
"93053","26369"
"93098","277"
"93137","710"
"93171","458"
"93191","586"
"93220","262"
"93242","1345"
"93245","1283"
"93255","2076"
"93296","57"
"93342","122"
"93389","359"
"93438","3324"
"93445","2243"
"93446","1184"
"93453","57"
"93463","74"
"93466","464"
"93499","6460"
"93511","190"
"93524","886"
"93535","1026"
"93550","251"
"93565","1288"
"93631","558"
"93670","3877"
"93695","2623"
"93765","147"
"93780","3246"
"93789","250"
"93820","23492"
"93851","104"
"93852","85"
"93854","433"
"93869","3975"
"93876","94"
"93893","52"
"93933","2458"
"93939","1081"
"93993","557"
"94143","110"
"94154","172"
"94208","738"
"94292","3057"
"94305","1760"
"94306","894"
"94331","20273"
"94346","188"
"94349","66"
"94356","28339"
"94419","5617"
"94449","352"
"94493","787"
"94501","190"
"94521","53"
"94584","636"
"94592","848"
"94606","1101"
"94638","730"
"94680","478"
"94682","58"
"94707","876"
"94729","4078"
"94730","116"
"94756","1527"
"94763","1561"
"94810","8395"
"94815","305"
"94820","467"
"94870","673"
"94885","1061"
"94886","4841"
"94895","512"
"94906","628"
"95001","371"
"95017","4769"
"95052","2376"
"95069","762"
"95078","157"
"95161","2001"
"95165","14068"
"95186","26606"
"95217","998"
"95256","8856"
"95262","2952"
"95286","1868"
"95304","4314"
"95308","1619"
"95311","35"
"95362","8690"
"95369","453"
"95440","149"
"95558","159"
"95576","1790"
"95588","333"
"95597","1835"
"95650","6581"
"95659","2330"
"95669","530"
"95670","406"
"95703","46027"
"95706","163"
"95729","5611"
"95771","9783"
"95776","537"
"95849","1933"
"95891","222"
"95909","1284"
"95929","4717"
"95946","797"
"95967","3857"
"95984","241"
"96004","19456"
"96075","1288"
"96088","308"
"96089","8634"
"96109","678"
"96114","6240"
"96134","8483"
"96178","15424"
"96204","554"
"96214","156"
"96227","1130"
"96228","756"
"96244","154"
"96246","3586"
"96248","320"
"96258","3466"
"96285","824"
"96299","1484"
"96316","518"
"96366","141"
"96401","145"
"96405","3420"
"96417","172"
"96418","3389"
"96437","19930"
"96447","2680"
"96467","81"
"96472","927"
"96489","3408"
"96504","561"
"96508","5710"
"96520","190"
"96568","1557"
"96636","408"
"96668","564"
"96698","21285"
"96736","14985"
"96737","122"
"96743","508"
"96745","253"
"96752","1426"
"96761","6400"
"96867","243"
"96914","652"
"96933","113"
"96942","819"
"96985","4664"
"96997","6199"
"96999","15138"
"97079","150"
"97167","135"
"97175","316"
"97232","784"
"97241","4795"
"97244","496"
"97256","2050"
"97277","538"
"97292","263"
"97293","3116"
"97313","2032"
"97319","453"
"97324","1168"
"97469","413"
"97524","344"
"97556","1374"
"97698","213"
"97704","5628"
"97739","1476"
"97751","3304"
"97768","103"
"97772","114"
"97790","197"
"97798","1010"
"97825","26244"
"97855","4312"
"97856","16995"
"97873","2255"
"97878","161"
"97879","209"
"97902","101"
"97908","124"
"97952","1048"
"98017","3097"
"98025","1822"
"98087","1621"
"98088","4365"
"98102","235"
"98105","1465"
"98130","1392"
"98153","421"
"98156","1100"
"98161","6216"
"98165","981"
"98197","395"
"98201","2916"
"98207","3585"
"98213","304"
"98270","285"
"98316","357"
"98339","254"
"98372","212"
"98385","218"
"98400","2845"
"98405","765"
"98412","338"
"98422","207"
"98442","575"
"98458","11204"
"98488","2421"
"98492","4036"
"99503","1254"
"99523","572"
"99570","174"
"99628","953"
"99646","111"
"99676","209"
"99701","2082"
"99767","915"
"99791","131"
"99926","2279"
"99944","815"
"100019","268"
"100069","7079"
"100113","924"
"100129","6725"
"100131","4264"
"100151","736"
"100156","1993"
"100211","317"
"100218","375"
"100272","1851"
"100284","141"
"100308","1175"
"100311","2405"
"100321","1689"
"100384","94"
"100388","7775"
"100398","879"
"100454","195"
"100492","840"
"100519","5018"
"100528","749"
"100536","148"
"100545","870"
"100548","3468"
"100557","1058"
"100620","418"
"100662","651"
"100665","1148"
"100700","3012"
"100724","682"
"100734","155"
"100761","67"
"100769","6184"
"100820","336"
"100893","831"
"100898","3538"
"100903","1253"
"100921","477"
"100984","2011"
"101000","775"
"101018","1051"
"101055","1825"
"101070","513"
"101089","387"
"101104","1524"
"101119","279"
"101124","232"
"101141","351"
"101180","618"
"101263","451"
"101267","849"
"101363","414"
"101404","4877"
"101423","120"
"101434","79"
"101441","63"
"101479","253"
"101485","1115"
"101489","137"
"101601","6470"
"101686","204"
"101715","1314"
"101737","477"
"101739","2991"
"101770","60"
"101801","426"
"101860","643"
"101864","684"
"101872","11415"
"101899","520"
"101925","52"
"101938","1613"
"101942","7196"
"102008","541"
"102013","9126"
"102073","6071"
"102085","97"
"102105","1090"
"102122","227"
"102125","283"
"102182","212"
"102193","1128"
"102261","7607"
"102297","1430"
"102352","11695"
"102378","1363"
"102393","1210"
"102412","141"
"102424","771"
"102430","1002"
"102454","168"
"102461","154"
"102464","63"
"102465","1360"
"102473","543"
"102519","870"
"102524","413"
"102545","2547"
"102554","2811"
"102642","3945"
"102676","10637"
"102727","2205"
"102734","250"
"102758","274"
"102765","948"
"102776","2638"
"102797","2500"
"102800","145"
"102816","3099"
"102822","659"
"102833","1737"
"102860","523"
"102871","129"
"102885","434"
"102913","1380"
"102922","324"
"102928","1116"
"103012","268"
"103018","468"
"103042","2480"
"103140","486"
"103179","3816"
"103184","859"
"103185","77"
"103206","3922"
"103207","520"
"103222","1498"
"103226","1471"
"103314","1125"
"103323","3709"
"103346","2882"
"103377","1271"
"103384","200"
"103407","678"
"103427","14745"
"103539","658"
"103652","552"
"103672","1827"
"103712","16412"
"103750","1059"
"103779","1376"
"103791","61"
"103798","118"
"103804","37"
"103879","308"
"103883","535"
"103894","715"
"103895","1240"
"103936","768"
"103937","904"
"103957","154"
"104001","151"
"104009","1725"
"104030","114"
"104090","2771"
"104109","700"
"104145","891"
"104147","662"
"104160","3019"
"104167","7702"
"104202","1209"
"104206","84"
"104228","145"
"104271","267"
"104276","638"
"104277","506"
"104310","3042"
"104330","157"
"104362","20386"
"104365","141"
"104440","77"
"104495","20743"
"104508","2112"
"104543","2656"
"104549","1227"
"104571","18365"
"104630","1053"
"104667","203"
"104679","89"
"104689","381"
"104705","2945"
"104737","2452"
"104738","3534"
"104780","2569"
"104813","1893"
"104899","190"
"105004","744"
"105006","298"
"105019","95"
"105073","1496"
"105095","2642"
"105104","569"
"105116","81"
"105184","320"
"105195","632"
"105198","839"
"105201","1003"
"105204","174"
"105205","542"
"105215","98"
"105230","638"
"105262","237"
"105263","13522"
"105268","289"
"105276","1009"
"105289","209"
"105416","113"
"105432","796"
"105475","6590"
"105494","1470"
"105495","1612"
"105500","181"
"105547","151"
"105617","3323"
"105675","7420"
"105700","127"
"105723","649"
"105753","104"
"105756","2858"
"105773","2147"
"105777","1066"
"105817","442"
"105901","224"
"105911","550"
"105922","423"
"105924","3216"
"105956","906"
"106036","3673"
"106040","5425"
"106087","63"
"106105","3914"
"106112","127"
"106171","1928"
"106234","3604"
"106238","839"
"106269","380"
"106288","2048"
"106293","517"
"106298","88"
"106305","10490"
"106316","2172"
"106337","999"
"106434","130"
"106463","110"
"106473","2084"
"106490","152"
"106494","1257"
"106526","9818"
"106538","173"
"106562","978"
"106603","266"
"106628","1755"
"106661","8"
"106686","464"
"106689","5299"
"106702","580"
"106708","214"
"106722","372"
"106727","108"
"106728","2570"
"106729","1152"
"106737","21226"
"106768","138"
"106780","1397"
"106831","226"
"106840","814"
"106843","4030"
"106853","449"
"106907","1043"
"106931","116"
"106940","86"
"106972","9434"
"106974","62"
"106995","4917"
"107022","129"
"107036","79"
"107074","1052"
"107079","729"
"107087","154"
"107157","798"
"107178","2192"
"107238","1652"
"107248","1161"
"107316","452"
"107361","875"
"107373","1162"
"107374","147"
"107425","352"
"107438","144"
"107482","761"
"107498","361"
"107505","906"
"107527","46"
"107570","45"
"107709","902"
"107731","424"
"107738","98"
"107741","3460"
"107810","883"
"107828","4306"
"107844","2599"
"107865","83"
"107906","2300"
"107913","102"
"107967","150"
"107968","1724"
"107975","562"
"107986","540"
"108012","155"
"108022","39"
"108077","113"
"108078","382"
"108102","410"
"108121","410"
"108129","1813"
"108177","74"
"108188","128"
"108230","135"
"108269","1165"
"108284","1651"
"108314","1644"
"108399","284"
"108428","6792"
"108437","138"
"108472","13403"
"108532","561"
"108552","449"
"108559","9091"
"108602","2322"
"108615","105"
"108625","838"
"108653","4293"
"108693","1424"
"108696","240"
"108739","1434"
"108752","923"
"108776","263"
"108779","247"
"108835","22841"
"108844","1106"
"108867","481"
"108883","64"
"108909","67"
"108943","532"
"108946","3556"
"108969","792"
"108971","472"
"108973","1618"
"109057","261"
"109075","142"
"109139","1424"
"109163","1137"
"109197","988"
"109228","1016"
"109293","4701"
"109328","772"
"109346","637"
"109358","79"
"109374","7295"
"109384","1453"
"109413","142"
"109415","8051"
"109435","5343"
"109442","16440"
"109580","3102"
"109588","624"
"109608","88"
"109628","912"
"109639","613"
"109669","149"
"109678","1388"
"109688","5912"
"109694","879"
"109763","814"
"109775","190"
"109786","731"
"109814","156"
"109828","1389"
"109855","67"
"109874","282"
"109875","341"
"109877","151"
"109902","737"
"109907","13461"
"109929","443"
"109931","562"
"109942","1154"
"109954","501"
"109961","2914"
"109980","93"
"110018","431"
"110051","924"
"110057","1012"
"110120","67"
"110126","1092"
"110151","3274"
"110162","365"
"110171","3421"
"110181","1015"
"110183","147"
"110219","153"
"110221","75"
"110240","215"
"110291","95"
"110300","47"
"110307","98"
"110308","179"
"110310","4463"
"110316","938"
"110334","3566"
"110351","807"
"110355","421"
"110442","536"
"110452","4040"
"110480","217"
"110525","2036"
"110570","267"
"110620","752"
"110634","43"
"110639","10871"
"110725","1113"
"110784","478"
"110816","166"
"110859","137"
"110862","541"
"110900","914"
"110903","4126"
"110914","5962"
"110931","218"
"110936","131"
"110954","144"
"111013","703"
"111044","1041"
"111059","33"
"111110","85"
"111113","796"
"111116","354"
"111121","3292"
"111145","124"
"111172","190"
"111176","5121"
"111179","314"
"111206","10880"
"111222","523"
"111249","1029"
"111250","184"
"111336","162"
"111340","195"
"111370","971"
"111393","136"
"111410","929"
"111415","1062"
"111431","138"
"111458","734"
"111473","2716"
"111482","1781"
"111594","233"
"111686","7454"
"111688","445"
"111691","207"
"111752","555"
"111776","376"
"111787","728"
"111789","732"
"111805","519"
"111824","1887"
"111825","1809"
"111840","4639"
"111859","349"
"111883","436"
"111955","140"
"111964","342"
"111976","748"
"112065","137"
"112069","1390"
"112149","1156"
"112159","4876"
"112184","63"
"112185","899"
"112204","380"
"112210","513"
"112221","3721"
"112229","244"
"112302","260"
"112327","652"
"112342","235"
"112357","693"
"112376","72"
"112406","1260"
"112407","1489"
"112409","314"
"112497","3758"
"112528","17942"
"112536","340"
"112549","8597"
"112572","162"
"112579","246"
"112654","381"
"112662","6444"
"112878","3625"
"112888","214"
"112892","95"
"112910","3461"
"112915","513"
"112950","54"
"112997","65"
"113068","205"
"113084","188"
"113098","717"
"113111","3974"
"113122","453"
"113166","162"
"113167","199"
"113173","3853"
"113226","558"
"113278","1660"
"113313","1013"
"113318","668"
"113347","766"
"113352","1421"
"113395","139"
"113402","115"
"113451","227"
"113472","259"
"113481","508"
"113492","405"
"113508","64"
"113524","14399"
"113543","470"
"113568","128"
"114633","6752"
"114685","1969"
"114686","5276"
"114820","177"
"114840","169"
"114841","1544"
"114856","615"
"114882","66"
"114892","309"
"114996","1467"
"115009","479"
"115052","6562"
"115125","98"
"115142","29"
"115156","1883"
"115204","336"
"115255","7286"
"115276","129"
"115280","475"
"115284","2338"
"115285","122"
"115309","998"
"115320","14153"
"115342","58"
"115353","1124"
"115370","95"
"115395","7916"
"115427","131"
"115447","6016"
"115467","145"
"115540","93"
"115604","362"
"115677","15"
"115683","49"
"115697","107"
"115703","256"
"115706","3570"
"115747","400"
"115766","19245"
"115769","897"
"115790","271"
"115794","24294"
"115832","11989"
"115844","2607"
"115847","3055"
"115855","9966"
"115949","792"
"115967","758"
"115969","469"
"115995","408"
"116027","8700"
"116031","1789"
"116091","113"
"116110","95"
"116113","8906"
"116137","49"
"116139","22920"
"116171","928"
"116192","2686"
"116202","222"
"116211","104"
"116235","157"
"116283","430"
"116285","390"
"116301","5690"
"116331","2109"
"116332","762"
"116367","6570"
"116371","6182"
"116447","989"
"116561","574"
"116562","1023"
"116600","1572"
"116610","369"
"116629","725"
"116631","2006"
"116654","6122"
"116699","1410"
"116753","59"
"116774","246"
"116792","1000"
"116816","292"
"116837","788"
"116898","5899"
"116929","5938"
"116958","239"
"116982","72"
"116995","1917"
"116998","5590"
"117018","725"
"117057","373"
"117073","206"
"117101","1307"
"117137","902"
"117195","1170"
"117250","2233"
"117260","97"
"117268","1012"
"117269","256"
"117291","3914"
"117293","365"
"117325","1114"
"117338","640"
"117384","285"
"117394","283"
"117395","253"
"117467","95"
"117530","213"
"117623","1047"
"117662","673"
"117667","1035"
"117686","2885"
"117722","201"
"117807","94"
"117814","561"
"117830","1180"
"117875","215"
"117904","101"
"117930","301"
"117931","6187"
"117938","92"
"117955","381"
"117958","159"
"117960","369"
"117987","68"
"117994","55"
"117996","333"
"118007","1298"
"118035","223"
"118044","702"
"118050","203"
"118101","2162"
"118131","190"
"118146","2544"
"118167","334"
"118183","3993"
"118198","1220"
"118201","139"
"118230","93"
"118320","610"
"118336","1255"
"118347","1224"
"118360","196"
"118388","8153"
"118391","657"
"118430","375"
"118441","205"
"118445","9091"
"118460","449"
"118469","602"
"118473","158"
"118480","38"
"118499","645"
"118544","202"
"118619","2265"
"118638","886"
"118680","103"
"118699","202"
"118747","95"
"118796","3023"
"118826","155"
"118854","9257"
"118870","1034"
"118914","101"
"118946","688"
"118948","5573"
"118980","3251"
"118987","191"
"118993","140"
"119031","205"
"119042","57"
"119047","4579"
"119056","1164"
"119075","1234"
"119088","108"
"119101","2229"
"119107","3842"
"119140","424"
"119159","2068"
"119176","91"
"119181","955"
"119299","80"
"119309","526"
"119320","237"
"119322","1160"
"119357","3969"
"119370","1271"
"119441","71"
"119499","2249"
"119510","7126"
"119527","422"
"119538","516"
"119560","655"
"119579","1962"
"119594","914"
"119612","100"
"119631","1280"
"119682","213"
"119698","166"
"119713","449"
"119726","113"
"119752","7556"
"119791","2557"
"119855","420"
"119883","217"
"119892","3719"
"119894","768"
"119917","108"
"119931","1217"
"119933","118"
"119936","1592"
"119959","1783"
"119962","2135"
"119988","180"
"119989","20325"
"120020","2516"
"120038","116"
"120043","272"
"120061","3537"
"120070","75"
"120129","9125"
"120136","1997"
"120154","4135"
"120160","2555"
"120169","1691"
"120212","236"
"120258","162"
"120266","92"
"120290","455"
"120295","209"
"120301","1467"
"120305","948"
"120325","13455"
"120333","3103"
"120362","1860"
"120371","1829"
"120372","1110"
"120378","101"
"120382","294"
"120393","2001"
"120576","724"
"120647","849"
"120648","1226"
"120650","342"
"120684","140"
"120711","42809"
"120729","184"
"120735","661"
"120741","209"
"120767","353"
"120797","87"
"120842","307"
"120902","573"
"120906","1187"
"120924","420"
"120938","16452"
"120968","98"
"120995","567"
"121024","1078"
"121058","934"
"121088","293"
"121113","361"
"121239","151"
"121258","512"
"121273","744"
"121311","4746"
"121316","174"
"121335","347"
"121349","307"
"121380","329"
"121382","545"
"121385","290"
"121435","281"
"121504","49957"
"121511","966"
"121514","583"
"121527","260"
"121571","22635"
"121574","3850"
"121645","1034"
"121651","1413"
"121687","11540"
"121693","2604"
"121702","663"
"121713","1809"
"121751","1830"
"121754","95"
"121762","1905"
"121770","1114"
"121776","259"
"121800","2208"
"121877","27356"
"121892","1751"
"121900","13095"
"121905","380"
"121942","881"
"121948","1316"
"121954","194"
"121956","50"
"121969","2140"
"121971","9729"
"121980","1240"
"121999","605"
"122036","639"
"122041","101"
"122067","234"
"122089","6770"
"122099","6336"
"122137","2244"
"122138","1868"
"122273","708"
"122321","1179"
"122328","1767"
"122336","31420"
"122339","617"
"122347","52"
"122361","8146"
"122364","914"
"122404","189"
"122405","6561"
"122448","644"
"122490","43"
"122501","172"
"122547","11097"
"122550","206"
"122572","120"
"122573","611"
"122578","117"
"122584","790"
"122587","1848"
"122608","306"
"122638","1920"
"122668","6383"
"122728","161"
"122730","2834"
"122766","283"
"122773","2773"
"122786","538"
"122789","1918"
"122806","3113"
"122826","331"
"122834","2773"
"122846","19746"
"122859","169"
"122880","497"
"122881","10898"
"122975","280"
"122982","98"
"122986","182"
"123035","1417"
"123091","2727"
"123110","263"
"123121","1130"
"123131","10205"
"123136","270"
"123165","10969"
"123173","145"
"123243","123"
"123253","356"
"123330","1432"
"123332","4004"
"123347","128"
"123351","1241"
"123366","1860"
"123372","5788"
"123413","358"
"123432","734"
"123435","1939"
"123452","99"
"123455","95"
"123493","128"
"123533","1200"
"123534","146"
"123536","1939"
"123585","245"
"123642","1563"
"123644","1363"
"123655","8011"
"123694","659"
"123722","375"
"123733","3750"
"123744","986"
"123792","174"
"123833","641"
"123870","1685"
"123885","131"
"123892","294"
"123931","126"
"123991","954"
"124027","430"
"124050","79"
"124058","517"
"124061","77"
"124100","1615"
"124135","194"
"124145","2291"
"124167","313"
"124184","14484"
"124190","360"
"124193","1319"
"124253","549"
"124260","1914"
"124279","3011"
"124326","182"
"124328","153"
"124356","740"
"124369","1804"
"124371","161"
"124380","273"
"124411","89"
"124414","3093"
"124505","282"
"124507","262"
"124521","1248"
"124556","826"
"124608","2724"
"124621","179"
"124671","735"
"124714","11299"
"124742","283"
"124765","2646"
"124774","10931"
"124840","6632"
"124874","1742"
"124906","2976"
"124956","902"
"124962","6565"
"124964","275"
"124998","723"
"125015","1709"
"125024","568"
"125040","309"
"125064","171"
"125065","832"
"125106","307"
"126142","358"
"126149","2029"
"126255","567"
"126261","22011"
"126345","1096"
"126387","1195"
"126390","335"
"126392","809"
"126458","3509"
"126461","138"
"126484","10014"
"126493","2068"
"126495","212"
"126498","608"
"126502","697"
"126527","125"
"126562","192"
"126575","42"
"126591","164"
"126610","63"
"126627","226"
"126703","136"
"126705","590"
"126721","3660"
"126733","155"
"126737","4685"
"126851","755"
"126853","216"
"126865","510"
"126936","30333"
"126940","144"
"126948","5994"
"126969","1337"
"126974","903"
"126991","398"
"127013","219"
"127022","1020"
"127027","21940"
"127049","173"
"127051","597"
"127065","397"
"127067","110"
"127083","1664"
"127111","36331"
"127116","204"
"127229","140"
"127237","4759"
"127295","1623"
"127301","147"
"127319","1009"
"127335","4752"
"127344","902"
"127423","5272"
"127430","204"
"127432","2412"
"127460","1268"
"127467","126"
"127550","3166"
"127594","412"
"127610","152"
"127628","79"
"127634","172"
"127638","274"
"127655","21925"
"127707","256"
"127769","1416"
"127806","910"
"127808","9272"
"127829","721"
"127843","977"
"127865","4696"
"127871","11373"
"127920","584"
"127940","329"
"127942","1009"
"127967","1336"
"127987","909"
"128067","109"
"128074","112"
"128111","313"
"128138","417"
"128160","311"
"128175","5863"
"128208","1961"
"128211","121"
"128254","39451"
"128268","1567"
"128275","541"
"128298","202"
"128428","120"
"128485","177"
"128503","2804"
"128512","1212"
"128514","1619"
"128530","82"
"128567","323"
"128591","131"
"128682","61"
"128683","1136"
"128687","817"
"128715","5915"
"128736","25547"
"128774","173"
"128801","165"
"128842","1869"
"128854","64"
"128870","163"
"128884","641"
"128888","742"
"128928","121"
"128971","742"
"128972","254"
"128990","646"
"129010","205"
"129014","1379"
"129027","170"
"129054","222"
"129091","2025"
"129104","435"
"129122","2109"
"129134","429"
"129150","768"
"129158","1318"
"129161","1497"
"129190","3639"
"129196","1701"
"129242","183"
"129243","3655"
"129258","247"
"129263","207"
"129270","70"
"129273","17840"
"129327","745"
"129332","2344"
"129413","1059"
"129423","725"
"129428","1271"
"129434","1013"
"129445","149"
"129448","28714"
"129498","1002"
"129604","4823"
"129636","78"
"129639","4345"
"129671","3246"
"129679","876"
"129703","3907"
"129749","202"
"129762","18175"
"129783","721"
"129789","98"
"129854","3434"
"129855","458"
"129861","148"
"129867","755"
"129880","11284"
"129891","6036"
"129923","72"
"129946","2404"
"129948","589"
"129965","3477"
"129970","8358"
"129971","295"
"129996","360"
"130015","131"
"130025","61"
"130038","10608"
"130039","447"
"130068","709"
"130091","414"
"130172","51"
"130206","1035"
"130254","856"
"130263","2342"
"130274","2489"
"130287","119"
"130292","25663"
"130326","5406"
"130344","501"
"130409","258"
"130439","1489"
"130442","1726"
"130462","943"
"130468","1588"
"130497","1125"
"130525","2217"
"130541","122"
"130556","86"
"130561","136"
"130583","1262"
"130604","1909"
"130724","5717"
"130786","986"
"130794","7910"
"130822","132"
"130904","94"
"130955","2249"
"130985","985"
"130988","625"
"131038","156"
"131063","221"
"131074","141"
"131084","1638"
"131092","70"
"131103","899"
"131113","520"
"131123","2071"
"131149","1564"
"131193","180"
"131194","1273"
"131243","102"
"131309","2913"
"131318","103"
"131358","1193"
"131382","144"
"131386","735"
"131457","200"
"131482","811"
"131485","1616"
"131522","1817"
"131544","1130"
"131575","509"
"131596","192"
"131598","2640"
"131628","201"
"131650","458"
"131702","159"
"131708","9701"
"131720","1365"
"131750","917"
"131798","654"
"131821","538"
"131844","309"
"131849","1802"
"132941","222"
"132960","2013"
"133034","104"
"133041","655"
"133078","313"
"133091","106"
"133176","554"
"133191","94"
"133243","1741"
"133269","1770"
"133317","786"
"133320","1066"
"133333","551"
"133341","404"
"133369","22799"
"133387","311"
"133433","1872"
"133440","946"
"133456","14973"
"133470","5603"
"133511","1481"
"133515","698"
"133548","374"
"133582","1273"
"133587","91"
"133594","5396"
"133626","239"
"133652","1039"
"133781","57"
"133784","1213"
"133793","3327"
"133817","72"
"133861","45"
"133880","6083"
"133906","2451"
"133922","86"
"133942","842"
"133960","4523"
"134016","322"
"134021","28215"
"134034","804"
"134078","371"
"134093","271"
"134095","329"
"134114","9024"
"134133","1268"
"134158","300"
"134159","109"
"134207","65"
"134208","15142"
"134211","2479"
"134220","2936"
"134224","1198"
"134240","1971"
"134272","277"
"134297","324"
"134315","132"
"134337","763"
"134349","134"
"134379","530"
"134388","4177"
"134394","555"
"134451","445"
"134469","4915"
"134490","1026"
"134520","677"
"134530","135"
"134555","1101"
"134562","148"
"134660","63"
"134666","1677"
"134676","6795"
"134679","47890"
"134684","644"
"134690","139"
"134694","3679"
"134720","118"
"134760","1158"
"134764","2935"
"134767","15664"
"134853","3903"
"134874","555"
"134878","160"
"134913","763"
"134967","22439"
"135025","863"
"135042","243"
"135052","699"
"135137","147"
"135155","1031"
"135157","1387"
"135218","6256"
"135222","945"
"135246","1030"
"135290","4090"
"135302","630"
"135361","143"
"135362","207"
"135442","2211"
"135468","146"
"135484","194"
"135486","4841"
"135489","916"
"135492","479"
"135540","2313"
"135545","2945"
"135561","881"
"135562","67"
"135581","5805"
"135590","1549"
"135653","2375"
"135687","3488"
"135699","1187"
"135701","197"
"135705","509"
"135753","212"
"135761","1529"
"135787","86"
"135799","250"
"135808","90"
"135817","40"
"135829","606"
"135830","1059"
"135858","857"
"135890","1415"
"135912","9886"
"135919","188"
"135936","396"
"135966","109"
"135979","741"
"136038","1025"
"136091","177"
"136116","5887"
"136149","965"
"136237","694"
"136250","12734"
"136257","457"
"136268","230"
"136306","154"
"136331","1020"
"136348","3058"
"136454","1622"
"136464","278"
"136540","1217"
"136551","1035"
"136622","902"
"136647","5138"
"136738","471"
"136773","67"
"136779","74"
"136819","860"
"136833","215"
"136837","609"
"136863","243"
"136864","167"
"136872","365"
"136914","277"
"136962","126"
"136979","501"
"137046","1337"
"137071","292"
"137104","15051"
"137133","525"
"137140","199"
"137170","780"
"137178","139"
"137214","169"
"137241","1314"
"137242","124"
"137253","159"
"137255","142"
"137284","108"
"137308","2999"
"137309","1988"
"137334","556"
"137342","259"
"137391","74"
"137394","2105"
"137401","1041"
"137419","1721"
"137441","166"
"137443","1106"
"137507","593"
"137514","516"
"137541","1256"
"137551","241"
"137592","1251"
"137607","482"
"137636","511"
"137662","92"
"137667","531"
"137714","113"
"137730","65"
"137755","840"
"137780","5052"
"137833","953"
"137855","1139"
"138011","856"
"138039","76"
"138052","1622"
"138088","2333"
"138168","171"
"138170","108"
"138203","1672"
"138226","681"
"138229","5505"
"138278","251"
"138305","5242"
"138319","249"
"138363","18288"
"138385","429"
"138389","3460"
"138477","257"
"138556","1591"
"138611","419"
"138628","79"
"138650","2000"
"138715","69"
"138749","424"
"138819","4364"
"138844","1391"
"138945","140"
"138987","36659"
"139012","123"
"139018","610"
"139059","194"
"139105","72"
"139171","166"
"139190","1853"
"139218","1640"
"139220","72"
"139226","144"
"139232","151"
"139243","314"
"139245","198"
"139248","523"
"139256","399"
"139294","1361"
"139313","2511"
"139349","206"
"139362","195"
"139406","1056"
"139408","2104"
"139541","819"
"139547","197"
"139565","4868"
"139573","399"
"139586","843"
"139604","95"
"139611","682"
"139615","754"
"139620","1013"
"139654","99"
"139685","324"
"139704","248"
"139712","837"
"139715","1702"
"139749","3472"
"139833","188"
"139841","83"
"139847","1609"
"139864","162"
"139879","584"
"139895","9389"
"139934","251"
"139991","362"
"140013","132"
"140050","183"
"140088","473"
"140090","1553"
"140138","804"
"140185","1777"
"140266","1868"
"140291","64"
"140349","1893"
"140374","836"
"140418","22958"
"140424","2813"
"140430","3051"
"140433","6688"
"140446","1262"
"140447","2263"
"140457","476"
"140466","1591"
"140479","149"
"140485","508"
"140490","29445"
"140518","933"
"140535","1915"
"140605","2680"
"140621","343"
"140684","670"
"140695","321"
"140791","977"
"140805","1011"
"140808","3510"
"140843","552"
"140886","757"
"140888","419"
"140906","173"
"140926","233"
"140975","788"
"141000","11573"
"141018","398"
"141021","130"
"141029","130"
"141045","475"
"141101","250"
"141113","223"
"141129","907"
"141133","326"
"141138","348"
"141153","1216"
"141157","9644"
"141185","697"
"141196","266"
"141203","1422"
"141223","1257"
"141228","535"
"141273","998"
"141324","1324"
"141336","9550"
"141338","684"
"141350","333"
"141365","936"
"141369","1858"
"141427","2705"
"141438","260"
"141495","96"
"141505","372"
"141506","686"
"141509","371"
"141518","97"
"141522","54"
"141588","3809"
"141612","420"
"141664","1861"
"141666","454"
"141670","374"
"141686","619"
"141729","217"
"141733","7096"
"141773","3579"
"141792","81"
"141805","3031"
"141820","88"
"141851","231"
"141871","4164"
"141896","408"
"141903","316"
"141978","195"
"142011","327"
"142039","526"
"142067","2145"
"142127","9367"
"142167","171"
"142178","242"
"142209","987"
"142211","245"
"142218","275"
"142228","1963"
"142373","7247"
"142376","96"
"142403","43"
"142405","80"
"142406","124"
"142410","71"
"142418","114"
"142453","155"
"142457","3851"
"142465","689"
"142479","91"
"142482","716"
"142484","144"
"142496","23451"
"142506","15022"
"142517","629"
"142561","223"
"142585","5762"
"142586","1897"
"142593","1146"
"142601","214"
"142629","242"
"142650","612"
"142666","3619"
"142682","43"
"142698","232"
"142703","203"
"142711","28"
"142713","357"
"142760","313"
"142767","279"
"142792","262"
"142819","94"
"142875","4851"
"142877","129"
"142879","8914"
"142920","170"
"142925","277"
"143007","348"
"143020","53"
"143162","955"
"143174","76"
"143194","268"
"143198","170"
"143212","367"
"143221","333"
"143231","483"
"143244","723"
"143261","254"
"143276","1040"
"143304","286"
"143342","111"
"143351","4853"
"143380","107"
"143383","1724"
"143408","472"
"143480","6439"
"143485","8303"
"143502","461"
"143524","206"
"143542","6753"
"143583","225"
"143618","356"
"143622","457"
"143625","5538"
"143663","254"
"143672","562"
"143673","2909"
"143684","1115"
"143685","121"
"143711","769"
"143736","6069"
"143803","573"
"143807","697"
"143820","78"
"143828","1494"
"143833","932"
"143849","119"
"143866","81"
"143896","668"
"143904","85"
"143942","577"
"143966","401"
"143968","209"
"143969","231"
"143971","303"
"143993","2613"
"144010","93"
"144012","775"
"144058","2364"
"144066","151"
"144102","7115"
"144142","113"
"144202","825"
"144270","127"
"144278","189"
"144294","182"
"144311","1310"
"144413","270"
"144466","13260"
"144500","1887"
"144541","277"
"144590","319"
"144597","103"
"144624","301"
"144631","368"
"144633","9254"
"144635","13627"
"144659","986"
"144679","75"
"144697","259"
"144719","1489"
"144722","439"
"144743","1360"
"144754","1207"
"144789","80"
"144792","1279"
"144811","435"
"144844","1508"
"144933","49"
"144969","109"
"144984","134"
"144989","116"
"145012","86"
"145040","527"
"145046","145"
"145091","795"
"145109","109"
"145130","696"
"145167","87"
"145172","618"
"145181","648"
"145201","216"
"145239","655"
"145267","526"
"145289","548"
"145294","215"
"145310","959"
"145325","11503"
"145341","111"
"145389","1155"
"145441","360"
"145467","441"
"145479","1154"
"145491","427"
"145500","62"
"145503","628"
"145506","286"
"145522","1079"
"145532","28"
"145535","183"
"145604","566"
"145613","83"
"145633","169"
"145640","176"
"145666","301"
"145681","544"
"145695","124"
"145724","1552"
"145733","1589"
"145753","37"
"145755","758"
"145773","8506"
"145797","82"
"145827","494"
"145830","55"
"145850","835"
"145862","587"
"145909","331"
"145951","148"
"145967","151"
"146000","176"
"146034","1122"
"146045","573"
"146050","11623"
"146065","763"
"146069","6616"
"146079","4686"
"146101","782"
"146117","5593"
"146128","1034"
"146139","523"
"146145","188"
"146169","49"
"146181","497"
"146208","54"
"146211","489"
"146253","866"
"146271","1509"
"146304","361"
"146396","186"
"146437","1145"
"146442","184"
"146507","459"
"146534","324"
"146590","5186"
"146595","8265"
"146610","934"
"146616","2429"
"146666","1003"
"146703","118"
"146759","82"
"146766","224"
"146814","51"
"146816","1098"
"146855","224"
"146870","388"
"146930","61"
"146980","1143"
"146984","1038"
"146987","78"
"146991","7540"
"146996","10492"
"147002","3232"
"147007","1159"
"147026","12593"
"147071","410"
"147098","634"
"147102","740"
"147105","1103"
"147111","3979"
"147122","144"
"147139","164"
"147183","6085"
"147205","602"
"147215","296"
"147250","15966"
"147269","8641"
"147337","25706"
"147393","117"
"147491","139"
"147543","651"
"147575","347"
"147577","1513"
"147596","75"
"147605","97"
"147623","218"
"147638","387"
"147714","544"
"147752","1132"
"147757","282"
"147780","151"
"147804","1449"
"147812","1252"
"147870","7637"
"147900","195"
"147942","1771"
"147977","5744"
"147991","483"
"148004","1148"
"148005","86"
"148029","76"
"148059","1762"
"148082","547"
"148098","180"
"148106","1240"
"148161","8116"
"148165","5601"
"148175","91"
"148188","522"
"148194","322"
"148223","76"
"148249","947"
"148260","2975"
"148294","682"
"148360","296"
"148369","160"
"148402","5086"
"148429","411"
"148450","10688"
"148466","129"
"148469","649"
"148507","3538"
"148511","3893"
"148519","125"
"148522","149"
"148647","376"
"148727","152"
"148788","464"
"148811","2282"
"148822","2675"
"148831","834"
"148833","90"
"148852","721"
"148903","3338"
"148933","137"
"148947","768"
"148973","103"
"149007","796"
"149024","157"
"149029","3393"
"149035","4379"
"149050","474"
"149145","112"
"149178","23579"
"149200","331"
"149250","138"
"149293","1505"
"149295","411"
"149314","137"
"149353","184"
"149402","177"
"149442","639"
"149481","391"
"149532","468"
"149607","1693"
"149621","2766"
"149648","6017"
"149669","2559"
"149704","228"
"149723","1432"
"149734","3744"
"149777","376"
"149833","458"
"149854","2431"
"149871","830"
"149874","754"
"149881","906"
"149909","188"
"149912","779"
"149934","1924"
"149985","71"
"150009","12001"
"150026","881"
"150036","2298"
"150084","606"
"150085","1880"
"150096","3558"
"150153","21810"
"150181","593"
"150303","482"
"150323","221"
"150351","1498"
"150419","545"
"150432","2348"
"150498","1305"
"150539","573"
"150549","360"
"150553","241"
"150591","1586"
"150603","200"
"150638","141"
"150670","733"
"150727","369"
"150780","899"
"150804","159"
"150835","2121"
"150866","3310"
"150867","3397"
"150871","3171"
"150880","275"
"150886","293"
"150904","1346"
"150913","1542"
"150967","232"
"151011","851"
"151037","273"
"151041","1664"
"151120","262"
"151203","6694"
"151215","1578"
"151228","7314"
"151238","3465"
"151306","1360"
"151310","395"
"151342","4868"
"151351","111"
"151359","1091"
"151362","4553"
"151448","474"
"151484","106"
"151510","843"
"151529","4960"
"151544","82"
"151587","644"
"151590","7299"
"151594","559"
"151613","261"
"151630","3558"
"151657","234"
"151671","244"
"151684","119"
"151688","812"
"151689","1253"
"151701","1227"
"151720","2074"
"151747","517"
"151786","163"
"151799","631"
"151806","8903"
"151811","7541"
"151812","128"
"151830","4116"
"151858","158"
"151877","483"
"151880","842"
"151884","3486"
"151898","685"
"151923","457"
"151941","1204"
"151963","1052"
"151973","389"
"151982","289"
"151993","2017"
"152018","701"
"152034","356"
"152040","113"
"152093","534"
"152137","789"
"152180","80"
"152188","61"
"152192","1294"
"152240","545"
"152284","256"
"152300","293"
"152335","176"
"152361","953"
"152366","1903"
"152377","113"
"152466","89"
"152511","389"
"152516","205"
"152547","1448"
"152553","1624"
"152567","9339"
"152577","1810"
"152587","90"
"152598","37"
"152606","18307"
"152649","275"
"152667","1109"
"152687","282"
"152714","273"
"152719","580"
"152725","420"
"152744","738"
"152765","4092"
"152792","2320"
"152807","116"
"152838","1349"
"152840","785"
"152871","402"
"152893","10042"
"152928","1509"
"152964","3367"
"152989","360"
"153024","340"
"153042","10886"
"153085","7304"
"153134","193"
"153148","2797"
"153155","7109"
"153160","550"
"153236","88"
"153245","165"
"153249","395"
"153264","270"
"153265","1973"
"153274","155"
"153284","157"
"153306","954"
"153318","98"
"153330","503"
"153341","1402"
"153343","139"
"153359","2370"
"153406","1026"
"153422","457"
"153454","101"
"153475","1364"
"153497","443"
"153552","124"
"153557","416"
"153604","1402"
"153618","790"
"153660","511"
"153670","804"
"153693","773"
"153702","82"
"153708","245"
"153724","3988"
"153726","6829"
"153765","130"
"153777","1398"
"153785","210"
"153787","134"
"153797","6334"
"153812","1108"
"153833","37"
"153835","1175"
"153842","682"
"153854","398"
"153860","399"
"153923","185"
"153930","455"
"153976","119"
"154009","113"
"154038","475"
"154041","373"
"154060","387"
"154068","562"
"154088","704"
"154104","12422"
"154130","251"
"154137","197"
"154150","21"
"154181","40"
"154197","735"
"154208","303"
"154211","791"
"154214","252"
"154217","1033"
"154228","546"
"154231","598"
"154235","1644"
"154295","754"
"154304","675"
"154310","209"
"154312","308"
"154314","28016"
"154320","393"
"154327","3028"
"154329","589"
"154350","564"
"154378","823"
"154410","22615"
"154420","1030"
"154434","213"
"154435","780"
"154439","750"
"154440","554"
"154482","93"
"154491","1149"
"154512","1324"
"154554","468"
"154577","1077"
"154588","2358"
"154589","948"
"154591","866"
"154592","2835"
"154594","1386"
"154599","10936"
"154604","348"
"154624","221"
"154629","658"
"154652","526"
"154685","421"
"154736","388"
"154738","171"
"154748","2243"
"154762","801"
"154827","91"
"154828","586"
"154837","332"
"154840","131"
"154862","915"
"154917","4403"
"154935","699"
"154936","822"
"154937","218"
"154964","265"
"154975","86649"
"154982","1247"
"155013","147"
"155061","813"
"155088","253"
"155125","1419"
"155138","1017"
"155160","1025"
"155161","218"
"155175","310"
"155180","4824"
"155207","284"
"155258","649"
"155328","187"
"155360","1585"
"155377","1122"
"155428","2922"
"155438","167"
"155444","57"
"155480","451"
"155545","170"
"155589","58"
"155594","510"
"155601","115"
"155627","98"
"155637","438"
"155665","709"
"155679","8465"
"155695","306"
"155704","2387"
"155709","277"
"155754","13343"
"155792","2328"
"155801","22"
"155816","379"
"155844","2955"
"155874","609"
"155875","1608"
"155891","119"
"155893","146"
"155908","102"
"155943","3503"
"156996","202"
"157020","74"
"157026","106"
"157035","1871"
"157061","9600"
"157126","265"
"157133","20481"
"157198","130"
"157213","5311"
"157221","8154"
"157260","775"
"157264","185"
"157316","724"
"157322","1255"
"157327","403"
"157328","61"
"157336","2703"
"157370","253"
"157394","1660"
"157416","279"
"157427","79"
"157434","106"
"157446","471"
"157459","279"
"157473","1006"
"157478","15886"
"157482","1380"
"157508","477"
"157511","195"
"157515","715"
"157528","5090"
"157541","995"
"157559","2362"
"157598","238"
"157630","1208"
"157641","438"
"157647","452"
"157734","318"
"157741","699"
"157756","2848"
"157812","795"
"157877","1530"
"157880","874"
"157912","1788"
"157934","82"
"157970","1277"
"157984","8003"
"158009","676"
"158045","12415"
"158047","5755"
"158106","5471"
"158153","1535"
"158186","1083"
"158247","136"
"158266","1745"
"158273","1716"
"158277","1317"
"158282","266"
"158310","474"
"158354","200"
"158397","451"
"158420","625"
"158422","70"
"158434","478"
"158436","194"
"158502","591"
"158515","959"
"158575","2807"
"158576","5047"
"158584","100"
"158602","364"
"158609","16232"
"158672","9045"
"158721","440"
"158733","332"
"158770","361"
"158774","1210"
"158787","110"
"158845","333"
"158920","256"
"158930","110"
"159021","717"
"159027","196"
"159040","159"
"159061","2531"
"159071","281"
"159078","200"
"159125","1391"
"159141","238"
"159165","618"
"159169","68"
"159217","246"
"159231","550"
"159261","79"
"159272","1896"
"159290","229"
"159331","81901"
"159383","112"
"159384","1139"
"159396","191"
"159397","34263"
"159427","899"
"159467","833"
"159490","744"
"159498","890"
"159502","137"
"159524","177"
"159545","7066"
"159551","880"
"159560","2633"
"159566","636"
"159572","1064"
"159575","951"
"159579","434"
"159599","168"
"159609","2126"
"159626","66"
"159639","1702"
"159643","8875"
"159646","114"
"159654","18811"
"159670","2010"
"159685","741"
"159686","1985"
"159688","531"
"159694","723"
"159695","613"
"159718","1762"
"159739","66"
"159740","409"
"159756","330"
"159761","156"
"159779","110"
"159787","180"
"159794","290"
"159819","3455"
"159823","2776"
"159839","70"
"159878","6087"
"159894","109"
"159907","117"
"159929","720"
"159956","133"
"159970","1101"
"160010","1282"
"160021","204"
"160055","794"
"160078","942"
"160097","16012"
"160118","513"
"160120","635"
"160136","112"
"160178","79"
"160194","40"
"160226","2850"
"160231","124"
"160271","1098"
"160281","3197"
"160297","2069"
"160309","3126"
"160313","308"
"160324","2990"
"160381","140"
"160386","256"
"160392","78"
"160426","215"
"160433","163"
"160439","100"
"160441","99"
"160443","3924"
"160453","235"
"160516","598"
"160522","99"
"160568","12806"
"160582","150"
"160619","45"
"160637","1067"
"160651","5706"
"160659","4799"
"160666","857"
"160669","2084"
"160672","778"
"160678","1027"
"160747","2605"
"160776","1308"
"160849","420"
"160863","458"
"160874","99"
"160878","206"
"160942","5160"
"160950","1328"
"160987","41"
"161029","2522"
"161037","5215"
"161046","129"
"161070","94"
"161122","4750"
"161173","5465"
"161220","1540"
"161240","413"
"161268","40"
"161272","297"
"161296","2475"
"161316","1024"
"161328","870"
"161395","389"
"161456","303"
"161487","245"
"161504","200"
"161519","73"
"161587","181"
"161590","2071"
"161618","658"
"161666","15235"
"161688","111"
"161737","2437"
"161811","116"
"161819","237"
"161837","81"
"161861","1703"
"161869","242"
"161878","483"
"161879","161"
"161906","171"
"161927","138"
"161931","887"
"161951","724"
"161956","821"
"161957","4034"
"161968","67"
"161990","297"
"161992","383"
"162011","4161"
"162014","337"
"162071","3142"
"162096","2081"
"162132","207"
"162200","728"
"162264","111"
"162316","357"
"162342","3857"
"162372","402"
"162387","7400"
"162436","341"
"162454","531"
"162459","168"
"162475","187"
"162485","1550"
"162492","234"
"162594","5210"
"162601","684"
"162640","491"
"162672","162"
"162698","1111"
"162705","291"
"162708","102"
"162730","817"
"162751","193"
"162782","5133"
"162803","7449"
"162806","654"
"162815","2121"
"162829","2242"
"162839","266"
"162844","1225"
"162847","119"
"162852","1507"
"162894","827"
"162902","1044"
"162906","609"
"162920","137"
"162926","135"
"162940","1530"
"162970","4157"
"162991","66"
"163010","631"
"163049","20209"
"163066","609"
"163076","86"
"163081","3942"
"163110","89"
"163167","449"
"163207","1242"
"163209","61"
"163235","7490"
"163308","72"
"163315","114"
"163432","386"
"163467","428"
"163486","168"
"163521","3350"
"163524","635"
"163531","380"
"163547","1810"
"163588","1018"
"163614","91"
"163620","660"
"163630","492"
"163637","148"
"163684","48"
"164702","574"
"164748","1930"
"164758","111"
"164789","170"
"164798","364"
"164811","552"
"164835","3807"
"164857","1011"
"164860","757"
"164884","173"
"164885","793"
"164921","713"
"164941","1391"
"164987","510"
"165004","105"
"165037","913"
"165065","233"
"165081","76"
"165101","11100"
"165131","2873"
"165177","827"
"165186","1922"
"165197","3146"
"165202","872"
"165296","380"
"165314","714"
"165340","65"
"165435","122"
"165449","1351"
"165452","171"
"165482","574"
"165565","2809"
"165567","82"
"165601","198"
"165607","206"
"165628","916"
"165673","193"
"165684","66"
"165713","5468"
"165716","301"
"165728","358"
"165731","243"
"165750","33075"
"165770","858"
"165812","245"
"165860","559"
"165864","562"
"165869","586"
"165885","170"
"165896","142"
"165918","125"
"165951","757"
"166075","5332"
"166097","115"
"166101","148"
"166131","169"
"166136","2063"
"166146","4374"
"166148","350"
"166156","3310"
"166160","3125"
"166166","444"
"166279","2435"
"166304","89"
"166379","212"
"166385","1302"
"166465","1266"
"166468","108"
"166472","1411"
"166546","1407"
"166559","472"
"166635","226"
"166654","321"
"166675","1056"
"166676","378"
"166682","258"
"166690","134"
"166707","1849"
"166724","79891"
"166744","1332"
"166751","12762"
"166781","386"
"166813","289"
"166847","530"
"166891","82"
"166901","67"
"166903","120"
"166949","581"
"166950","2986"
"167006","855"
"167015","566"
"167019","259"
"167023","697"
"167064","1760"
"167095","190"
"167112","756"
"167116","699"
"167128","406"
"167130","273"
"167144","111"
"167173","62"
"167180","5412"
"167190","2182"
"167216","896"
"167245","293"
"167271","220"
"167276","330"
"167292","328"
"167302","2356"
"167329","78"
"167336","860"
"167353","647"
"167381","312"
"167401","2836"
"167449","203"
"167495","2568"
"167514","251"
"167550","1271"
"167579","5735"
"167613","8429"
"167626","1008"
"167639","1186"
"167650","174"
"167679","423"
"167707","2877"
"167729","718"
"167774","409"
"167807","186"
"167935","4828"
"167983","176"
"167998","282"
"168007","2726"
"168018","274"
"168046","176"
"168060","530"
"168115","98"
"168122","148"
"168230","1003"
"168233","311"
"168244","121"
"168283","81"
"168323","1016"
"168327","5833"
"168359","59734"
"168375","1372"
"168403","1765"
"168434","226"
"168456","832"
"168470","107"
"168516","131"
"168530","723"
"168598","869"
"168602","306"
"168690","228"
"168714","1640"
"168722","75"
"168744","9265"
"168763","790"
"168777","362"
"168821","353"
"168856","67"
"168889","149"
"168913","92"
"168937","671"
"168948","493"
"168958","1863"
"168971","2296"