id,favorite
"10","35"
"32","122"
"65","3"
"130","13"
"213","2"
"215","4"
"235","5"
"238","3"
"278","10"
"378","4"
"448","1"
"465","4"
"477","13"
"589","3"
"600","6"
"603",""
"667","1"
"730","1"
"878","1"
"1080","1"
"1274","4"
"1281","6"
"1283","3"
"1310","1"
"1327","3"
"1537","13"
"1774",""
"1782","2"
"1793","22"
"1812",""
"2070","1"
"2113","12"
"2174",""
"2231","40"
"2452","2"
"2658",""
"2740","1"
"2770","1"
"2826","1"
"2874","1"
"2918",""
"3078","2"
"3129","3"
"3144","9"
"3246",""
"3290","15"
"3416","2"
"3488","1"
"3493",""
"3574",""
"3592","243"
"3611","32"
"3664","1"
"3681","6"
"3727","3"
"3945","5"
"4016","6"
"4143","9"
"4210",""
"4256","2"
"4313","1"
"4410","1"
"4533","5"
"4699","2"
"4767","1"
"4910","3"
"4925","1"
"5043",""
"5044","1"
"5085","12"
"5175","2"
"5366",""
"5502",""
"5523",""
"5526","1"
"5613","3"
"5762",""
"5812",""
"5833","3"
"5857","1"
"5951","1"
"6562","1"
"6569",""
"6587",""
"6620",""
"6641","4"
"6868","3"
"6918","1"
"6919","12"
"6940","1"
"6944","2"
"7024","3"
"7181","2"
"7236","1"
"7261","6"
"7280","2"
"7431","1"
"7587","1"
"7595","4"
"7726","25"
"7833",""
"7840","9"
"7944","7"
"7967","1"
"8028",""
"8072","8"
"8085","2"
"8206","1"
"8220","4"
"8225","2"
"8277",""
"8316","1"
"8417","35"
"8518",""
"8534",""
"8638","0"
"8695",""
"8786",""
"8829",""
"8919",""
"9011","31"
"9031","3"
"9115","2"
"9119","1"
"9192","9"
"9372","1"
"9402","1"
"9415","15"
"9603",""
"9663","3"
"9708","4"
"9932",""
"9974",""
"10044","2"
"10219",""
"10227","15"
"10228","3"
"10404","1"
"10452","16"
"10454",""
"10634","1"
"10867",""
"10962","3"
"10989","5"
"11083","2"
"11112","1"
"11141",""
"11233",""
"11272","3"
"11299",""
"11309",""
"11391","7"
"11404",""
"11441","2"
"11513",""
"11532","1"
"11550","13"
"11655","1"
"11875",""
"11898","2"
"11912","2"
"11930","3"
"12321","6"
"12413",""
"12415",""
"12446","11"
"12457","2"
"12479",""
"12618","5"
"12654","1"
"12878",""
"12939","1"
"13194","15"
"13279",""
"13374","6"
"13551",""
"13703",""
"14098","1"
"14154","2"
"14210",""
"14286","1"
"14328",""
"14396",""
"14474",""
"14505","15"
"14515",""
"14613",""
"14687",""
"14735","1"
"15016","1"
"15038","0"
"15048","2"
"15058","2"
"15076","73"
"15124",""
"15163",""
"15255","4"
"15298","4"
"15301",""
"15355",""
"15585","3"
"15638",""
"15797","1"
"15909",""
"15953",""
"15973",""
"16023","1"
"16175",""
"16214","1"
"16264",""
"16345",""
"16351","6"
"16449","7"
"16537",""
"16581","1"
"16612","0"
"16644","0"
"16679","1"
"16706","4"
"16737","1"
"16782","1"
"16908",""
"16996",""
"17054",""
"17079",""
"17127","1"
"17210","1"
"17273",""
"17276","4"
"17318",""
"17364","1"
"17487","4"
"17517",""
"17536",""
"17633","1"
"17638",""
"17971",""
"18047",""
"18054",""
"18066",""
"18166",""
"18225","11"
"18249","3"
"18321",""
"18328","1"
"18726","1"
"18775",""
"18875","13"
"18878","20"
"18959",""
"18974",""
"19156",""
"19209",""
"19294","1"
"19326","2"
"19330",""
"19406",""
"19623",""
"19638","1"
"19910",""
"19915","3"
"19979","1"
"19981",""
"19999","1"
"20028","1"
"20159",""
"20253",""
"20343",""
"20349","1"
"20381",""
"20429",""
"20465","0"
"20507","1"
"20535","1"
"20688",""
"20691",""
"20719",""
"20778","7"
"20786","1"
"20857",""
"20928","3"
"20939",""
"20974",""
"21057","3"
"21088",""
"21118",""
"21140","1"
"21149","0"
"21253","1"
"21278","1"
"21327","4"
"21362",""
"21541",""
"22564",""
"22808",""
"22828","3"
"23140","2"
"23190","3"
"23202",""
"23364",""
"23482",""
"23493",""
"23564","2"
"23621",""
"23690","3"
"23741","1"
"23787","2"
"23906",""
"23957",""
"24121","1"
"24141",""
"24153",""
"24163","2"
"24195","58"
"24209",""
"24385",""
"24400","14"
"24410","4"
"24420","2"
"24482","5"
"24592","4"
"24697","4"
"24751",""
"24845",""
"24847",""
"24891",""
"24935",""
"25046",""
"25119",""
"25189",""
"25419",""
"25449",""
"25557","5"
"25667","6"
"25798","1"
"25966",""
"26287","2"
"26394","1"
"26496",""
"26551","5"
"26627",""
"26690","6"
"26739",""
"27874",""
"29040",""
"29068","3"
"29338",""
"29517","1"
"29642","18"
"29742","11"
"29749",""
"29798",""
"30071",""
"30082",""
"30091","7"
"30140","1"
"30191",""
"30280","2"
"30352","1"
"30432","1"
"30560","9"
"30584",""
"30630","1"
"30631",""
"30680",""
"30719",""
"30754","17"
"30896",""
"30980","1"
"31076","1"
"31168","3"
"31201",""
"31213","2"
"31232","1"
"31273",""
"31286",""
"31306","2"
"31320","6"
"31415",""
"31424",""
"31461",""
"31566",""
"31659","18"
"31748","3"
"31755",""
"31828",""
"31870",""
"31946","1"
"31999","6"
"32058","4"
"32092","2"
"32303",""
"32308","30"
"32500",""
"32596","1"
"32612","1"
"32758",""
"32759",""
"32833",""
"32862","2"
"32879","1"
"32928","16"
"33009",""
"33017","1"
"33062",""
"33106",""
"33135",""
"33235","2"
"33270",""
"33323","6"
"33326","6"
"33523","1"
"33581",""
"33613","1"
"33639","1"
"33688","0"
"33741","4"
"33873","4"
"33895",""
"33925",""
"34009",""
"34088","5"
"34096",""
"34136",""
"34312",""
"34427","3"
"34498","1"
"34562","3"
"34606",""
"34635",""
"34655","3"
"34676","1"
"34804","7"
"34805","1"
"34850",""
"34909","1"
"34986","1"
"35060",""
"35061","5"
"35075",""
"35155",""
"35317",""
"35356",""
"35369","4"
"35395","3"
"35420",""
"35515",""
"35591",""
"35652","3"
"35712",""
"35758",""
"35773","6"
"35803",""
"35845","1"
"35883","3"
"35904","1"
"35944",""
"36447","23"
"36475",""
"36484",""
"36538","2"
"36565",""
"36616","2"
"36668",""
"36769",""
"36849",""
"36934",""
"37362","2"
"37484","1"
"37749","3"
"37832","9"
"37921","1"
"37937",""
"37980","2"
"38070","3"
"38131",""
"38192",""
"38199","7"
"38395",""
"38406",""
"38490","1"
"38509",""
"38519",""
"38550",""
"38580","3"
"38705",""
"38801","4"
"38880",""
"38893","1"
"39050",""
"39054","2"
"39303",""
"39468",""
"39608","3"
"39671",""
"39735","1"
"39736","1"
"39818","3"
"39889",""
"39897",""
"39898",""
"39995","2"
"40074","1"
"40170",""
"40257","4"
"40330",""
"40427",""
"40453",""
"40715",""
"40784","2"
"40811","1"
"40904",""
"41050",""
"41170","1"
"41207","1"
"41290","1"
"41401",""
"41410",""
"41411",""
"41445",""
"41596",""
"41890",""
"41941","14"
"41961","2"
"41971","4"
"42028",""
"42199",""
"42315",""
"42318","2"
"42345",""
"42516","1"
"42527","4"
"42531",""
"42550","0"
"42616","3"
"42640","0"
"42756",""
"42779","1"
"42904",""
"42959",""
"43091","5"
"43125","1"
"43169","1"
"43392","1"
"43436","4"
"43489",""
"43528","4"
"43585","2"
"43639","26"
"43703",""
"43706",""
"43784",""
"43902",""
"44055",""
"44093",""
"44208","3"
"44231",""
"44291","0"
"44298",""
"44339","1"
"44418","5"
"44509","3"
"44518",""
"44531",""
"44630",""
"44689",""
"44750","9"
"44840","1"
"44982",""
"44983",""
"45002",""
"45112","7"
"45206",""
"45209","1"
"45332","2"
"45468",""
"45474",""
"45564","1"
"45639","1"
"45648",""
"45667",""
"45689",""
"45735",""
"45761",""
"45787",""
"45860","7"
"45864","1"
"45910",""
"46008",""
"46066",""
"46192","2"
"46193","1"
"46248",""
"46403",""
"46457","2"
"46682","2"
"46721",""
"46739",""
"46773",""
"46816","1"
"46826",""
"46885",""
"46894",""
"47089",""
"47104","1"
"47253",""
"47539",""
"47646",""
"47650","0"
"47684","5"
"47717",""
"47807","2"
"47869","1"
"47920",""
"47937",""
"48013",""
"48157",""
"48166","3"
"48262","1"
"48323",""
"48415",""
"48511","3"
"48523","4"
"48587",""
"48611","3"
"48615","1"
"48621",""
"48637",""
"48692","3"
"48938",""
"49185","15"
"49315","5"
"49487",""
"49512",""
"49539","1"
"49849","4"
"49852","3"
"51021",""
"51031",""
"51071","2"
"51105","2"
"51127",""
"51188",""
"51226",""
"51236","1"
"51259","1"
"51282",""
"51295",""
"51312",""
"51410",""
"51420","1"
"51427",""
"51601","1"
"51628",""
"51629","1"
"51630",""
"51715",""
"51788","5"
"51797",""
"51916",""
"51939","1"
"52053","2"
"52060",""
"52104","2"
"52106",""
"52168","1"
"52224",""
"52347",""
"52489",""
"52558",""
"52663",""
"52670","3"
"52727",""
"52782",""
"52785",""
"52788",""
"52815","1"
"52843","2"
"52868",""
"53075",""
"53197",""
"53218","2"
"53233","3"
"53333","1"
"53354",""
"53389","1"
"53454","1"
"53469","3"
"53504",""
"53564",""
"53588","1"
"53849",""
"53937",""
"54158",""
"54198",""
"54312","1"
"54368","2"
"54400",""
"54407","2"
"54409",""
"54426",""
"54573",""
"54626",""
"54684",""
"54814",""
"54879","4"
"54897","3"
"54926",""
"54949","6"
"54978",""
"55042",""
"55048","1"
"55236",""
"55279","14"
"55314",""
"55422","1"
"55583",""
"55630",""
"55823",""
"55958",""
"56007",""
"56061",""
"56089",""
"56120",""
"56253",""
"56324",""
"56467","2"
"56475",""
"56549",""
"56619",""
"56640","1"
"56717",""
"56857","2"
"56872",""
"56910","1"
"56931",""
"56944",""
"56968","1"
"57006","1"
"57027",""
"57102",""
"57236","1"
"57275",""
"57374","2"
"57375","1"
"57612",""
"57614",""
"57646","37"
"57681","2"
"57832",""
"57868","2"
"57878","5"
"57969",""
"58094","2"
"58415","0"
"58431",""
"58534",""
"58725","1"
"58744","1"
"58765","1"
"58777","2"
"58909","1"
"58911","1"
"58971","1"
"59120",""
"59128",""
"59143",""
"59274",""
"59396",""
"59418",""
"59423","4"
"59473","2"
"59521",""
"59594",""
"60726","16"
"60734",""
"60744","1"
"60750","1"
"60888","1"
"60913","2"
"60924","1"
"61122","4"
"61286","1"
"61318","1"
"61364",""
"61371",""
"61399","2"
"61404","5"
"61427","2"
"61473","1"
"61623",""
"61653","1"
"61785","4"
"61794",""
"61948","2"
"61969","7"
"61991",""
"61992",""
"62141",""
"62240","3"
"62390",""
"62540",""
"62595",""
"62759",""
"62767",""
"62817","1"
"62869","1"
"62891","1"
"62893",""
"63004","2"
"63005","1"
"63087","0"
"63204","1"
"63228","1"
"63288","1"
"63346","1"
"63356",""
"63378","1"
"63429",""
"63560","1"
"63592","3"
"63599","6"
"63705",""
"63779","1"
"63785","1"
"63845","16"
"63849",""
"63866","4"
"63893",""
"63924",""
"63947","3"
"64221",""
"64230","1"
"64295",""
"64310","1"
"64363","1"
"64428","1"
"64455","1"
"64539","1"
"64644",""
"64670",""
"64801","1"
"64812",""
"64925",""
"64934","1"
"65019",""
"65090","1"
"65230",""
"65246","1"
"65280","6"
"65361",""
"65443","1"
"65475","2"
"65614","1"
"65636",""
"65637",""
"65721",""
"65729","1"
"65883",""
"65968",""
"65989","5"
"66001",""
"66024","1"
"66033",""
"66070","1"
"66099","2"
"66137","1"
"66231","2"
"66414","1"
"66490","5"
"66500",""
"66615","1"
"66699","6"
"66713","3"
"66728","2"
"66771","1"
"66773","1"
"66832",""
"66849","1"
"67057","1"
"67066","11"
"67077",""
"67213",""
"67241","1"
"67242","4"
"67504","1"
"67623","1"
"67686","1"
"67692",""
"67778","1"
"67782","1"
"67855",""
"67961","1"
"67972","4"
"68008","3"
"68073",""
"68148","2"
"68156","2"
"68181","2"
"68189",""
"68198","1"
"68208",""
"68321","2"
"68395","1"
"68472",""
"68552","2"
"68558","4"
"68701","7"
"68778",""
"68805",""
"68864","1"
"68994",""
"69084",""
"69102","1"
"69173","0"
"69181","3"
"69279","10"
"69424","1"
"70589","2"
"70638",""
"70719","105"
"70785","1"
"70801","1"
"70871","1"
"70921",""
"70973","1"
"71049","1"
"71126","5"
"71139",""
"71141","2"
"71176",""
"71424","3"
"71474","4"
"71498","1"
"71558","1"
"71627",""
"71694","2"
"71753","1"
"71868","1"
"71930","3"
"71969","2"
"72005","3"
"72231",""
"72324","1"
"72382","1"
"72485","1"
"72624","2"
"72636","1"
"72638","2"
"72640",""
"72742","2"
"72780","1"
"72940","1"
"72954","3"
"72978","1"
"73095","11"
"73202",""
"73243","1"
"73389","1"
"73538","3"
"73540",""
"73605","1"
"73676",""
"74011","1"
"74134",""
"74149","1"
"74182","1"
"74390",""
"74432","2"
"74470","1"
"74524","5"
"74538","2"
"74558",""
"74729",""
"75738",""
"75810",""
"75837","1"
"75873","2"
"75918","1"
"76108","1"
"76261",""
"76278",""
"76298","1"
"76436","5"
"76507","1"
"76552","1"
"76554","1"
"76606","1"
"76619","1"
"76677","1"
"76699","1"
"76706","8"
"76781",""
"76791",""
"76809",""
"76863",""
"76879","1"
"76883",""
"76889",""
"76928","3"
"77061","1"
"77088","2"
"77137",""
"77200",""
"77246",""
"77410",""
"77415","2"
"77424","2"
"77518",""
"78688","2"
"78823","3"
"78841","2"
"78843",""
"78928","5"
"79023","2"
"79113",""
"79125",""
"79179","1"
"79197","0"
"79231",""
"79326","12"
"79352",""
"79394",""
"79421","1"
"79602","1"
"79603",""
"79652",""
"79747","2"
"79789","2"
"79828","3"
"79835",""
"79850","4"
"79868",""
"79884",""
"80131",""
"80225",""
"80263","8"
"80417","4"
"80478",""
"80485","1"
"80488","4"
"80510","1"
"80522","1"
"80523","1"
"80586",""
"80589","1"
"80622",""
"80663","1"
"80723","2"
"80755","1"
"80822","4"
"80837","10"
"80861","3"
"80863",""
"80871","2"
"81062","1"
"81070","3"
"81132",""
"81157","2"
"81166","2"
"81192","1"
"81262","2"
"81319","1"
"81336","2"
"81345","2"
"81355","1"
"81454","1"
"81474",""
"81486","7"
"81586","1"
"81612",""
"81625","2"
"81639","1"
"81677","18"
"81693","2"
"81699",""
"81763",""
"81769","1"
"81815",""
"81994","3"
"82035","16"
"82092","2"
"82104",""
"82112",""
"82273","2"
"82366","2"
"82559","1"
"82586","9"
"82604",""
"82688",""
"82716","4"
"82752","1"
"82766","3"
"82828",""
"82831",""
"82943","1"
"82945","1"
"82958","4"
"82961","3"
"82964","2"
"83015",""
"83017","2"
"83028","12"
"83049","1"
"83092","3"
"83137","1"
"83151",""
"83268",""
"83358","1"
"83409","4"
"83433",""
"83534",""
"83568","3"
"83660","7"
"83726",""
"83728","2"
"84092","1"
"84139","1"
"84266",""
"84294","1"
"84302","4"
"84325","0"
"84339","1"
"84361","1"
"84380",""
"84486","1"
"84491","1"
"84530",""
"84569",""
"84737","1"
"84767","5"
"84786","3"
"84793","1"
"84807","1"
"84875","1"
"84919",""
"84933",""
"85018",""
"85044","1"
"85089","1"
"85105",""
"85132",""
"85411",""
"85459","3"
"85483",""
"85497",""
"85560","1"
"85581",""
"85710",""
"85914","1"
"86046","1"
"86132",""
"86139","2"
"86158",""
"86161",""
"86182","1"
"86186","1"
"86194",""
"86201","2"
"86234","1"
"86327","1"
"86366",""
"86395",""
"86456",""
"86515",""
"86547","1"
"86696","2"
"86857","3"
"86869","2"
"86923",""
"86990",""
"87007",""
"87026",""
"87102",""
"87137","1"
"87188",""
"87320","7"
"87344",""
"87400","1"
"87458","3"
"87494","2"
"87534",""
"87542",""
"87553",""
"88583",""
"88601",""
"88630",""
"88684","2"
"88724","3"
"88889",""
"88936",""
"88980","1"
"89003","0"
"89024",""
"89080","1"
"89181",""
"89396",""
"89397",""
"89553","2"
"89639",""
"89916","3"
"90135",""
"90155",""
"90230",""
"90247","0"
"90287",""
"90289",""
"90306","1"
"90369","1"
"90534","5"
"90724",""
"90795",""
"90936","2"
"90939",""
"90970",""
"91039",""
"91087","3"
"91215",""
"91309","1"
"91402",""
"91407","4"
"91431","1"
"91451","3"
"91521",""
"91773","1"
"91887",""
"91934",""
"91969","3"
"92011","7"
"92148",""
"92180","1"
"92263","1"
"92300",""
"92421","3"
"92464","3"
"92493",""
"92642",""
"92643",""
"92700",""
"92748","3"
"92766","13"
"92846","0"
"92875",""
"92904",""
"92919",""
"92979",""
"93248",""
"93370","3"
"93447",""
"93467",""
"93527",""
"93542","4"
"93545",""
"93573","1"
"93648","1"
"93658",""
"93776","2"
"93836","2"
"93970","2"
"94002","1"
"94017","11"
"94274","1"
"94317","0"
"94473",""
"94577","2"
"94585",""
"94633","1"
"94640","1"
"94706","1"
"94711",""
"94856",""
"94857",""
"95119","2"
"95123",""
"95245","4"
"95276","5"
"95335","1"
"95384",""
"95524","1"
"95580","2"
"95629","0"
"95641",""
"95812",""
"95850","1"
"95936","1"
"95982","1"
"96025",""
"96078","2"
"96100","2"
"96117","2"
"96212",""
"96247","1"
"96278","4"
"96335",""
"96455",""
"96564","1"
"96589",""
"96610","1"
"96615",""
"96787",""
"96798","3"
"96883","8"
"96947","2"
"97015",""
"97065",""
"97146","1"
"97198","2"
"97305",""
"97368","2"
"97380","1"
"97520",""
"97689","1"
"97810","2"
"97811",""
"97892","1"
"97946",""
"98031","1"
"98075","1"
"98187","1"
"98317","1"
"98389",""
"98403",""
"98419","2"
"98427","1"
"98436","3"
"99614",""
"99840",""
"99902","2"
"99921",""
"99989","1"
"100020","3"
"100074",""
"100140",""
"100146",""
"100274",""
"100309",""
"100405",""
"100410","1"
"100418","1"
"100551",""
"100615",""
"100643",""
"100689",""
"100722",""
"100743","16"
"100757","1"
"100860",""
"100926","1"
"100953",""
"100999","1"
"101179",""
"101235","1"
"101336","2"
"101406",""
"101440",""
"101448",""
"101453",""
"101514","1"
"101529",""
"101530",""
"101637",""
"101721","12"
"101758",""
"101828",""
"101849","1"
"101957","1"
"101997",""
"102001","1"
"102026","1"
"102060",""
"102078",""
"102169",""
"102451",""
"102603","1"
"102674",""
"102711","0"
"102744",""
"102799","6"
"102818","1"
"103041",""
"103058",""
"103089","6"
"103396",""
"103408",""
"103433","1"
"103515","3"
"103602","3"
"103658","2"
"103671",""
"103689",""
"103722",""
"103723",""
"103823",""
"103844",""
"103862",""
"103933","2"
"103960","1"
"104122",""
"104152",""
"104244","1"
"104402",""
"104486","2"
"104522",""
"104525",""
"104692",""
"104836",""
"104868",""
"104921",""
"104957","1"
"105065",""
"105197","3"
"105277","1"
"105375",""
"105434",""
"105480","2"
"105493","5"
"105541",""
"105652","0"
"105689",""
"105834","2"
"105906",""
"105925",""
"105934",""
"106014","1"
"106085",""
"106122","1"
"106159",""
"106188","30"
"106206","5"
"106224",""
"106275","1"
"106310","8"
"106362",""
"106403","1"
"106501",""
"106714",""
"106752","1"
"107035","1"
"107209","1"
"107268","4"
"107301","1"
"107340","2"
"107413","3"
"107441","1"
"107444","0"
"107523",""
"107565",""
"107641",""
"107695",""
"107699","0"
"107722",""
"107833","6"
"107846","2"
"108125",""
"108167",""
"108179",""
"108261","3"
"108268",""
"108320","0"
"108390",""
"108398",""
"108461",""
"108489",""
"108658",""
"108738",""
"108886",""
"108961",""
"108985","2"
"108994","1"
"109010","1"
"109091",""
"109173",""
"109339","2"
"109342",""
"109387","1"
"109471","2"
"109590",""
"109602","3"
"109751",""
"109822","1"
"109905","1"
"109925",""
"109935","2"
"110101","4"
"110169",""
"110218",""
"110278","2"
"110354","1"
"110369",""
"110388","1"
"110533",""
"110558","2"
"110575","1"
"110599","1"
"110600","15"
"110646","1"
"110749","3"
"110943",""
"110972",""
"111014",""
"111040","10"
"111258","1"
"111294",""
"111296",""
"111308","1"
"111398","1"
"111550",""
"111705",""
"111733","3"
"111738",""
"111777",""
"111935",""
"111975","1"
"111989","2"
"112009","2"
"112028",""
"112070","2"
"112096",""
"112208","1"
"112239",""
"112325",""
"112329",""
"112494",""
"112553",""
"112742","1"
"112743",""
"112772","1"
"112845","6"
"112931","4"
"112952",""
"113005","2"
"113031",""
"113057","1"
"113123","1"
"113266",""
"113291","1"
"113445",""
"113482",""
"113560","1"
"114661","1"
"114708",""
"114784","1"
"114823",""
"114875","2"
"114890",""
"114897","44"
"114912",""
"115119",""
"115161","1"
"115232",""
"115286","1"
"115330",""
"115428",""
"115441",""
"115507","34"
"115530",""
"115576",""
"115613","5"
"115695","6"
"115721","2"
"115911",""
"115962","1"
"116052",""
"116079","4"
"116093","1"
"116170","2"
"116222",""
"116313",""
"116314",""
"116328","1"
"116500","1"
"116518","1"
"116663",""
"116668",""
"116716",""
"116756",""
"116765",""
"116819","2"
"116870",""
"116915",""
"116960",""
"117113",""
"117129","3"
"117170","1"
"117316",""
"117382",""
"117433","1"
"117441",""
"117460","12"
"117518","1"
"117666",""
"117671","1"
"117752","2"
"117798","1"
"117878","1"
"117986",""
"118022","1"
"118057","1"
"118119",""
"118239","1"
"118271",""
"118276","3"
"118286","1"
"118290",""
"118330","1"
"118344","6"
"118383",""
"118435","4"
"118515",""
"118518",""
"118732",""
"118804","8"
"118811",""
"118988","5"
"119094",""
"119165","1"
"119345",""
"119364","9"
"119551","1"
"119640","1"
"119687","1"
"119695",""
"119727","1"
"119764","0"
"119808",""
"119869","3"
"119920",""
"119979","1"
"120025","1"
"120030",""
"120071",""
"120185",""
"120218","1"
"120270","1"
"120357",""
"120358","1"
"120361","1"
"120402",""
"120414","1"
"120472","1"
"120614","1"
"120680","3"
"120808","18"
"120813",""
"120861","7"
"120931",""
"120990","2"
"121035",""
"121044","4"
"121062",""
"121080","5"
"121097","1"
"121100","55"
"121179","1"
"121197","1"
"121200","4"
"121238",""
"121305",""
"121340",""
"121351",""
"121370",""
"121371",""
"121379",""
"121465","3"
"121570",""
"121583","1"
"121618","2"
"121643","4"
"121801",""
"121924","2"
"121930","1"
"121972","7"
"121993",""
"122231","2"
"122270",""
"122424","1"
"122441","2"
"122570",""
"122576",""
"122589","2"
"122726",""
"122954",""
"122994","4"
"123018","1"
"123143",""
"123158",""
"123204","1"
"123291",""
"123402",""
"123415","1"
"123463",""
"123542",""
"123622",""
"123659","2"
"123717","22"
"123720","6"
"123782",""
"123811",""
"123860","3"
"123894","0"
"123911",""
"123929","0"
"124023",""
"124172",""
"124256",""
"124297","2"
"124429",""
"124510",""
"124520",""
"124612",""
"124632","2"
"124633","8"
"124667","1"
"124904","2"
"126148",""
"126248","1"
"126342",""
"126369","1"
"126373",""
"126393","1"
"126399","6"
"126424","9"
"126507",""
"126659",""
"126753","1"
"126812",""
"126847","3"
"126848","4"
"126872",""
"126890",""
"127085",""
"127156",""
"127168",""
"127180",""
"127325",""
"127433",""
"127455","2"
"127461",""
"127514","1"
"127537",""
"127581",""
"127603",""
"127606","1"
"127608",""
"127615",""
"127637","1"
"127711","1"
"127802","1"
"127938",""
"128139",""
"128186","1"
"128212","2"
"128286","4"
"128397",""
"128543","13"
"128565",""
"128673",""
"128795",""
"128820",""
"128878",""
"128905","2"
"129026","1"
"129058","1"
"129207",""
"129218",""
"129366","1"
"129384",""
"129447","12"
"129538","2"
"129560","1"
"129754",""
"129883",""
"129951",""
"130011","1"
"130013","1"
"130053",""
"130054",""
"130075",""
"130269",""
"130284","1"
"130358",""
"130693","1"
"130732","3"
"130901",""
"130961","1"
"131085","1"
"131118",""
"131156",""
"131373",""
"131380",""
"131761",""
"131789","5"
"131837",""
"132923","1"
"133038",""
"133043","1"
"133052",""
"133104","1"
"133166",""
"133197","1"
"133200",""
"133214",""
"133276",""
"133305",""
"133345","1"
"133476",""
"133549",""
"133565","1"
"133588",""
"133629","0"
"133698",""
"133737","1"
"133787","8"
"133808","1"
"133931",""
"134011",""
"134178",""
"134187",""
"134303",""
"134316",""
"134329",""
"134362","1"
"134429",""
"134452",""
"134458","5"
"134578",""
"134601","1"
"134792","1"
"134808",""
"134813","4"
"134828",""
"134849",""
"134876",""
"134904","1"
"134918",""
"134972",""
"135035",""
"135150",""
"135465",""
"135474","1"
"135501","1"
"135583",""
"135623","1"
"135714","1"
"135842",""
"135848",""
"135884","28"
"135947","1"
"135963",""
"136045","3"
"136122","1"
"136210",""
"136265",""
"136356","1"
"136558",""
"136625",""
"136626",""
"136673",""
"136698",""
"136730",""
"136800",""
"136806","2"
"136816",""
"137015",""
"137087",""
"137199",""
"137227",""
"137251",""
"137301",""
"137310",""
"137337",""
"137343","1"
"137451",""
"137671",""
"137782",""
"137811",""
"137907",""
"137930",""
"138055","0"
"138133",""
"138395","1"
"138507",""
"138512","0"
"138531",""
"138538",""
"138546","1"
"138606","74"
"138668",""
"138765",""
"138813",""
"138817","2"
"138869",""
"138910",""
"138966","2"
"139181",""
"139364","33"
"139394",""
"139440",""
"139622","0"
"139679","1"
"139711",""
"139783",""
"139839",""
"139843","1"
"139854",""
"139877",""
"139889","1"
"139907",""
"139932",""
"139952","5"
"139970",""
"140020",""
"140023","2"
"140034","2"
"140073",""
"140232",""
"140235",""
"140244","2"
"140246",""
"140248","1"
"140265","1"
"140293",""
"140302",""
"140326","2"
"140346",""
"140431",""
"140460","1"
"140580","1"
"140584","13"
"140635","1"
"140703","1"
"140704",""
"140714","1"
"140781",""
"140803",""
"140984",""
"141004","1"
"141080","2"
"141094","2"
"141291","4"
"141361",""
"141502","1"
"141553",""
"141586","2"
"141596",""
"141599",""
"141637",""
"141749",""
"141780",""
"141846",""
"141954","2"
"142031",""
"142100",""
"142142",""
"142214",""
"142231",""
"142260",""
"142333","1"
"142398",""
"142543","1"
"142566",""
"142581",""
"142625",""
"142633",""
"142673",""
"142718","1"
"142956",""
"143025",""
"143039","1"
"143070",""
"143113","2"
"143122","2"
"143133",""
"143141","6"
"143152","1"
"143167",""
"143168",""
"143205",""
"143292","0"
"143411",""
"143445",""
"143467",""
"143540",""
"143571","1"
"143630","1"
"143640",""
"143675",""
"143690",""
"143700","1"
"143719",""
"143962",""
"143980",""
"144014","0"
"144031",""
"144034",""
"144054",""
"144087",""
"144111","1"
"144135","1"
"144164",""
"144189",""
"144199",""
"144246","1"
"144261",""
"144267","2"
"144362",""
"144363",""
"144392","1"
"144439","1"
"144451",""
"144507",""
"144527",""
"144540",""
"144557",""
"144686","2"
"144732","3"
"144762","1"
"145142",""
"145373",""
"145659","1"
"145716","1"
"145807",""
"145813",""
"145829","2"
"145970","1"
"146001",""
"146068",""
"146111",""
"146188",""
"146251",""
"146274","0"
"146346",""
"146386","5"
"146393",""
"146420",""
"146469",""
"146471",""
"146488","1"
"146517",""
"146573","2"
"146609","1"
"146729","2"
"146813",""
"146818","1"
"146906",""
"146964",""
"146968",""
"147042",""
"147106",""
"147189",""
"147234",""
"147402",""
"147520",""
"147536",""
"147589","1"
"147600",""
"147775",""
"147898",""
"147945","2"
"148184",""
"148209",""
"148279",""
"148311","1"
"148351","1"
"148362",""
"148428","1"
"148486",""
"148497","12"
"148619",""
"148653",""
"148791",""
"148878","2"
"148884",""
"148917","1"
"148974",""
"149046",""
"149085","1"
"149133","11"
"149163",""
"149212",""
"149301","1"
"149352",""
"149466","6"
"149495","1"
"149502",""
"149543",""
"149634",""
"149706",""
"149754","6"
"149768","9"
"149810",""
"149921","1"
"150051",""
"150108",""
"150228",""
"150288","1"
"150356",""
"150386","3"
"150485",""
"150505",""
"150589",""
"150694",""
"150966",""
"150977",""
"151012",""
"151023",""
"151094","1"
"151149",""
"151164",""
"151206",""
"151229",""
"151305",""
"151320",""
"151358",""
"151402","1"
"151409",""
"151490","1"
"151507","6"
"151524",""
"151604","1"
"151642","2"
"151710",""
"151746","2"
"151805",""
"151862",""
"152065",""
"152159",""
"152185","1"
"152223","13"
"152297",""
"152330",""
"152426",""
"152446",""
"152471",""
"152537","1"
"152555",""
"152633",""
"152639",""
"152642","1"
"152859",""
"153015","2"
"153059",""
"153305","1"
"153369",""
"153382",""
"153445",""
"153466",""
"153537","4"
"153568",""
"153583","2"
"153588",""
"153734",""
"153740",""
"153766",""
"153846",""
"153886","0"
"154008",""
"154023",""
"154051",""
"154091",""
"154166",""
"154273",""
"154457",""
"154497","1"
"154633",""
"154700",""
"154725",""
"154816",""
"154886","1"
"154906",""
"154908","3"
"154911",""
"154948",""
"155027",""
"155066",""
"155093",""
"155098",""
"155156",""
"155169","3"
"155172",""
"155226",""
"155234",""
"155252","1"
"155386",""
"155406",""
"155455",""
"155476","1"
"155527","2"
"155572","8"
"155597",""
"155600","2"
"155633",""
"155742","2"
"155864",""
"155869","1"
"155918",""
"156987","1"
"157030",""
"157203",""
"157240",""
"157352","1"
"157409",""
"157415","3"
"157591",""
"157640","3"
"157797",""
"157827",""
"157849",""
"157895",""
"157946","2"
"158007",""
"158044",""
"158066","1"
"158071","1"
"158079","1"
"158196",""
"158207",""
"158220","1"
"158261",""
"158263",""
"158309",""
"158423",""
"158439",""
"158618",""
"158708","0"
"158731","1"
"158866","1"
"158887",""
"158891",""
"158914","1"
"158947",""
"158965",""
"158967","1"
"158971",""
"159016",""
"159019","1"
"159069","1"
"159080",""
"159255",""
"159406",""
"159417",""
"159441",""
"159474",""
"159506",""
"159540",""
"159556",""
"159613",""
"159636",""
"159677",""
"159744","2"
"159803",""
"159920","0"
"159946",""
"159966",""
"159969",""
"160014","1"
"160020",""
"160117","2"
"160175",""
"160199",""
"160235","2"
"160349",""
"160405",""
"160418",""
"160434",""
"160469","1"
"160526",""
"160605","1"
"160634",""
"160635",""
"160639","1"
"160683",""
"160685",""
"160769",""
"160808","8"
"160837",""
"160869",""
"160899",""
"160918","0"
"160921",""
"161027",""
"161111",""
"161112","1"
"161148",""
"161254",""
"161260",""
"161280","1"
"161523",""
"161535",""
"161575","1"
"161589",""
"161624","0"
"161719",""
"161729",""
"161742",""
"161777",""
"161833",""
"161912",""
"161967","1"
"161987",""
"162111",""
"162115",""
"162206","1"
"162211","1"
"162222","1"
"162240","9"
"162270","1"
"162272",""
"162330",""
"162374",""
"162551","1"
"162690","7"
"162776",""
"162802",""
"162957","4"
"162979","3"
"163054",""
"163115",""
"163168","0"
"163196",""
"163212","4"
"163254",""
"163363","4"
"163386","2"
"163394",""
"163396",""
"163516","1"
"163553",""
"163613",""
"163687","0"
"164726","1"
"164727",""
"164732","1"
"164741","1"
"164756",""
"164935","3"
"165027",""
"165054",""
"165321",""
"165328","2"
"165367",""
"165454",""
"165466",""
"165501",""
"165536",""
"165631",""
"165683",""
"165695",""
"165706",""
"165711",""
"165778","1"
"165848",""
"165931",""
"166113",""
"166140",""
"166190",""
"166191",""
"166271",""
"166321",""
"166370",""
"166386","3"
"166425",""
"166492",""
"166571",""
"166589",""
"166683","1"
"166695",""
"166754",""
"166803",""
"166806",""
"166827","1"
"166863","1"
"166869","1"
"167040",""
"167087",""
"167105",""
"167166","1"
"167172",""
"167208",""
"167242",""
"167278",""
"167297",""
"167372",""
"167399",""
"167422","8"
"167460",""
"167513","3"
"167760",""
"167766",""
"167846","2"
"168052",""
"168067",""
"168093","1"
"168101","2"
"168137","2"
"168237","1"
"168304",""
"168371",""
"168393",""
"168399",""
"168412","1"
"168433",""
"168487",""
"168538",""
"168605",""
"168868","1"
"168879",""
"168909","1"
"168932","3"
"168998",""
"169027","5"
"169069","1"
"169074","1"
"169079","2"
"169083",""
"169114","1"
"169115",""
"169124","3"
"169133","1"
"169150","1"
"169187","3"
"169209",""
"169215",""
"169228",""
"169254",""
"169257","1"
"169272","1"
"169291","2"
"169293","1"
"169302","1"
"169303","4"
"169364",""
"169384",""
"169406",""
"169427","1"
"169431",""
"169435",""
"169448",""
"169456",""
"169499",""
"169506",""
"169527","1"
"169580",""
"169594",""
"169663",""
"169666","1"
"169709",""
"169716",""
"169735","1"
"169747","2"
"169748","5"
"169756",""
"169790","1"
"169858",""
"169872",""
"169886",""
"169902",""
"169969","1"
"169974","2"
"169982",""
"170000","1"
"170018","3"
"170019",""
"170027",""
"170040",""
"170046",""
"170047",""
"170070",""
"170076",""
"170091","1"
"170140",""
"170229",""
"170238","2"
"170243","1"
"170256",""
"170302",""
"170352",""
"170378","14"
"170388","25"
"170420",""
"170444",""
"170448",""
"170454",""
"170459",""
"170473",""
"170477","3"
"170501","2"
"170523","3"
"170539",""
"170571",""
"170572",""
"170588",""
"170599","8"
"170603",""
"170615","6"
"170616",""
"170620","2"
"170648",""
"170649","0"
"170650",""
"170652",""
"170682",""
"170695",""
"170715","0"
"170739",""
"170740",""
"170741",""
"170763",""
"170785",""
"170815",""
"170830",""
"170844",""
"170850",""
"170860",""
"170900","1"
"170941","1"
"170954",""
"170955",""
"170958","2"
"170993","1"
"171000",""
"171012",""
"171028",""
"171052",""
"171053",""
"171061",""
"171087",""
"171089","1"
"171113",""
"171133",""
"171167",""
"171180",""
"171182",""
"171191",""
"171238",""
"171266",""
"171275",""
"171294",""
"171319","1"
"171354","3"
"171356","57"
"171357",""
"171361",""
"171381","6"
"171402","31"
"171406",""
"171407",""
"171430",""
"171431",""
"171451","1"
"171454",""
"171460",""
"171466","1"
"171469","1"
"171474","3"
"171478","2"
"171499",""
"171509",""
"171533","1"
"171542",""
"171569",""
"171579",""
"171582",""
"171628","3"
"171636",""
"171645",""
"171672",""
"171711","2"
"171720",""
"171727",""
"171728",""
"171738",""
"171741",""
"171776",""
"171793",""
"171806",""
"171813",""
"171833",""
"171841",""
"171855",""
"171858",""
"171875",""
"171891","1"
"171898",""
"171903",""
"171907",""
"171951",""
"171969",""
"171980",""
"172025",""
"172026",""
"172041",""
"172051",""
"172053","1"
"172075",""
"172080","2"
"172109",""
"172124",""
"172148","56"
"172162",""
"172192",""
"172202",""
"172242",""
"172243","2"
"172247",""
"172259",""
"172294","1"
"172297","6"
"172319",""
"172326",""
"172339","1"
"172343","1"
"172366","1"
"172369",""
"172372","8"
"172396",""
"172415",""
"172419",""
"172427",""
"172435",""
"172511",""
"172513",""
"172536",""
"172551",""
"172556","2"
"172566",""
"172574","1"
"172582","1"
"172583","1"
"172586",""
"172593","0"
"172606","0"
"172630",""
"172632",""
"172637","3"
"172638",""
"172669","3"
"172670",""
"172683","2"
"172687","0"
"172695",""
"172700",""
"172719",""
"172721","1"
"172758",""
"172815",""
"172816","1"
"172878",""
"172889",""
"172893",""
"172908","1"
"172923",""
"172960",""
"172984",""
"173021",""
"173025",""
"173032",""
"173059",""
"173071",""
"173073",""
"173080","2"
"173094",""
"173096","1"
"173162","1"
"173171",""
"173180",""
"173187","2"
"173200","2"
"173248",""
"173283","3"
"173284","31"
"173338",""
"173348",""
"173349","6"
"173361",""
"173405",""
"173415",""
"173459","5"
"173475","1"
"173567",""
"173611",""
"173645",""
"173674",""
"173681",""
"173691",""
"173694",""
"173700","1"
"173710",""
"173729","1"
"173741",""
"173750","1"
"173752",""
"173786",""
"173799",""
"173804",""
"173828",""
"173837",""
"173841",""
"173846","1"
"173850","1"
"173854",""
"173858",""
"173869",""
"173886",""
"173901","10"
"173920",""
"173952",""
"173958",""
"173961",""
"173982",""
"173997","2"
"174018",""
"174023","1"
"174068",""
"174105",""
"174109",""
"174128",""
"174147","1"
"174159",""
"174160","1"
"174170","1"
"174182",""
"174187",""
"174218","4"
"174245",""
"174263",""
"174306",""
"174371",""
"174384","5"
"174405","17"
"174476","1"
"174477","1"
"174523","2"
"174563",""
"174568","2"
"174571",""
"174578",""
"174581",""
"174594","1"
"174663",""
"174672","1"
"174684",""
"174696","2"
"174702","1"
"174732",""
"174755",""
"174791","1"
"174801",""
"174812","1"
"174838",""
"174877","3"
"174929",""
"174932",""
"174936",""
"174950",""
"174967","1"
"175000",""
"175017",""
"175112",""
"175125",""
"175178","1"
"175211","1"
"175243","1"
"175257",""
"175263",""
"175264",""
"175266",""
"175267",""
"175304",""
"175306",""
"175338","1"
"175339",""
"175341","1"
"175376",""
"175386","9"
"175396",""
"175411","7"
"175412",""
"175422",""
"175431","1"
"175493","1"
"175504",""
"175506","1"
"175528","1"
"175533",""
"175534",""
"175536","9"
"175591",""
"175609","1"
"175611",""
"175623",""
"175630","2"
"175679",""
"175680",""
"175686","2"
"175692",""
"175703",""
"175714",""
"175722",""
"175723","2"
"175743","1"
"175783","7"
"175825",""
"175837",""
"175856","6"
"175887",""
"175898","1"
"175903","1"
"175943",""
"175950",""
"175971",""
"175977","19"
"175982",""
"175983",""
"176000",""
"176025","1"
"176066",""
"176077","4"
"176121","3"
"176147","1"
"176149","2"
"176174",""
"176181",""
"176186",""
"176195",""
"176213","1"
"176216","1"
"176223","2"
"176239","2"
"176263","0"
"176316","0"
"176330","0"
"176343",""
"176345",""
"176437",""
"176443",""
"176454",""
"176460",""
"176468",""
"176477","1"
"176484",""
"176489",""
"176492",""
"176501",""
"176502",""
"176512",""
"176522",""
"176534",""
"176548","1"
"176570","1"
"176573",""
"176595","9"
"176606",""
"176613","2"
"176619","3"
"176628",""
"176631","4"
"176635","4"
"176641","14"
"176646",""
"176655",""
"176678",""
"176692",""
"176702",""
"176709","5"
"176713",""
"176730",""
"176737","1"
"176755","1"
"176765",""
"176782",""
"176788",""
"176794","1"
"176803","77"
"176806",""
"176807",""
"176813",""
"176836",""
"176856","1"
"176858",""
"176863",""
"176889",""
"176897",""
"176906",""
"176916","1"
"176923",""
"176932",""
"176943",""
"176994",""
"177024","1"
"177049","6"
"177054","1"
"177099",""
"177118",""
"177124",""
"177147",""
"177155",""
"177161",""
"177164",""
"177166",""
"177195",""
"177203","2"
"177218",""
"177235","0"
"177255","1"
"177257",""
"177261",""
"177279",""
"177287","2"
"177291","2"
"177300","2"
"177307",""
"177318",""
"177337","1"
"177339","1"
"177351","1"
"177353",""
"177365",""
"177374","10"
"177386",""
"177401","1"
"177415","8"
"177417",""
"177418",""
"177426","1"
"177447","3"
"177448",""
"177458",""
"177460",""
"177486","1"
"177501",""
"177506",""
"177533",""
"177543","1"
"177547","2"
"177556",""
"177575",""
"177577",""
"177609",""
"177630",""
"177635","1"
"177636",""
"177637",""
"177645","2"
"177663","1"
"177679",""
"177730",""
"177774",""
"177778",""
"177784",""
"177796",""
"177812",""
"177816",""
"177819","1"
"177856","1"
"177886",""
"177958","1"
"177960",""
"177962",""
"177963","5"
"177970","1"
"177999",""
"178006","3"
"178041",""
"178068","1"
"178073",""
"178090",""
"178092",""
"178101","2"
"178141",""
"178143",""
"178154",""
"178176",""
"178203",""
"178206","3"
"178210",""
"178214",""
"178294",""
"178309","19"
"178342","3"
"178355",""
"178380",""
"178382","1"
"178399",""
"178421",""
"178430","1"
"178433","1"
"178439","1"
"178443","2"
"178465",""
"178484",""
"178497","1"
"178499","2"
"178504",""
"178509",""
"178531",""
"178534","2"
"178555",""
"178561",""
"178565","3"
"178566",""
"178588",""
"178597",""
"178610","6"
"178626",""
"178649","1"
"178652",""
"178655",""
"178726",""
"178731","1"
"178750",""
"178771",""
"178772","1"
"178780",""
"178802",""
"178808",""
"178809",""
"178843",""
"178845",""
"178857",""
"178876",""
"178881","1"
"178882","2"
"178888","1"
"178913",""
"178925",""
"178932",""
"178949",""
"178952",""
"178963",""
"178965",""
"179003","3"
"179026",""
"179035",""
"179036",""
"179046",""
"179059","1"
"179061",""
"179077",""
"179116",""
"179154",""
"179171","1"
"179252",""
"179261",""
"179278","3"
"179289","2"
"179363","4"
"179373",""
"179382",""
"179396",""
"179419","1"
"179428","1"
"179446","5"
"179469",""
"179494","1"
"179495",""
"179498","11"
"179502",""
"179529","2"
"179530","1"
"179550",""
"179551",""
"179576",""
"179603",""
"179604",""
"179612",""
"179679",""
"179682",""
"179688","8"
"179725",""
"179747","1"
"179764",""
"179766",""
"179801","1"
"179813",""
"179831","2"
"179892",""
"179900",""
"179957","1"
"179977",""
"179996",""
"180000",""
"180021",""
"180022","11"
"180053","1"
"180065",""
"180076",""
"180106",""
"180109","7"
"180110","1"
"180114",""
"180119",""
"180169",""
"180194",""
"180204",""
"180215",""
"180230",""
"180277",""
"180287","1"
"180335","3"
"180357","8"
"180406","1"
"180410","1"
"180420",""
"180457",""
"180475",""
"180505",""
"180533",""
"180535","6"
"180596",""
"180627",""
"180630",""
"180634",""
"180639",""
"180641",""
"180651",""
"180665",""
"180680","5"
"180686",""
"180706",""
"180730",""
"180764",""
"180824","1"
"180877",""
"180924",""
"180928",""
"180974","1"
"180975",""
"180976",""
"181001",""
"181012",""
"181023",""
"181045",""
"181108","3"
"181116",""
"181121","6"
"181157","1"
"181165",""
"181196","1"
"181206","1"
"181221",""
"181259","2"
"181282","1"
"181289","3"
"181304","1"
"181312","2"
"181328","36"
"181350","1"
"181377",""
"181380","1"
"181388",""
"181397","1"
"181409",""
"181411",""
"181470",""
"181473",""
"181496",""
"181535",""
"181538","1"
"181560",""
"181564","0"
"181565",""
"181579",""
"181594","1"
"181611","1"
"181616","2"
"181626","5"
"181630","2"
"181639",""
"181652","2"
"181663",""
"181669","1"
"181686","1"
"181688","1"
"181700","1"
"181704",""
"181720",""
"181749",""
"181770","3"
"181771",""
"181854",""
"181873","1"
"181886","3"
"181890",""
"181892",""
"181893",""
"181927",""
"181986",""
"181997","1"
"182026","1"
"182048","1"
"182054","1"
"182082",""
"182089","1"
"182199","1"
"182206","2"
"182220",""
"182237","1"
"182278",""
"182284","59"
"182293",""
"182301","2"
"182326",""
"182346",""
"182359",""
"182390",""
"182391","1"
"182409",""
"182452",""
"182455",""
"182458","1"
"182481",""
"182489",""
"182495",""
"182501","1"
"182510","1"
"182564","1"
"182602",""
"182612","2"
"182614",""
"182638","2"
"182653",""
"182667",""
"182669",""
"182688",""
"182692",""
"182696","2"
"182723",""
"182724","1"
"182739",""
"182744","1"
"182747",""
"182750",""
"182754",""
"182770",""
"182793",""
"182830",""
"182841",""
"182889","1"
"182930","1"
"182932","1"
"182933","1"
"182934","1"
"182942",""
"182960",""
"182989",""
"183014","1"
"183020","1"
"183032",""
"183052",""
"183056",""
"183068",""
"183070","1"
"183089","1"
"183124","4"
"183126","1"
"183130",""
"183150",""
"183151",""
"183176",""
"183192",""
"183194","3"
"183209","0"
"183225","1"
"183245","3"
"183265","1"
"183334",""
"183374",""
"183383",""
"183387",""
"183402",""
"183428","1"
"183453",""
"183509","1"
"183540",""
"183545","2"
"183553","1"
"183561",""
"183565","1"
"183583","3"
"183607","1"
"183618",""
"183620",""
"183630",""
"183656",""
"183668",""
"183685","1"
"183702",""
"183723",""
"183728",""
"183735","5"
"183736",""
"183755",""
"183766",""
"183796","4"
"183809",""
"183811",""
"183832","1"
"183837","1"
"183855",""
"183856","1"
"183872","2"
"183920",""
"183927","0"
"183943",""
"183962",""
"183972","1"
"184001",""
"184003",""
"184006","3"
"184011",""
"184014",""
"184022","1"
"184025",""
"184039",""
"184052","1"
"184060","1"
"184083",""
"184095",""
"184115","1"
"184121",""
"184134",""
"184136","2"
"184139",""
"184151",""
"184172",""
"184186",""
"184215",""
"184223",""
"184248",""
"184263",""
"184272",""
"184273",""
"184276",""
"184288",""
"184308","1"
"184313","1"
"184318","9"
"184319",""
"184365",""
"184384",""
"184416",""
"184419",""
"184427",""
"184436",""
"184461",""
"184480",""
"184512",""
"184521",""
"184529","1"
"184555",""
"184576","1"
"184581","1"
"184586","10"
"184587",""
"184595",""
"184599",""
"184618","3"
"184628",""
"184639",""
"184642",""
"184662","1"
"184709",""
"184738","0"
"184742",""
"184778",""
"184782",""
"184787",""
"184810","0"
"184816",""
"184842","1"
"184849",""
"184850","2"
"184857",""
"184878","0"
"184885","2"
"184887",""
"184910",""
"184919",""
"184925",""
"184928",""
"184933",""
"184956",""
"184962",""
"184969",""
"184984","1"
"185009",""
"185085",""
"185091",""
"185125","1"
"185138",""
"185170",""
"185228",""
"185259",""
"185269","2"
"185287",""
"185320",""
"185344",""
"185370","1"
"185395","2"
"185419",""
"185421",""
"185437",""
"185438",""
"185447",""
"185455","8"
"185488",""
"185516","1"
"185527","1"
"185528",""
"185547","2"
"185574","1"
"185581",""
"185599",""
"185610",""
"185622",""
"185629","1"
"185631","1"
"185642","2"
"185644",""
"185667",""
"185672","1"
"185695","1"
"185696",""
"185701","2"
"185702","0"
"185733",""
"185766",""
"185794",""
"185809","3"
"185810","1"
"185814",""
"185844",""
"185900",""
"185913","1"
"185920",""
"185923","2"
"185931",""
"185952","2"
"185962",""
"185995","2"
"186001",""
"186004",""
"186033",""
"186051","3"
"186076","0"
"186096",""
"186099","1"
"186107",""
"186108",""
"186109",""
"186164",""
"186173",""
"186210","1"
"186227",""
"186314",""
"186342",""
"186345",""
"186353",""
"186369","1"
"186386",""
"186400","2"
"186506",""
"186535",""
"186564",""
"186571",""
"186580",""
"186595",""
"186601","1"
"186606",""
"186613",""
"186618","1"
"186632",""
"186644",""
"186657","21"
"186680",""
"186720","1"
"186728","1"
"186737",""
"186738",""
"186741",""
"186756","1"
"186762",""
"186773",""
"186777",""
"186804",""
"186812",""
"186816",""
"186826",""
"186852",""
"186856","1"
"186859",""
"186865","3"
"186875",""
"186880",""
"186897","1"
"186951",""
"186956",""
"186972","1"
"186976",""
"186989",""
"186999","1"
"187049","1"
"187062","1"
"187072",""
"187114",""
"187132",""
"187144","1"
"187194",""
"187196","1"
"187225",""
"187237",""
"187241",""
"187242",""
"187249",""
"187254","1"
"187260","1"
"187265",""
"187267",""
"187282",""
"187308",""
"187324",""
"187326",""
"187327",""
"187345","1"
"187353",""
"187372","3"
"187381",""
"187386",""
"187415",""
"187427",""
"187440",""
"187449","1"
"187461","1"
"187476",""
"187479","1"
"187502","3"
"187507",""
"187511",""
"187534",""
"187574",""
"187584",""
"187602",""
"187607",""
"187608","2"
"187611","1"
"187637",""
"187646","3"
"187647",""
"187651",""
"187667",""
"187669","3"
"187687",""
"187706",""
"187731",""
"187740",""
"187767",""
"187768","1"
"187776",""
"187778",""
"187780",""
"187792",""
"187793",""
"187799","1"
"187822",""
"187855","1"
"187857",""
"187866","2"
"187880",""
"187882","1"
"187901","2"
"187912","44"
"187914",""
"187916",""
"187927",""
"187943",""
"187959","1"
"187988",""
"188001",""
"188018",""
"188029",""
"188033","1"
"188108",""
"188134",""
"188157","11"
"188182",""
"188188",""
"188197","1"
"188199","1"
"188215",""
"188237","1"
"188244",""
"188272","1"
"188283",""
"188290",""
"188293","1"
"188303",""
"188306",""
"188315","1"
"188368",""
"188371",""
"188392","1"
"188393",""
"188418",""
"188424",""
"188429",""
"188464",""
"188466",""
"188519",""
"188551",""
"188567",""
"188589",""
"188600",""
"188609",""
"188647",""
"188701","1"
"188707",""
"188721",""
"188738","1"
"188788",""
"188858",""
"188876","1"
"188884","0"
"188921","2"
"188942","2"
"188998",""
"189002","1"
"189011","2"
"189021","22"
"189045",""
"189060","2"
"189073","1"
"189133",""
"189134",""
"189146",""
"189147",""
"189153",""
"189155",""
"189189","0"
"189196",""
"189227","2"
"189264",""
"189277",""
"189278","1"
"189326","2"
"189331",""
"189335",""
"189358",""
"189360","1"
"189376","0"
"189399",""
"189402",""
"189404","1"
"189436",""
"189442",""
"189467",""
"189474",""
"189477","2"
"189515","1"
"189516","8"
"189520",""
"189541",""
"189548",""
"189563",""
"189564",""
"189579",""
"189588","1"
"189602",""
"189607",""
"189617",""
"189627",""
"189649",""
"189659",""
"189757","1"
"189766","1"
"189815","1"
"189821",""
"189850",""
"189859",""
"189866",""
"189871",""
"189922",""
"189936",""
"189939","1"
"189940",""
"189958",""
"189971",""
"190039",""
"190047","1"
"190061",""
"190119",""
"190123",""
"190133","4"
"190147",""
"190151","1"
"190166",""
"190196","1"
"190232",""
"190271","1"
"190282",""
"190293",""
"190298",""
"190301","1"
"190308",""
"190331","0"
"190354",""
"190373",""
"190380",""
"190387",""
"190418",""
"190444",""
"190459",""
"190467","1"
"190486",""
"190493",""
"190521","1"
"190523",""
"190535",""
"190536",""
"190556","2"
"190575","1"
"190588",""
"190595","1"
"190597",""
"190599","1"
"190610",""
"190616",""
"190627",""
"190635","1"
"190700",""
"190713",""
"190714",""
"190747",""
"190751",""
"190770",""
"190791",""
"190813",""
"190818","1"
"190849","2"
"190882",""
"190907",""
"190930",""
"190938",""
"190960","1"
"190976",""
"190981","3"
"190986","1"
"190989",""
"190995",""
"191016",""
"191017","16"
"191025",""
"191067",""
"191071","1"
"191115","0"
"191124",""
"191139",""
"191155",""
"191173","1"
"191174",""
"191194",""
"191203",""
"191209",""
"191216",""
"191296","1"
"191301",""
"191316",""
"191349",""
"191355",""
"191392",""
"191396","1"
"191409",""
"191421",""
"191458","2"
"191487","1"
"191494",""
"191556","2"
"191566",""
"191592",""
"191648",""
"191687",""
"191709","1"
"191725",""
"191727","2"
"191758",""
"191772",""
"191777",""
"191791",""
"191837","1"
"191841","1"
"191846","0"
"191853","1"
"191863",""
"191892",""
"191901",""
"191933",""
"191952","1"
"191970",""
"191980",""
"191985","2"
"191992",""
"192005",""
"192006","2"
"192065",""
"192080",""
"192082",""
"192088","1"
"192099",""
"192107",""
"192155",""
"192156",""
"192161",""
"192164",""
"192170",""
"192201",""
"192207",""
"192214",""
"192215",""
"192225",""
"192260","1"
"192274","1"
"192286","0"
"192291",""
"192309",""
"192316",""
"192334","0"
"192335",""
"192336","7"
"192345",""
"192346","0"
"192368",""
"192369",""
"192373","1"
"192389","1"
"192404",""
"192428",""
"192437",""
"192449",""
"192451",""
"192463",""
"192467",""
"192468","0"
"192478","1"
"192503",""
"192548",""
"192552","1"
"192553",""
"192569",""
"192574",""
"192624",""
"192635","2"
"192644","2"
"192670","1"
"192680",""
"192716",""
"192722",""
"192725",""
"192749",""
"192756","1"
"192800",""
"192803","2"
"192830",""
"192840",""
"192851","1"
"192887",""
"192905",""
"192906","2"
"192910",""
"192925",""
"192931","2"
"192964",""
"192967","1"
"193002",""
"193013","1"
"193052",""
"193144",""
"193160",""
"193172",""
"193218","1"
"193231",""
"193238",""
"193247",""
"193277",""
"193372",""
"193391",""
"193397","1"
"193424","1"
"193429",""
"193456",""
"193481","0"
"193487",""
"193488",""
"193507",""
"193523","1"
"193564",""
"193567",""
"193573","0"
"193578",""
"193588",""
"193604",""
"193622",""
"193634","1"
"193661","2"
"193683",""
"193740",""
"193777",""
"193779",""
"193806",""
"193815","0"
"193861",""
"193863",""
"193890",""
"193917",""
"193934",""
"193994",""
"193997","2"
"194004",""
"194006",""
"194020",""
"194037","10"
"194048","18"
"194069",""
"194076",""
"194116","1"
"194119",""
"194123",""
"194197","0"
"194223",""
"194228","2"
"194238",""
"194240",""
"194248",""
"194287",""
"194397",""
"194401","1"
"194406",""
"194413","1"
"194418",""
"194437",""
"194474","0"
"194508",""
"194519",""
"194542",""
"194546",""
"194557",""
"194559",""
"194564",""
"194585",""
"194590",""
"194597",""
"194645",""
"194655",""
"194687",""
"194705",""
"194777","1"
"194877",""
"194936","1"
"194940","2"
"194957",""
"194972",""
"195036",""
"195048",""
"195049",""
"195053",""
"195072",""
"195076",""
"195099",""
"195100",""
"195122",""
"195131",""
"195144",""
"195151","1"
"195161",""
"195164","1"
"195194",""
"195196",""
"195220",""
"195242",""
"195251",""
"195271",""
"195276",""
"195304","2"
"195311",""
"195345",""
"195390",""
"195419","1"
"195441",""
"195444","1"
"195457",""
"195496",""
"195548",""
"195599",""
"195607",""
"195619",""
"195641",""
"195643",""
"195646",""
"195726",""
"195765",""
"195782",""
"195834","18"
"195863",""
"195919",""
"195920","1"
"195927",""
"195940","1"
"195947",""
"195959",""
"195981","1"
"195990",""
"196000",""
"196023","1"
"196030",""
"196055","3"
"196058","2"
"196060","1"
"196086",""
"196092","1"
"196097",""
"196114",""
"196121","3"
"196142",""
"196205",""
"196238",""
"196281",""
"196296",""
"196303",""
"196363",""
"196364",""
"196378",""
"196397","1"
"196404",""
"196412","1"
"196425","3"
"196439",""
"196447",""
"196469",""
"196491","1"
"196522","1"
"196537","1"
"196551","0"
"196557",""
"196562",""
"196571",""
"196573",""
"196590","1"
"196598",""
"196600",""
"196606",""
"196610",""
"196651",""
"196652",""
"196655","1"
"196664","14"
"196674","1"
"196685",""
"196690",""
"196697",""
"196698",""
"196703",""
"196715",""
"196731",""
"196753",""
"196847",""
"196853",""
"196891",""
"196908",""
"196924","1"
"196943",""
"196950",""
"196967","1"
"196976","1"
"196980","3"
"197016","3"
"197028",""
"197032","1"
"197038","10"
"197041","1"
"197061",""
"197069","1"
"197082",""
"197088",""
"197134","0"
"197147","2"
"197167",""
"197201",""
"197232","1"
"197259",""
"197292",""
"197325",""
"197327","0"
"197341",""
"197342","1"
"197387",""
"197426",""
"197429",""
"197432","1"
"197446",""
"197453","0"
"197464","1"
"197468",""
"197478",""
"197484",""
"197488","2"
"197509",""
"197532",""
"197583","1"
"197589",""
"197603",""
"197624","2"
"197628",""
"197657","1"
"197667","2"
"197693","2"
"197698",""
"197702","4"
"197705",""
"197715",""
"197724",""
"197734",""
"197785",""
"197844",""
"197871","2"
"197876","1"
"197877",""
"197900",""
"197916",""
"197929",""
"197940",""
"197946",""
"197957",""
"197963",""
"197972",""
"197990","0"
"197993",""
"198039",""
"198069",""
"198158",""
"198175","1"
"198185","1"
"198203","1"
"198208",""
"198272",""
"198291","1"
"198309","2"
"198314","1"
"198337",""
"198366",""
"198368",""
"198413",""
"198455",""
"198468",""
"198480",""
"198483",""
"198498",""
"198500","6"
"198501",""
"198533",""
"198557",""
"198560","1"
"198566",""
"198568",""
"198569",""
"198572","1"
"198573",""
"198598","1"
"198611","2"
"198641",""
"198642",""
"198718","1"
"198749",""
"198762","1"
"198776",""
"198791",""
"198818",""
"198869",""
"198872",""
"198907",""
"198918",""
"198928",""
"198951","20"
"198985",""
"198999",""
"199037","3"
"199052",""
"199096",""
"199105",""
"199166",""
"199168",""
"199171",""
"199197","1"
"199209",""
"199211",""
"199219",""
"199226","9"
"199232","1"
"199234",""
"199238",""
"199241",""
"199273","4"
"199276",""
"199285",""
"199292",""
"199344",""
"199352",""
"199360",""
"199367","1"
"199403",""
"199415","1"
"199418","1"
"199432","2"
"199443",""
"199450",""
"199452",""
"199458","1"
"199480","2"
"199495",""
"199527","1"
"199530",""
"199560",""
"199573",""
"199575",""
"199583",""
"199597",""
"199620",""
"199672","5"
"199684",""
"199685","1"
"199696",""
"199699",""
"199708","0"
"199728","1"
"199738","1"
"199746",""
"199748",""
"199751","2"
"199787",""
"199788",""
"199793",""
"199799",""
"199827",""
"199855",""
"199868","1"
"199876",""
"199879","3"
"199895",""
"199908","1"
"199928",""
"199944","2"
"199952",""
"199981","1"
"199987",""
"200008","1"
"200017",""
"200029",""
"200033","2"
"200038","1"
"200077",""
"200093",""
"200132",""
"200139",""
"200173","1"
"200174",""
"200190",""
"200195",""
"200196","1"
"200205",""
"200208",""
"200215",""
"200307",""
"200315","1"
"200338",""
"200344",""
"200352",""
"200382",""
"200383",""
"200415",""
"200417",""
"200421",""
"200427","2"
"200463",""
"200470","1"
"200492",""
"200505","0"
"200519","2"
"200521",""
"200525",""
"200534",""
"200573","1"
"200578",""
"200590",""
"200610",""
"200630","0"
"200632",""
"200634",""
"200664",""
"200668","0"
"200694",""
"200703",""
"200725","14"
"200736","1"
"200740","1"
"200770",""
"200799",""
"200817",""
"200860",""
"200900",""
"200901",""
"200936",""
"200946","1"
"200964","0"
"201057",""
"201068","1"
"201074",""
"201086",""
"201088",""
"201121","1"
"201163","1"
"201190","1"
"201196","4"
"201199","1"
"201221",""
"201224",""
"201245","2"
"201268",""
"201274","1"
"201277",""
"201303",""
"201306",""
"201310",""
"201334",""
"201368",""
"201370",""
"201396",""
"201412",""
"201414",""
"201425",""
"201429","1"
"201437",""
"201441",""
"201476",""
"201504",""
"201505",""
"201508","2"
"201516",""
"201521",""
"201573","2"
"201576",""
"201642",""
"201652","0"
"201653","1"
"201657","7"
"201737",""
"201747",""
"201763","1"
"201772",""
"201773",""
"201775",""
"201893",""
"201896",""
"201900","1"
"201913",""
"201934",""
"201952",""
"201966",""
"201975",""
"201992","39"
"201998","1"
"202005",""
"202006",""
"202019",""
"202031",""
"202035","2"
"202137",""
"202152",""
"202196","1"
"202246",""
"202254",""
"202259",""
"202265",""
"202267",""
"202336","1"
"202348",""
"202354",""
"202355","10"
"202358",""
"202363",""
"202373","1"
"202375",""
"202431",""
"202433",""
"202439",""
"202451",""
"202481","5"
"202515",""
"202529",""
"202543",""
"202563",""
"202576","1"
"202579",""
"202582","1"
"202586",""
"202588","1"
"202591",""
"202605",""
"202649",""
"202656",""
"202674",""
"202697","2"
"202717",""
"202746",""
"202756",""
"202783",""
"202801",""
"202802",""
"202816",""
"202817","1"
"202819","1"
"202834","1"
"202839",""
"202847",""
"202848",""
"202876","1"
"202878","1"
"202891",""
"202902","29"
"202913",""
"202928",""
"202941",""
"202945",""
"202953",""
"202987",""
"203016","2"
"203022","0"
"203048",""
"203057",""
"203081",""
"203105",""
"203143",""
"203171",""
"203173",""
"203193","4"
"203206","2"
"203212",""
"203213","1"
"203237","1"
"203249",""
"203289","1"
"203293","0"
"203314",""
"203316",""
"203330",""
"203436","20"
"203442",""
"203494",""
"203508",""
"203556",""
"203563",""
"203578","1"
"203587",""
"203612",""
"203638",""
"203655",""
"203661",""
"203666","2"
"203667","1"
"203672",""
"203712",""
"203716",""
"203757",""
"203771",""
"203787",""
"203843","17"
"203845",""
"203874",""
"203882",""
"203890","3"
"203916",""
"203917",""
"203942",""
"203945",""
"203963",""
"203968","1"
"203977",""
"203981",""
"203987","2"
"203995",""
"203996",""
"203997","1"
"203999",""
"204013",""
"204041",""
"204056",""
"204096",""
"204105",""
"204170",""
"204174","1"
"204182",""
"204190",""
"204194",""
"204205",""
"204213",""
"204237",""
"204264",""
"204288",""
"204338",""
"204389",""
"204400",""
"204446",""
"204459","10"
"204481",""
"204494",""
"204497",""
"204500",""
"204542",""
"204562",""
"204579",""
"204610",""
"204615",""
"204669","17"
"204681","1"
"204687",""
"204694",""
"204700",""
"204706",""
"204718",""
"204723","2"
"204735",""
"204737","1"
"204740",""
"204752","1"
"204765",""
"204791","1"
"204815",""
"204830",""
"204859",""
"204862","1"
"204899",""
"204900","1"
"204906",""
"204907",""
"204925",""
"204931",""
"204936",""
"204946",""
"204955",""
"204961",""
"204974",""
"204983",""
"205000","1"
"205059","1"
"205069",""
"205104",""
"205106",""
"205122",""
"205124",""
"205132",""
"205142",""
"205160",""
"205208",""
"205216",""
"205218",""
"205235",""
"205236","1"
"205264",""
"205271","5"
"205305",""
"205317",""
"205333",""
"205384",""
"205410",""
"205424",""
"205428",""
"205435",""
"205436","1"
"205457",""
"205470",""
"205473",""
"205490","1"
"205494",""
"205518",""
"205530",""
"205549","1"
"205562",""
"205568",""
"205591","1"
"205599","1"
"205626","1"
"205641",""
"205663",""
"205670",""
"205685",""
"205713",""
"205723",""
"205736","1"
"205750",""
"205754",""
"205758",""
"205775",""
"205788",""
"205800",""
"205809","1"
"205810",""
"205830","1"
"205839",""
"205847",""
"205851",""
"205864",""
"205878",""
"205927",""
"205929",""
"205975","1"
"205978",""
"205991",""
"205999",""
"206008",""
"206018",""
"206024",""
"206044",""
"206045",""
"206048",""
"206054",""
"206056","1"
"206080",""
"206099","1"
"206144",""
"206160",""
"206191",""
"206195",""
"206230",""
"206237",""
"206244",""
"206248",""
"206277",""
"206290",""
"206314",""
"206319",""
"206322",""
"206342",""
"206364","10"
"206380",""
"206390",""
"206393",""
"206424",""
"206443",""
"206450","1"
"206462",""
"206473",""
"206520","30"
"206524",""
"206543",""
"206554",""
"206560","1"
"206579","16"
"206583",""
"206584",""
"206606","12"
"206627",""
"206634",""
"206644",""
"206649","9"
"206666",""
"206704",""
"206705",""
"206730",""
"206746","3"
"206756","1"
"206782",""
"206811","4"
"206817","1"
"206821",""
"206879",""
"206893",""
"206914",""
"206935",""
"206947","1"
"206957",""
"206964",""
"206967",""
"207016","1"
"207017",""
"207037",""
"207059",""
"207074","2"
"207085","1"
"207090",""
"207103",""
"207105","1"
"207122","10"
"207127",""
"207143","1"
"207193",""
"207208",""
"207225",""
"207226",""
"207233",""
"207252",""
"207257",""
"207267","0"
"207281","2"
"207282",""
"207306",""
"207314","1"
"207332","1"
"207342",""
"207351","3"
"207418","3"
"207428",""
"207436",""
"207442",""
"207450",""
"207457","1"
"207460",""
"207461",""
"207474",""
"207478",""
"207520",""
"207536",""
"207548",""
"207595","0"
"207613",""
"207657",""
"207666","1"
"207679","1"
"207694",""
"207731",""
"207741",""
"207754","1"
"207777",""
"207795",""
"207801","1"
"207860",""
"207886",""
"207898",""
"207901",""
"208917",""
"208923",""
"208925",""
"208933",""
"208941",""
"208947",""
"208957",""
"208970","1"
"208990",""
"208993",""
"209002","1"
"209014",""
"209037",""
"209092",""
"209100","2"
"209103",""
"209131",""
"209147",""
"209153",""
"209174","1"
"209178",""
"209190",""
"209195","7"
"209220",""
"209230","1"
"209238",""
"209277",""
"209289",""
"209324",""
"209342",""
"209349",""
"209389",""
"209450",""
"209455",""
"209456",""
"209462","1"
"209464",""
"209479",""
"209491",""
"209504",""
"209528","2"
"209532",""
"209549",""
"209553",""
"209554",""
"209562",""
"209579",""
"209594","1"
"209598",""
"209690","2"
"209739",""
"209770",""
"209817",""
"209822","1"
"209897",""
"209907",""
"209908","7"
"209974","1"
"209993","2"
"209997",""
"210002",""
"210038","1"
"210072","9"
"210078","2"
"210120",""
"210136",""
"210154",""
"210194",""
"210209","3"
"210212",""
"210243","11"
"210244",""
"210253",""
"210272",""
"210346",""
"210396",""
"210407",""
"210441",""
"210479",""
"210490",""
"210504",""
"210507",""
"210513",""
"210519",""
"210573",""
"210581",""
"210589","1"
"210593",""
"210596",""
"210619","0"
"210620",""
"210629","8"
"210670",""
"210673",""
"210704",""
"210720",""
"210737",""
"210744",""
"210785",""
"210821","2"
"210844","0"
"210848",""
"210851",""
"210859",""
"210867",""
"210868",""
"210871",""
"210902",""
"210946",""
"210952",""
"210984",""
"211023","2"
"211052","1"
"211056",""
"211069",""
"211091","1"
"211094",""
"211139",""
"211166",""
"211184",""
"211202",""
"211210",""
"211242",""
"211265",""
"211286",""
"211289",""
"211323",""
"211324",""
"211352",""
"211371",""
"211388",""
"211389",""
"211390",""
"211405","1"
"211406",""
"211419","9"
"211423",""
"211467",""
"211470",""
"211487",""
"211493","0"
"211495",""
"211502",""
"211552",""
"211554",""
"211568",""
"211581",""
"211584",""
"211593",""
"211594",""
"211597",""
"211631","4"
"211638",""
"211676",""
"211687",""
"211715",""
"211724",""
"211741",""
"211761",""
"211775","1"
"211797",""
"211810",""
"211828",""
"211836",""
"211879",""
"211916",""
"211932",""
"211938",""
"211954",""
"211981",""
"211994",""
"212020",""
"212029",""
"212036","2"
"212064",""
"212077","11"
"212085",""
"212110","1"
"212128","1"
"212144",""
"212163","1"
"212175","2"
"212215",""
"212218","5"
"212247",""
"212306",""
"212338",""
"212348","7"
"212369","0"
"212377","0"
"212381",""
"212385",""
"212400",""
"212403",""
"212413",""
"212427",""
"212455",""
"212459",""
"212473",""
"212476",""
"212495",""
"212503",""
"212506",""
"212548",""
"212564",""
"212572",""
"212574","1"
"212577",""
"212589","8"
"212596",""
"212631",""
"212633",""
"212657",""
"212668",""
"212748",""
"212765","1"
"212784",""
"212785",""
"212788",""
"212812",""
"212830",""
"212859",""
"212905",""
"212945",""
"212955",""
"212956",""
"212988","0"
"213002","1"
"213012",""
"213018","1"
"213033",""
"213062",""
"213078","1"
"213084",""
"213089",""
"213103",""
"213112",""
"213169",""
"213215",""
"213233",""
"213302","1"
"213312",""
"213332",""
"213338",""
"213366",""
"213371","3"
"213375",""
"213417","1"
"213426",""
"213437",""
"213466",""
"213472",""
"213512","1"
"213562",""
"213564","1"
"213566","2"
"213581",""
"213583","1"
"213602","7"
"213613",""
"213620",""
"213633","1"
"213637",""
"213645",""
"213650","1"
"213653",""
"213714",""
"213737",""
"213738","1"
"213772",""
"213818",""
"213840",""
"213885",""
"213898","1"
"213917",""
"213928",""
"213934",""
"213938",""
"213942",""
"213959",""
"213998",""
"214002",""
"214020",""
"214040","1"
"214043","0"
"214056",""
"214066",""
"214080","1"
"214084",""
"214091",""
"214136",""
"214186",""
"214214",""
"214226",""
"214237",""
"214238",""
"214311",""
"214312",""
"214372","2"
"214401",""
"214415","1"
"214433",""
"214443",""
"214450","3"
"214467",""
"214487",""
"214498",""
"214508",""
"214517",""
"214519",""
"214529",""
"214534",""
"214540",""
"214558",""
"214575",""
"214588","1"
"214620",""
"214653",""
"214674",""
"214680",""
"214683",""
"214689",""
"214726","1"
"214754",""
"214800",""
"214806",""
"214820","1"
"214823",""
"214832",""
"214840",""
"214892",""
"214897",""
"214915",""
"214933",""
"214941",""
"214957",""
"214967","3"
"214991",""
"214992","1"
"214994",""
"215005",""
"215014",""
"215034",""
"215039","1"
"215041",""
"215042","1"
"215057",""
"215063",""
"215095",""
"215111","1"
"215124",""
"215133","2"
"215137",""
"215138",""
"215155","4"
"215164","1"
"215205","3"
"215209",""
"215216",""
"215233","2"
"215265",""
"215266",""
"215271","1"
"215279",""
"215328",""
"215375",""
"215376","1"
"215421","0"
"215428",""
"215453","1"
"215467","1"
"215497","1"
"215510",""
"215526",""
"215553","3"
"215561","1"
"215564",""
"215569",""
"215575",""
"215611",""
"215622",""
"215651",""
"215688",""
"215694",""
"215698",""
"215700",""
"215708",""
"215734",""
"215736",""
"215761",""
"215780",""
"215813",""
"215826","1"
"215835","1"
"215854",""
"215875",""
"215877","0"
"215895",""
"215902",""
"215940",""
"215954","1"
"215973",""
"215997",""
"216020","6"
"216025",""
"216045",""
"216046",""
"216071",""
"216101","2"
"216102",""
"216104","4"
"216129",""
"216135",""
"216159",""
"216169","1"
"216195",""
"216217","1"
"216237","1"
"216279","1"
"216291",""
"216309",""
"216325",""
"216328",""
"216332",""
"216366",""
"216384",""
"216399",""
"216413","2"
"216426","1"
"216428","1"
"216492",""
"216515","1"
"216531",""
"216586",""
"216595","1"
"216663",""
"216700",""
"216724",""
"216731",""
"216733",""
"216735",""
"216781",""
"216801",""
"216803",""
"216808",""
"216819",""
"216852",""
"217868",""
"217884","10"
"217891",""
"217894",""
"217969",""
"218040","2"
"218042",""
"218086",""
"218092",""
"218106",""
"218108",""
"218132",""
"218148",""
"218166",""
"218179",""
"218198",""
"218237",""
"218250","1"
"218251",""
"218272","2"
"218273",""
"218285","8"
"218407",""
"218476",""
"218491","3"
"218510",""
"218517",""
"218541",""
"218542",""
"218546",""
"218547","1"
"218553",""
"218575",""
"218611",""
"218614",""
"218625","0"
"218646",""
"218648",""
"218667",""
"218669",""
"218673",""
"218682",""
"218691",""
"218713",""
"218725",""
"218734",""
"218748",""
"218766","1"
"218767","0"
"218792",""
"218806",""
"218807",""
"218809",""
"218836",""
"218871","1"
"218876","1"
"218911",""
"218928",""
"218930",""
"218950","1"
"218981",""
"218988",""
"218994","1"
"219006",""
"219011",""
"219020",""
"219028","1"
"219033",""
"219035",""
"219042","1"
"219053",""
"219059",""
"219068",""
"219098",""
"219105","1"
"219115",""
"219123","1"
"219162",""
"219173",""
"219190",""
"219195",""
"219208","1"
"219232","1"
"219248",""
"219255",""
"219258","1"
"219275",""
"219280",""
"219310",""
"219319",""
"219320",""
"219335",""
"219341",""
"219368",""
"219415",""
"219431",""
"219446",""
"219480","1"
"219481",""
"219482",""
"219491","3"
"219504",""
"219528",""
"219553",""
"219559","1"
"219587",""
"219590",""
"219600",""
"219605",""
"219617",""
"219619",""
"219620","0"
"219624",""
"219654",""
"219657","0"
"219658","1"
"219663",""
"219678",""
"219692",""
"219694",""
"219714",""
"219738",""
"219753","1"
"219754",""
"219756",""
"219764","1"
"219777",""
"219807","1"
"219839",""
"219858",""
"219868","8"
"219925",""
"219939","1"
"219960",""
"219976",""
"219977",""
"219981",""
"219982",""
"219994",""
"220023",""
"220025",""
"220039",""
"220041",""
"220060","2"
"220096",""
"220114","1"
"220121",""
"220136","1"
"220140",""
"220149",""
"220179",""
"220180",""
"220231",""
"220235",""
"220237","0"
"220265","1"
"220267","1"
"220280","1"
"220308","1"
"220315",""
"220350",""
"220359",""
"220370",""
"220371",""
"220396",""
"220418",""
"220470",""
"220473","1"
"220482",""
"220499",""
"220515",""
"220545",""
"220549","19"
"220551",""
"220556",""
"220572",""
"220587",""
"220589",""
"220600",""
"220628",""
"220638",""
"220649",""
"220663",""
"220708",""
"220712",""
"220717",""
"220741",""
"220769",""
"220783",""
"220797","2"
"220805","1"
"220847","0"
"220848",""
"220928",""
"220938",""
"220951",""
"220999",""
"221006",""
"221013",""
"221018","32"
"221032",""
"221042",""
"221073",""
"221104",""
"221109",""
"221137","1"
"221140",""
"221152","10"
"221171",""
"221189",""
"221202",""
"221222",""
"221252",""
"221291",""
"221301","0"
"221311",""
"221342","1"
"221355","1"
"221364",""
"221370",""
"221376",""
"221377",""
"221388",""
"221400","3"
"221406",""
"221408","4"
"221420",""
"221443",""
"221444",""
"221448",""
"221462",""
"221494",""
"221497",""
"221530",""
"221534",""
"221570",""
"221584",""
"221585","1"
"221606",""
"221619","1"
"221621",""
"221652","1"
"221658","2"
"221664","1"
"221682",""
"221692",""
"221693","2"
"221707",""
"221756",""
"221759",""
"221779","1"
"221787",""
"221797",""
"221841","1"
"221844","0"
"221846",""
"221851",""
"221862",""
"221864","1"
"221867",""
"221880","10"
"221891",""
"221895",""
"221909",""
"221924",""
"221942",""
"221943",""
"221973",""
"221987",""
"221989",""
"221995",""
"221996",""
"222010",""
"222012","1"
"222018","5"
"222023","1"
"222025","1"
"222062",""
"222072",""
"222080",""
"222094",""
"222099","2"
"222143",""
"222154",""
"222163",""
"222191","1"
"222217",""
"222237",""
"222254","4"
"222259",""
"222290","1"
"222318","2"
"222319",""
"222334",""
"222340",""
"222342",""
"222356",""
"222359",""
"222378",""
"222381",""
"222403",""
"222407",""
"222435","1"
"222437","1"
"222451",""
"222479",""
"222492",""
"222502",""
"222505",""
"222512","1"
"222527","4"
"222532","3"
"222541",""
"222542",""
"222561",""
"222568","1"
"222571",""
"222589",""
"222591",""
"222619",""
"222622",""
"222690","1"
"222701","1"
"222740",""
"222743",""
"222753","1"
"222760",""
"222765",""
"222772",""
"222773","1"
"222787",""
"222795","1"
"222819",""
"222833",""
"222850",""
"222851",""
"222855",""
"222856",""
"222869",""
"222887",""
"222891","0"
"222892",""
"222951",""
"222965",""
"222970",""
"223002",""
"223022","1"
"223037",""
"223061",""
"223089",""
"223144",""
"223154","1"
"223155",""
"223178","3"
"223200",""
"223212",""
"223258","2"
"223262",""
"223287",""
"223290","2"
"223369","1"
"223389",""
"223438",""
"223448","7"
"223481",""
"223502",""
"223516",""
"223518","1"
"223564",""
"223578",""
"223588",""
"223608",""
"223642",""
"223662",""
"223663",""
"223671",""
"223685",""
"223688","3"
"223699","1"
"223713",""
"223729","1"
"223737","6"
"223754",""
"223760",""
"223765",""
"223782",""
"223820",""
"223853",""
"223859",""
"223891",""
"223925",""
"223942","1"
"223977",""
"223980",""
"224007",""
"224039",""
"224044",""
"224045",""
"224052",""
"224059",""
"224069",""
"224082",""
"224103",""
"224118",""
"224179",""
"224199",""
"224200","6"
"224220",""
"224241",""
"224251",""
"224260",""
"224275","1"
"224301",""
"224320",""
"224322",""
"224330",""
"224338",""
"224371","1"
"224382",""
"224393",""
"224404","1"
"224420",""
"224437",""
"224441",""
"224442",""
"224447","13"
"224515",""
"224547",""
"224557",""
"224559","1"
"224573",""
"224581","2"
"224629","1"
"224638",""
"224645",""
"224650",""
"224655",""
"224665",""
"224673","19"
"224695",""
"224701","10"
"224710","2"
"224713",""
"224744",""
"224763",""
"224793",""
"224799","1"
"224821",""
"224839",""
"224849",""
"224854",""
"224864",""
"224896",""
"224911",""
"224913",""
"224945",""
"224968",""
"224971",""
"224981",""
"224986",""
"224987",""
"224988","1"
"224999",""
"225000",""
"225001","5"
"225016",""
"225044",""
"225054","2"
"225056","1"
"225069",""
"225076",""
"225100",""
"225101",""
"225132",""
"225165",""
"225168",""
"225174",""
"225210",""
"225228",""
"225262","1"
"225277",""
"225286",""
"225292",""
"225305",""
"225307",""
"225325",""
"225331",""
"225333",""
"225376","1"
"225406",""
"225415",""
"225439","1"
"225446","0"
"225464",""
"225478",""
"225495",""
"225513",""
"225520",""
"225522",""
"225526","1"
"225531",""
"225545",""
"225575",""
"225605",""
"225656",""
"225668",""
"225693",""
"225700",""
"225708","1"
"225717","1"
"225724","1"
"225755","1"
"225762",""
"225787",""
"225799",""
"225844",""
"225873","12"
"225881","1"
"225900",""
"225910",""
"225916",""
"225917",""
"225923",""
"225925",""
"225962",""
"225968",""
"225980",""
"225990",""
"225998",""
"226007",""
"226019",""
"226022","1"
"226028",""
"226035",""
"226062",""
"226065",""
"226070","2"
"226072",""
"226082","1"
"226085",""
"226095",""
"226100","1"
"226114","0"
"226141",""
"226219","3"
"226331",""
"226338",""
"226343",""
"226368",""
"226372",""
"226389",""
"226393","1"
"226407","1"
"226408","1"
"226415","1"
"226454",""
"226464",""
"226470","1"
"226495",""
"226499",""
"226532",""
"226538",""
"226553",""
"226556",""
"226594",""
"226596",""
"226597",""
"226600","4"
"226666",""
"226708",""
"226740",""
"226752",""
"226755",""
"226757","3"
"226771",""
"226796",""
"226819",""
"226820",""
"226827","1"
"226850",""
"226860","1"
"226907",""
"226920",""
"226932",""
"226934","2"
"226944","1"
"226945","1"
"226946",""
"226954",""
"226955",""
"226969","1"
"226976",""
"226977",""
"226983",""
"226990","1"
"226994",""
"227045",""
"227060","1"
"227077",""
"227089",""
"227093",""
"227095","1"
"227098",""
"227105",""
"227115",""
"227176",""
"227181",""
"227183",""
"227187",""
"227202","1"
"227215",""
"227284",""
"227286",""
"227287",""
"227300",""
"227302",""
"227343",""
"227346",""
"227364","1"
"227371",""
"227383",""
"227397",""
"227433",""
"227436","1"
"227446",""
"227466",""
"227477",""
"227479","1"
"227509",""
"227531",""
"227536","1"
"227547",""
"227561",""
"227595",""
"227620",""
"227625",""
"227660",""
"227671",""
"227678",""
"227716","1"
"227750",""
"227753",""
"227757",""
"227758",""
"227763",""
"227770",""
"227780",""
"227789",""
"227791",""
"227814",""
"227821",""
"227826","3"
"227845",""
"228893",""
"228912",""
"228920",""
"228922",""
"228925",""
"228935",""
"228992",""
"228997",""
"229015","4"
"229020",""
"229022",""
"229038",""
"229039",""
"229050",""
"229055","2"
"229065",""
"229105",""
"229117",""
"229118",""
"229121","1"
"229139",""
"229148",""
"229179",""
"229206",""
"229227",""
"229238",""
"229267",""
"229282","1"
"229295",""
"229328",""
"229333",""
"229353",""
"229377",""
"229388",""
"229391",""
"229466",""
"229480","1"
"229484",""
"229486",""
"229500",""
"229510",""
"229591",""
"229599","2"
"229602",""
"229606",""
"229640",""
"229652",""
"229653",""
"229656",""
"229678",""
"229694",""
"229702","3"
"229714",""
"229715",""
"229744",""
"229747",""
"229761",""
"229771",""
"229781","1"
"229789",""
"229804",""
"229812",""
"229820",""
"229868",""
"229871",""
"229872",""
"229908",""
"229928",""
"229932",""
"229934",""
"229945",""
"229963",""
"229994",""
"230008",""
"230014",""
"230035","8"
"230055",""
"230083",""
"230129",""
"230131",""
"230150",""
"230152",""
"230161",""
"230165",""
"230185",""
"230186",""
"230221",""
"230224",""
"230232",""
"230236",""
"230250",""
"230256",""
"230272","1"
"230273",""
"230293",""
"230314",""
"230319",""
"230343",""
"230356",""
"230373",""
"230380",""
"230389",""
"230456",""
"230463",""
"230464",""
"230467",""
"230479",""
"230500",""
"230504",""
"230528",""
"230530",""
"230588","1"
"230609",""
"230621",""
"230627",""
"230635",""
"230644",""
"230654",""
"230657",""
"230678",""
"230680",""
"230687",""
"230689",""
"230704",""
"230711",""
"230726",""
"230727",""
"230757",""
"230771",""
"230773",""
"230776",""
"230804",""
"230809",""
"230832",""
"230838",""
"230841",""
"230868",""
"230907",""
"230914",""
"230925",""
"230930",""
"230935",""
"230943",""
"230968",""
"230976",""
"230979",""
"230984","7"
"230990",""
"231042",""
"231060",""
"231079",""
"231101",""
"231147",""
"231161","1"
"231178",""
"231203",""
"231216",""
"231217",""
"231218",""
"231219",""
"231229",""
"231266",""
"231280",""
"231281",""
"231292","1"
"231323",""
"231347",""
"231374",""
"231438",""
"231447",""
"231455",""
"231467",""
"231476",""
"231487",""
"231491",""
"231506",""
"231519",""
"231525","11"
"231526",""
"231535",""
"231558",""
"231565",""
"231579",""
"231587","0"
"231598",""
"231614",""
"231622","3"
"231652",""
"231703",""
"231710","1"
"231724",""
"231727",""
"231752",""
"231758",""
"231768",""
"231793",""
"231796",""
"231804",""
"231839",""
"231844",""
"231846","3"
"231864",""
"231880",""
"231930","3"
"231958",""
"231964",""
"231991",""
"232007",""
"232030",""
"232049",""
"232058","2"
"232077",""
"232078","1"
"232099",""
"232116",""
"232120",""
"232125",""
"232134",""
"232213",""
"232254",""
"232263",""
"232273","1"
"232286",""
"232301",""
"232310","1"
"232370",""
"232406","1"
"232414",""
"232423",""
"232434",""
"232439",""
"232458",""
"232460",""
"232465",""
"232474",""
"232478",""
"232494",""
"232506",""
"232507",""
"232521","1"
"232528",""
"232572",""
"232574","1"
"232575",""
"232583",""
"232656",""
"232670",""
"232717",""
"232732",""
"232739",""
"232744",""
"232783",""
"232833",""
"232845",""
"232849",""
"232866",""
"232909",""
"232936",""
"232967","1"
"232974",""
"232982",""
"233026",""
"233027",""
"233028",""
"233051",""
"233052",""
"233053",""
"233059","1"
"233090",""
"233097",""
"233137",""
"233139",""
"233141",""
"233170",""
"233186",""
"233220",""
"233228",""
"233235",""
"233261",""
"233272",""
"233285",""
"233294",""
"233302",""
"233304",""
"233338",""
"233359",""
"233378",""
"233394",""
"233412",""
"233432",""
"233453",""
"233501",""
"233536",""
"233553",""
"233583",""
"233592",""
"233594",""
"233595",""
"233603",""
"233614",""
"233651",""
"233666",""
"233689",""
"233698",""
"233701",""
"233709",""
"233721",""
"233731",""
"233733",""
"233748","1"
"233759","1"
"233793",""
"233815",""
"233818",""
"233849",""
"233884",""
"233887",""
"233901",""
"233906",""
"233980","0"
"233995",""