id,score
"10","44"
"32","63"
"65","12"
"130","26"
"213","14"
"215","17"
"235","23"
"238","10"
"278","23"
"378","12"
"448","8"
"465","18"
"477","28"
"589","9"
"600","22"
"603","3"
"667","5"
"730","2"
"878","7"
"1080","13"
"1274","13"
"1281","22"
"1283","7"
"1310","11"
"1327","8"
"1537","24"
"1774","5"
"1782","4"
"1793","21"
"1812","1"
"2070","4"
"2113","22"
"2174","2"
"2231","102"
"2452","16"
"2658","1"
"2740","2"
"2770","6"
"2826","6"
"2874","6"
"2918","13"
"3078","7"
"3129","9"
"3144","19"
"3246","1"
"3290","23"
"3416","3"
"3488","8"
"3493","6"
"3574","2"
"3592","141"
"3611","78"
"3664","10"
"3681","20"
"3727","9"
"3945","14"
"4016","15"
"4143","18"
"4210","5"
"4256","8"
"4313","4"
"4410","11"
"4533","25"
"4699","10"
"4767","5"
"4910","6"
"4925","7"
"5043","2"
"5044","5"
"5085","45"
"5175","6"
"5366","5"
"5502","5"
"5523","4"
"5526","3"
"5613","5"
"5762","11"
"5812","0"
"5833","8"
"5857","0"
"5951","6"
"6562","6"
"6569","5"
"6587","3"
"6620","5"
"6641","5"
"6868","13"
"6918","3"
"6919","20"
"6940","3"
"6944","5"
"7024","6"
"7181","9"
"7236","6"
"7261","12"
"7280","4"
"7431","0"
"7587","12"
"7595","8"
"7726","33"
"7833","2"
"7840","34"
"7944","22"
"7967","2"
"8028","7"
"8072","22"
"8085","6"
"8206","7"
"8220","13"
"8225","6"
"8277","5"
"8316","7"
"8417","8"
"8518","2"
"8534","2"
"8638","4"
"8695","4"
"8786","4"
"8829","13"
"8919","7"
"9011","69"
"9031","12"
"9115","5"
"9119","5"
"9192","22"
"9372","6"
"9402","8"
"9415","26"
"9603","1"
"9663","5"
"9708","13"
"9932","0"
"9974","4"
"10044","3"
"10219","1"
"10227","33"
"10228","4"
"10404","3"
"10452","30"
"10454","5"
"10634","2"
"10867","3"
"10962","10"
"10989","11"
"11083","4"
"11112","4"
"11141","2"
"11233","1"
"11272","13"
"11299","5"
"11309","1"
"11391","21"
"11404","0"
"11441","6"
"11513","2"
"11532","1"
"11550","16"
"11655","3"
"11875","4"
"11898","2"
"11912","2"
"11930","4"
"12321","8"
"12413","2"
"12415","2"
"12446","22"
"12457","5"
"12479","3"
"12618","3"
"12654","2"
"12878","1"
"12939","5"
"13194","13"
"13279","2"
"13374","17"
"13551","1"
"13703","3"
"14098","4"
"14154","4"
"14210","-2"
"14286","7"
"14328","4"
"14396","2"
"14474","2"
"14505","43"
"14515","7"
"14613","5"
"14687","-2"
"14735","5"
"15016","4"
"15038","4"
"15048","7"
"15058","3"
"15076","355"
"15124","1"
"15163","3"
"15255","19"
"15298","4"
"15301","3"
"15355","-3"
"15585","15"
"15638","3"
"15797","3"
"15909","1"
"15953","2"
"15973","4"
"16023","5"
"16175","5"
"16214","1"
"16264","0"
"16345","3"
"16351","5"
"16449","26"
"16537","5"
"16581","17"
"16612","1"
"16644","4"
"16679","4"
"16706","13"
"16737","3"
"16782","6"
"16908","12"
"16996","1"
"17054","2"
"17079","4"
"17127","2"
"17210","3"
"17273","1"
"17276","5"
"17318","3"
"17364","2"
"17487","10"
"17517","1"
"17536","2"
"17633","0"
"17638","2"
"17971","4"
"18047","4"
"18054","3"
"18066","2"
"18166","3"
"18225","45"
"18249","8"
"18321","3"
"18328","8"
"18726","16"
"18775","3"
"18875","18"
"18878","47"
"18959","1"
"18974","1"
"19156","5"
"19209","-1"
"19294","9"
"19326","14"
"19330","2"
"19406","2"
"19623","4"
"19638","17"
"19910","3"
"19915","18"
"19979","5"
"19981","3"
"19999","6"
"20028","3"
"20159","8"
"20253","2"
"20343","3"
"20349","4"
"20381","1"
"20429","2"
"20465","2"
"20507","1"
"20535","0"
"20688","4"
"20691","1"
"20719","3"
"20778","21"
"20786","3"
"20857","3"
"20928","2"
"20939","3"
"20974","6"
"21057","5"
"21088","3"
"21118","2"
"21140","3"
"21149","6"
"21253","3"
"21278","3"
"21327","8"
"21362","4"
"21541","-5"
"22564","5"
"22808","6"
"22828","5"
"23140","1"
"23190","16"
"23202","2"
"23364","3"
"23482","0"
"23493","1"
"23564","2"
"23621","1"
"23690","26"
"23741","3"
"23787","14"
"23906","8"
"23957","0"
"24121","5"
"24141","1"
"24153","0"
"24163","17"
"24195","162"
"24209","3"
"24385","0"
"24400","16"
"24410","27"
"24420","4"
"24482","3"
"24592","12"
"24697","2"
"24751","1"
"24845","1"
"24847","1"
"24891","3"
"24935","2"
"25046","3"
"25119","1"
"25189","-1"
"25419","3"
"25449","2"
"25557","20"
"25667","16"
"25798","11"
"25966","2"
"26287","5"
"26394","1"
"26496","6"
"26551","8"
"26627","5"
"26690","2"
"26739","2"
"27874","0"
"29040","3"
"29068","7"
"29338","0"
"29517","0"
"29642","30"
"29742","30"
"29749","0"
"29798","2"
"30071","5"
"30082","2"
"30091","21"
"30140","1"
"30191","-1"
"30280","8"
"30352","7"
"30432","2"
"30560","13"
"30584","1"
"30630","1"
"30631","3"
"30680","4"
"30719","1"
"30754","41"
"30896","1"
"30980","4"
"31076","2"
"31168","9"
"31201","0"
"31213","7"
"31232","5"
"31273","0"
"31286","1"
"31306","15"
"31320","9"
"31415","1"
"31424","4"
"31461","0"
"31566","1"
"31659","49"
"31748","21"
"31755","1"
"31828","0"
"31870","3"
"31946","6"
"31999","22"
"32058","12"
"32092","6"
"32303","-2"
"32308","100"
"32500","7"
"32596","3"
"32612","2"
"32758","4"
"32759","2"
"32833","2"
"32862","10"
"32879","-2"
"32928","38"
"33009","1"
"33017","9"
"33062","-1"
"33106","2"
"33135","4"
"33235","4"
"33270","1"
"33323","18"
"33326","17"
"33523","8"
"33581","5"
"33613","2"
"33639","5"
"33688","9"
"33741","6"
"33873","12"
"33895","-1"
"33925","0"
"34009","5"
"34088","13"
"34096","-2"
"34136","4"
"34312","-4"
"34427","11"
"34498","1"
"34562","6"
"34606","1"
"34635","5"
"34655","9"
"34676","4"
"34804","16"
"34805","7"
"34850","0"
"34909","4"
"34986","1"
"35060","-6"
"35061","13"
"35075","2"
"35155","4"
"35317","0"
"35356","5"
"35369","9"
"35395","11"
"35420","9"
"35515","4"
"35591","-11"
"35652","2"
"35712","5"
"35758","4"
"35773","17"
"35803","2"
"35845","4"
"35883","11"
"35904","6"
"35944","4"
"36447","54"
"36475","-1"
"36484","-1"
"36538","9"
"36565","1"
"36616","3"
"36668","3"
"36769","0"
"36849","2"
"36934","3"
"37362","4"
"37484","10"
"37749","8"
"37832","35"
"37921","3"
"37937","-2"
"37980","8"
"38070","6"
"38131","0"
"38192","4"
"38199","27"
"38395","2"
"38406","8"
"38490","3"
"38509","2"
"38519","1"
"38550","0"
"38580","8"
"38705","0"
"38801","13"
"38880","-3"
"38893","6"
"39050","1"
"39054","15"
"39303","3"
"39468","2"
"39608","7"
"39671","0"
"39735","3"
"39736","2"
"39818","9"
"39889","1"
"39897","0"
"39898","2"
"39995","8"
"40074","8"
"40170","0"
"40257","7"
"40330","2"
"40427","1"
"40453","-1"
"40715","3"
"40784","3"
"40811","3"
"40904","1"
"41050","-3"
"41170","2"
"41207","7"
"41290","3"
"41401","-2"
"41410","1"
"41411","0"
"41445","2"
"41596","3"
"41890","0"
"41941","34"
"41961","5"
"41971","7"
"42028","0"
"42199","3"
"42315","3"
"42318","6"
"42345","1"
"42516","1"
"42527","4"
"42531","-7"
"42550","5"
"42616","3"
"42640","0"
"42756","3"
"42779","18"
"42904","4"
"42959","-1"
"43091","4"
"43125","3"
"43169","2"
"43392","3"
"43436","14"
"43489","0"
"43528","7"
"43585","11"
"43639","50"
"43703","0"
"43706","2"
"43784","1"
"43902","1"
"44055","2"
"44093","0"
"44208","24"
"44231","6"
"44291","5"
"44298","5"
"44339","5"
"44418","16"
"44509","6"
"44518","8"
"44531","0"
"44630","4"
"44689","3"
"44750","35"
"44840","1"
"44982","0"
"44983","0"
"45002","4"
"45112","26"
"45206","3"
"45209","9"
"45332","5"
"45468","0"
"45474","2"
"45564","2"
"45639","6"
"45648","0"
"45667","0"
"45689","0"
"45735","0"
"45761","0"
"45787","2"
"45860","7"
"45864","3"
"45910","0"
"46008","0"
"46066","5"
"46192","1"
"46193","1"
"46248","3"
"46403","5"
"46457","1"
"46682","5"
"46721","1"
"46739","3"
"46773","-1"
"46816","2"
"46826","1"
"46885","1"
"46894","0"
"47089","1"
"47104","0"
"47253","3"
"47539","1"
"47646","2"
"47650","1"
"47684","11"
"47717","5"
"47807","5"
"47869","1"
"47920","2"
"47937","1"
"48013","0"
"48157","0"
"48166","3"
"48262","2"
"48323","1"
"48415","3"
"48511","16"
"48523","3"
"48587","1"
"48611","9"
"48615","0"
"48621","0"
"48637","2"
"48692","5"
"48938","4"
"49185","22"
"49315","9"
"49487","0"
"49512","3"
"49539","1"
"49849","21"
"49852","16"
"51021","0"
"51031","1"
"51071","9"
"51105","4"
"51127","0"
"51188","0"
"51226","3"
"51236","3"
"51259","5"
"51282","-1"
"51295","1"
"51312","1"
"51410","-1"
"51420","-3"
"51427","1"
"51601","3"
"51628","2"
"51629","0"
"51630","1"
"51715","0"
"51788","5"
"51797","1"
"51916","1"
"51939","3"
"52053","11"
"52060","1"
"52104","3"
"52106","1"
"52168","0"
"52224","7"
"52347","0"
"52489","2"
"52558","1"
"52663","0"
"52670","2"
"52727","-5"
"52782","0"
"52785","1"
"52788","0"
"52815","2"
"52843","0"
"52868","0"
"53075","1"
"53197","4"
"53218","10"
"53233","8"
"53333","4"
"53354","1"
"53389","-1"
"53454","1"
"53469","15"
"53504","1"
"53564","0"
"53588","0"
"53849","3"
"53937","1"
"54158","1"
"54198","1"
"54312","2"
"54368","8"
"54400","1"
"54407","1"
"54409","0"
"54426","1"
"54573","2"
"54626","2"
"54684","3"
"54814","-1"
"54879","8"
"54897","-4"
"54926","2"
"54949","6"
"54978","0"
"55042","1"
"55048","2"
"55236","2"
"55279","37"
"55314","5"
"55422","0"
"55583","2"
"55630","0"
"55823","0"
"55958","0"
"56007","3"
"56061","2"
"56089","-4"
"56120","1"
"56253","0"
"56324","2"
"56467","6"
"56475","2"
"56549","-3"
"56619","1"
"56640","1"
"56717","0"
"56857","6"
"56872","0"
"56910","1"
"56931","1"
"56944","1"
"56968","3"
"57006","6"
"57027","1"
"57102","2"
"57236","3"
"57275","1"
"57374","5"
"57375","0"
"57612","11"
"57614","0"
"57646","105"
"57681","7"
"57832","1"
"57868","5"
"57878","31"
"57969","0"
"58094","9"
"58415","4"
"58431","0"
"58534","3"
"58725","7"
"58744","4"
"58765","0"
"58777","4"
"58909","-1"
"58911","0"
"58971","0"
"59120","2"
"59128","1"
"59143","4"
"59274","-1"
"59396","4"
"59418","0"
"59423","3"
"59473","11"
"59521","-2"
"59594","0"
"60726","17"
"60734","1"
"60744","9"
"60750","3"
"60888","0"
"60913","10"
"60924","1"
"61122","6"
"61286","0"
"61318","1"
"61364","1"
"61371","0"
"61399","4"
"61404","9"
"61427","-1"
"61473","3"
"61623","0"
"61653","1"
"61785","6"
"61794","1"
"61948","2"
"61969","27"
"61991","2"
"61992","7"
"62141","-2"
"62240","7"
"62390","3"
"62540","2"
"62595","1"
"62759","0"
"62767","0"
"62817","3"
"62869","1"
"62891","1"
"62893","0"
"63004","4"
"63005","0"
"63087","0"
"63204","0"
"63228","3"
"63288","1"
"63346","1"
"63356","5"
"63378","3"
"63429","0"
"63560","3"
"63592","3"
"63599","7"
"63705","1"
"63779","1"
"63785","-1"
"63845","29"
"63849","7"
"63866","3"
"63893","0"
"63924","0"
"63947","3"
"64221","-4"
"64230","1"
"64295","-1"
"64310","1"
"64363","1"
"64428","4"
"64455","1"
"64539","2"
"64644","1"
"64670","-2"
"64801","1"
"64812","1"
"64925","12"
"64934","-1"
"65019","1"
"65090","0"
"65230","2"
"65246","1"
"65280","41"
"65361","1"
"65443","1"
"65475","0"
"65614","1"
"65636","2"
"65637","0"
"65721","0"
"65729","2"
"65883","14"
"65968","1"
"65989","6"
"66001","1"
"66024","0"
"66033","1"
"66070","3"
"66099","2"
"66137","1"
"66231","4"
"66414","1"
"66490","10"
"66500","2"
"66615","-1"
"66699","20"
"66713","6"
"66728","5"
"66771","0"
"66773","0"
"66832","0"
"66849","1"
"67057","0"
"67066","33"
"67077","3"
"67213","1"
"67241","2"
"67242","8"
"67504","1"
"67623","2"
"67686","2"
"67692","4"
"67778","1"
"67782","3"
"67855","1"
"67961","1"
"67972","17"
"68008","32"
"68073","1"
"68148","3"
"68156","9"
"68181","5"
"68189","3"
"68198","1"
"68208","2"
"68321","3"
"68395","0"
"68472","0"
"68552","10"
"68558","13"
"68701","14"
"68778","-1"
"68805","1"
"68864","0"
"68994","3"
"69084","1"
"69102","1"
"69173","4"
"69181","2"
"69279","29"
"69424","5"
"70589","3"
"70638","1"
"70719","244"
"70785","1"
"70801","1"
"70871","0"
"70921","3"
"70973","1"
"71049","0"
"71126","7"
"71139","2"
"71141","14"
"71176","2"
"71424","6"
"71474","14"
"71498","2"
"71558","2"
"71627","3"
"71694","2"
"71753","3"
"71868","3"
"71930","5"
"71969","1"
"72005","11"
"72231","3"
"72324","2"
"72382","-3"
"72485","-1"
"72624","6"
"72636","3"
"72638","4"
"72640","-3"
"72742","3"
"72780","4"
"72940","2"
"72954","6"
"72978","2"
"73095","14"
"73202","3"
"73243","1"
"73389","0"
"73538","3"
"73540","0"
"73605","5"
"73676","3"
"74011","1"
"74134","3"
"74149","0"
"74182","-4"
"74390","-3"
"74432","3"
"74470","4"
"74524","14"
"74538","-2"
"74558","0"
"74729","-1"
"75738","-3"
"75810","3"
"75837","2"
"75873","2"
"75918","2"
"76108","-1"
"76261","1"
"76278","2"
"76298","1"
"76436","0"
"76507","1"
"76552","0"
"76554","0"
"76606","-1"
"76619","1"
"76677","1"
"76699","1"
"76706","40"
"76781","-1"
"76791","2"
"76809","2"
"76863","0"
"76879","3"
"76883","0"
"76889","1"
"76928","1"
"77061","4"
"77088","4"
"77137","1"
"77200","0"
"77246","4"
"77410","0"
"77415","1"
"77424","5"
"77518","3"
"78688","1"
"78823","1"
"78841","2"
"78843","0"
"78928","11"
"79023","6"
"79113","1"
"79125","1"
"79179","4"
"79197","0"
"79231","0"
"79326","28"
"79352","1"
"79394","1"
"79421","7"
"79602","1"
"79603","2"
"79652","1"
"79747","8"
"79789","1"
"79828","6"
"79835","2"
"79850","3"
"79868","0"
"79884","0"
"80131","-1"
"80225","-2"
"80263","11"
"80417","5"
"80478","1"
"80485","0"
"80488","11"
"80510","2"
"80522","1"
"80523","1"
"80586","0"
"80589","0"
"80622","1"
"80663","0"
"80723","6"
"80755","2"
"80822","8"
"80837","22"
"80861","16"
"80863","4"
"80871","7"
"81062","0"
"81070","3"
"81132","0"
"81157","4"
"81166","4"
"81192","8"
"81262","1"
"81319","3"
"81336","6"
"81345","3"
"81355","2"
"81454","5"
"81474","0"
"81486","6"
"81586","0"
"81612","1"
"81625","1"
"81639","-1"
"81677","36"
"81693","2"
"81699","0"
"81763","4"
"81769","2"
"81815","3"
"81994","10"
"82035","58"
"82092","2"
"82104","1"
"82112","5"
"82273","11"
"82366","0"
"82559","0"
"82586","23"
"82604","4"
"82688","0"
"82716","9"
"82752","1"
"82766","11"
"82828","0"
"82831","1"
"82943","4"
"82945","5"
"82958","7"
"82961","9"
"82964","3"
"83015","0"
"83017","4"
"83028","22"
"83049","3"
"83092","5"
"83137","2"
"83151","0"
"83268","0"
"83358","-1"
"83409","16"
"83433","0"
"83534","2"
"83568","1"
"83660","17"
"83726","0"
"83728","4"
"84092","2"
"84139","3"
"84266","4"
"84294","7"
"84302","14"
"84325","1"
"84339","0"
"84361","1"
"84380","1"
"84486","0"
"84491","3"
"84530","0"
"84569","0"
"84737","1"
"84767","15"
"84786","1"
"84793","0"
"84807","7"
"84875","1"
"84919","1"
"84933","2"
"85018","0"
"85044","4"
"85089","1"
"85105","3"
"85132","3"
"85411","1"
"85459","3"
"85483","1"
"85497","0"
"85560","3"
"85581","1"
"85710","0"
"85914","1"
"86046","0"
"86132","7"
"86139","8"
"86158","2"
"86161","0"
"86182","0"
"86186","1"
"86194","2"
"86201","9"
"86234","3"
"86327","6"
"86366","1"
"86395","2"
"86456","0"
"86515","1"
"86547","17"
"86696","-1"
"86857","10"
"86869","5"
"86923","2"
"86990","0"
"87007","1"
"87026","1"
"87102","2"
"87137","1"
"87188","1"
"87320","11"
"87344","1"
"87400","1"
"87458","6"
"87494","6"
"87534","-1"
"87542","1"
"87553","1"
"88583","2"
"88601","0"
"88630","7"
"88684","3"
"88724","10"
"88889","1"
"88936","3"
"88980","9"
"89003","6"
"89024","4"
"89080","4"
"89181","0"
"89396","-1"
"89397","1"
"89553","7"
"89639","-2"
"89916","2"
"90135","2"
"90155","1"
"90230","1"
"90247","0"
"90287","0"
"90289","2"
"90306","2"
"90369","1"
"90534","4"
"90724","1"
"90795","-3"
"90936","1"
"90939","1"
"90970","3"
"91039","2"
"91087","4"
"91215","3"
"91309","1"
"91402","11"
"91407","9"
"91431","1"
"91451","5"
"91521","1"
"91773","1"
"91887","3"
"91934","3"
"91969","5"
"92011","4"
"92148","3"
"92180","2"
"92263","3"
"92300","0"
"92421","7"
"92464","4"
"92493","0"
"92642","4"
"92643","1"
"92700","4"
"92748","8"
"92766","55"
"92846","7"
"92875","1"
"92904","3"
"92919","3"
"92979","2"
"93248","2"
"93370","8"
"93447","4"
"93467","3"
"93527","3"
"93542","7"
"93545","1"
"93573","1"
"93648","1"
"93658","3"
"93776","6"
"93836","6"
"93970","1"
"94002","1"
"94017","23"
"94274","1"
"94317","1"
"94473","2"
"94577","4"
"94585","3"
"94633","4"
"94640","10"
"94706","3"
"94711","1"
"94856","-1"
"94857","1"
"95119","5"
"95123","-1"
"95245","21"
"95276","26"
"95335","-1"
"95384","2"
"95524","8"
"95580","14"
"95629","4"
"95641","1"
"95812","0"
"95850","1"
"95936","1"
"95982","0"
"96025","-1"
"96078","3"
"96100","5"
"96117","5"
"96212","4"
"96247","10"
"96278","11"
"96335","5"
"96455","-3"
"96564","4"
"96589","2"
"96610","2"
"96615","2"
"96787","2"
"96798","40"
"96883","7"
"96947","1"
"97015","2"
"97065","0"
"97146","4"
"97198","7"
"97305","-1"
"97368","8"
"97380","0"
"97520","5"
"97689","7"
"97810","0"
"97811","1"
"97892","1"
"97946","1"
"98031","1"
"98075","3"
"98187","8"
"98317","4"
"98389","0"
"98403","2"
"98419","0"
"98427","1"
"98436","22"
"99614","1"
"99840","1"
"99902","4"
"99921","0"
"99989","1"
"100020","6"
"100074","6"
"100140","3"
"100146","3"
"100274","2"
"100309","1"
"100405","0"
"100410","6"
"100418","3"
"100551","4"
"100615","0"
"100643","-1"
"100689","1"
"100722","2"
"100743","67"
"100757","3"
"100860","-1"
"100926","2"
"100953","1"
"100999","0"
"101179","2"
"101235","0"
"101336","0"
"101406","2"
"101440","6"
"101448","0"
"101453","-3"
"101514","4"
"101529","3"
"101530","3"
"101637","6"
"101721","20"
"101758","1"
"101828","2"
"101849","8"
"101957","2"
"101997","2"
"102001","3"
"102026","4"
"102060","2"
"102078","0"
"102169","3"
"102451","0"
"102603","1"
"102674","1"
"102711","3"
"102744","6"
"102799","22"
"102818","-2"
"103041","4"
"103058","1"
"103089","14"
"103396","1"
"103408","2"
"103433","1"
"103515","8"
"103602","8"
"103658","-1"
"103671","2"
"103689","-2"
"103722","1"
"103723","3"
"103823","1"
"103844","2"
"103862","3"
"103933","0"
"103960","4"
"104122","-1"
"104152","5"
"104244","4"
"104402","7"
"104486","7"
"104522","1"
"104525","2"
"104692","2"
"104836","1"
"104868","0"
"104921","1"
"104957","2"
"105065","3"
"105197","5"
"105277","3"
"105375","1"
"105434","0"
"105480","8"
"105493","9"
"105541","6"
"105652","2"
"105689","1"
"105834","12"
"105906","3"
"105925","-2"
"105934","1"
"106014","1"
"106085","0"
"106122","8"
"106159","4"
"106188","102"
"106206","16"
"106224","-1"
"106275","7"
"106310","44"
"106362","0"
"106403","5"
"106501","2"
"106714","0"
"106752","4"
"107035","-1"
"107209","0"
"107268","3"
"107301","1"
"107340","3"
"107413","37"
"107441","6"
"107444","0"
"107523","1"
"107565","3"
"107641","1"
"107695","1"
"107699","2"
"107722","-1"
"107833","16"
"107846","14"
"108125","6"
"108167","4"
"108179","3"
"108261","9"
"108268","0"
"108320","3"
"108390","6"
"108398","0"
"108461","2"
"108489","-1"
"108658","1"
"108738","1"
"108886","1"
"108961","2"
"108985","7"
"108994","1"
"109010","5"
"109091","1"
"109173","6"
"109339","3"
"109342","2"
"109387","5"
"109471","6"
"109590","4"
"109602","5"
"109751","0"
"109822","9"
"109905","3"
"109925","1"
"109935","5"
"110101","9"
"110169","-1"
"110218","1"
"110278","4"
"110354","2"
"110369","1"
"110388","1"
"110533","0"
"110558","1"
"110575","8"
"110599","8"
"110600","29"
"110646","3"
"110749","2"
"110943","3"
"110972","3"
"111014","1"
"111040","36"
"111258","6"
"111294","1"
"111296","1"
"111308","0"
"111398","3"
"111550","1"
"111705","3"
"111733","4"
"111738","0"
"111777","2"
"111935","16"
"111975","8"
"111989","2"
"112009","11"
"112028","2"
"112070","8"
"112096","2"
"112208","3"
"112239","1"
"112325","0"
"112329","-2"
"112494","3"
"112553","0"
"112742","-1"
"112743","1"
"112772","2"
"112845","14"
"112931","3"
"112952","3"
"113005","1"
"113031","-5"
"113057","1"
"113123","3"
"113266","1"
"113291","10"
"113445","-1"
"113482","2"
"113560","-3"
"114661","4"
"114708","4"
"114784","2"
"114823","0"
"114875","0"
"114890","4"
"114897","167"
"114912","3"
"115119","-2"
"115161","2"
"115232","3"
"115286","17"
"115330","1"
"115428","0"
"115441","2"
"115507","133"
"115530","1"
"115576","0"
"115613","11"
"115695","8"
"115721","-1"
"115911","-2"
"115962","3"
"116052","2"
"116079","25"
"116093","2"
"116170","9"
"116222","3"
"116313","0"
"116314","-4"
"116328","0"
"116500","2"
"116518","5"
"116663","3"
"116668","0"
"116716","1"
"116756","2"
"116765","0"
"116819","2"
"116870","1"
"116915","1"
"116960","1"
"117113","3"
"117129","10"
"117170","2"
"117316","1"
"117382","7"
"117433","5"
"117441","5"
"117460","63"
"117518","-1"
"117666","1"
"117671","4"
"117752","2"
"117798","13"
"117878","3"
"117986","2"
"118022","0"
"118057","3"
"118119","0"
"118239","7"
"118271","0"
"118276","6"
"118286","4"
"118290","-2"
"118330","1"
"118344","28"
"118383","1"
"118435","21"
"118515","4"
"118518","2"
"118732","6"
"118804","22"
"118811","0"
"118988","21"
"119094","1"
"119165","7"
"119345","3"
"119364","17"
"119551","6"
"119640","6"
"119687","5"
"119695","3"
"119727","3"
"119764","5"
"119808","0"
"119869","5"
"119920","2"
"119979","-4"
"120025","4"
"120030","-1"
"120071","4"
"120185","-3"
"120218","2"
"120270","8"
"120357","1"
"120358","12"
"120361","1"
"120402","1"
"120414","6"
"120472","32"
"120614","4"
"120680","6"
"120808","72"
"120813","8"
"120861","66"
"120931","5"
"120990","3"
"121035","2"
"121044","10"
"121062","-4"
"121080","20"
"121097","9"
"121100","136"
"121179","12"
"121197","4"
"121200","10"
"121238","2"
"121305","2"
"121340","3"
"121351","1"
"121370","1"
"121371","4"
"121379","0"
"121465","26"
"121570","0"
"121583","2"
"121618","5"
"121643","8"
"121801","1"
"121924","2"
"121930","1"
"121972","22"
"121993","1"
"122231","5"
"122270","0"
"122424","0"
"122441","4"
"122570","0"
"122576","0"
"122589","8"
"122726","0"
"122954","1"
"122994","9"
"123018","3"
"123143","-2"
"123158","1"
"123204","1"
"123291","1"
"123402","0"
"123415","7"
"123463","2"
"123542","2"
"123622","0"
"123659","1"
"123717","79"
"123720","16"
"123782","0"
"123811","-1"
"123860","7"
"123894","9"
"123911","1"
"123929","0"
"124023","1"
"124172","-4"
"124256","2"
"124297","7"
"124429","0"
"124510","-3"
"124520","3"
"124612","0"
"124632","1"
"124633","20"
"124667","8"
"124904","4"
"126148","1"
"126248","6"
"126342","3"
"126369","12"
"126373","-4"
"126393","4"
"126399","6"
"126424","78"
"126507","4"
"126659","5"
"126753","3"
"126812","4"
"126847","6"
"126848","4"
"126872","3"
"126890","2"
"127085","2"
"127156","5"
"127168","2"
"127180","-3"
"127325","0"
"127433","-1"
"127455","1"
"127461","1"
"127514","4"
"127537","0"
"127581","3"
"127603","4"
"127606","2"
"127608","0"
"127615","0"
"127637","2"
"127711","1"
"127802","13"
"127938","2"
"128139","2"
"128186","6"
"128212","4"
"128286","22"
"128397","-3"
"128543","22"
"128565","2"
"128673","1"
"128795","0"
"128820","1"
"128878","1"
"128905","7"
"129026","3"
"129058","1"
"129207","1"
"129218","-1"
"129366","0"
"129384","0"
"129447","9"
"129538","2"
"129560","1"
"129754","1"
"129883","0"
"129951","2"
"130011","1"
"130013","1"
"130053","4"
"130054","0"
"130075","5"
"130269","0"
"130284","1"
"130358","0"
"130693","2"
"130732","12"
"130901","0"
"130961","7"
"131085","1"
"131118","1"
"131156","0"
"131373","2"
"131380","3"
"131761","3"
"131789","8"
"131837","-2"
"132923","2"
"133038","1"
"133043","4"
"133052","-4"
"133104","2"
"133166","4"
"133197","3"
"133200","1"
"133214","0"
"133276","1"
"133305","1"
"133345","4"
"133476","0"
"133549","1"
"133565","4"
"133588","1"
"133629","2"
"133698","1"
"133737","1"
"133787","11"
"133808","4"
"133931","1"
"134011","0"
"134178","2"
"134187","0"
"134303","1"
"134316","2"
"134329","-2"
"134362","1"
"134429","1"
"134452","1"
"134458","11"
"134578","-2"
"134601","5"
"134792","0"
"134808","-5"
"134813","43"
"134828","2"
"134849","2"
"134876","2"
"134904","0"
"134918","0"
"134972","1"
"135035","1"
"135150","5"
"135465","1"
"135474","2"
"135501","6"
"135583","4"
"135623","2"
"135714","2"
"135842","2"
"135848","5"
"135884","113"
"135947","3"
"135963","2"
"136045","3"
"136122","3"
"136210","2"
"136265","0"
"136356","0"
"136558","0"
"136625","1"
"136626","0"
"136673","-1"
"136698","0"
"136730","1"
"136800","1"
"136806","1"
"136816","6"
"137015","1"
"137087","0"
"137199","1"
"137227","7"
"137251","5"
"137301","0"
"137310","3"
"137337","1"
"137343","3"
"137451","1"
"137671","0"
"137782","2"
"137811","0"
"137907","2"
"137930","2"
"138055","6"
"138133","0"
"138395","1"
"138507","1"
"138512","1"
"138531","3"
"138538","4"
"138546","-6"
"138606","177"
"138668","2"
"138765","2"
"138813","10"
"138817","9"
"138869","1"
"138910","3"
"138966","4"
"139181","2"
"139364","126"
"139394","1"
"139440","2"
"139622","1"
"139679","3"
"139711","1"
"139783","3"
"139839","2"
"139843","2"
"139854","4"
"139877","3"
"139889","0"
"139907","3"
"139932","1"
"139952","47"
"139970","0"
"140020","1"
"140023","3"
"140034","3"
"140073","0"
"140232","2"
"140235","1"
"140244","8"
"140246","1"
"140248","2"
"140265","1"
"140293","0"
"140302","1"
"140326","2"
"140346","1"
"140431","0"
"140460","2"
"140580","3"
"140584","53"
"140635","10"
"140703","2"
"140704","1"
"140714","6"
"140781","4"
"140803","0"
"140984","3"
"141004","9"
"141080","-1"
"141094","3"
"141291","12"
"141361","1"
"141502","1"
"141553","-2"
"141586","1"
"141596","3"
"141599","2"
"141637","0"
"141749","1"
"141780","2"
"141846","2"
"141954","3"
"142031","1"
"142100","1"
"142142","2"
"142214","2"
"142231","2"
"142260","2"
"142333","6"
"142398","0"
"142543","2"
"142566","0"
"142581","0"
"142625","1"
"142633","1"
"142673","0"
"142718","5"
"142956","1"
"143025","2"
"143039","0"
"143070","0"
"143113","1"
"143122","6"
"143133","5"
"143141","16"
"143152","1"
"143167","1"
"143168","1"
"143205","1"
"143292","1"
"143411","2"
"143445","2"
"143467","2"
"143540","0"
"143571","1"
"143630","2"
"143640","1"
"143675","1"
"143690","1"
"143700","-1"
"143719","2"
"143962","2"
"143980","1"
"144014","-6"
"144031","2"
"144034","3"
"144054","0"
"144087","0"
"144111","6"
"144135","8"
"144164","2"
"144189","3"
"144199","4"
"144246","1"
"144261","1"
"144267","6"
"144362","2"
"144363","2"
"144392","3"
"144439","0"
"144451","0"
"144507","-1"
"144527","1"
"144540","2"
"144557","-1"
"144686","3"
"144732","1"
"144762","2"
"145142","0"
"145373","4"
"145659","2"
"145716","9"
"145807","3"
"145813","2"
"145829","5"
"145970","9"
"146001","-1"
"146068","0"
"146111","1"
"146188","3"
"146251","-3"
"146274","0"
"146346","6"
"146386","7"
"146393","0"
"146420","0"
"146469","0"
"146471","1"
"146488","2"
"146517","4"
"146573","-1"
"146609","-2"
"146729","1"
"146813","0"
"146818","1"
"146906","2"
"146964","2"
"146968","3"
"147042","1"
"147106","0"
"147189","1"
"147234","1"
"147402","2"
"147520","0"
"147536","2"
"147589","3"
"147600","2"
"147775","-1"
"147898","2"
"147945","1"
"148184","3"
"148209","4"
"148279","3"
"148311","1"
"148351","8"
"148362","-2"
"148428","0"
"148486","2"
"148497","31"
"148619","0"
"148653","3"
"148791","1"
"148878","3"
"148884","1"
"148917","1"
"148974","1"
"149046","0"
"149085","2"
"149133","39"
"149163","0"
"149212","1"
"149301","0"
"149352","3"
"149466","16"
"149495","2"
"149502","3"
"149543","1"
"149634","3"
"149706","0"
"149754","15"
"149768","51"
"149810","1"
"149921","5"
"150051","1"
"150108","0"
"150228","5"
"150288","4"
"150356","0"
"150386","5"
"150485","0"
"150505","3"
"150589","1"
"150694","-1"
"150966","1"
"150977","1"
"151012","0"
"151023","2"
"151094","1"
"151149","0"
"151164","4"
"151206","0"
"151229","1"
"151305","0"
"151320","2"
"151358","3"
"151402","2"
"151409","2"
"151490","3"
"151507","5"
"151524","1"
"151604","2"
"151642","2"
"151710","3"
"151746","10"
"151805","2"
"151862","0"
"152065","2"
"152159","1"
"152185","2"
"152223","59"
"152297","1"
"152330","1"
"152426","1"
"152446","5"
"152471","2"
"152537","0"
"152555","1"
"152633","1"
"152639","0"
"152642","0"
"152859","6"
"153015","0"
"153059","4"
"153305","1"
"153369","5"
"153382","3"
"153445","2"
"153466","1"
"153537","37"
"153568","2"
"153583","2"
"153588","1"
"153734","1"
"153740","2"
"153766","3"
"153846","1"
"153886","4"
"154008","1"
"154023","2"
"154051","2"
"154091","1"
"154166","1"
"154273","4"
"154457","0"
"154497","3"
"154633","6"
"154700","2"
"154725","1"
"154816","-1"
"154886","1"
"154906","2"
"154908","0"
"154911","1"
"154948","0"
"155027","2"
"155066","5"
"155093","0"
"155098","2"
"155156","3"
"155169","8"
"155172","0"
"155226","2"
"155234","1"
"155252","2"
"155386","1"
"155406","2"
"155455","1"
"155476","2"
"155527","6"
"155572","16"
"155597","1"
"155600","5"
"155633","0"
"155742","2"
"155864","1"
"155869","0"
"155918","7"
"156987","2"
"157030","1"
"157203","1"
"157240","0"
"157352","6"
"157409","2"
"157415","5"
"157591","0"
"157640","7"
"157797","1"
"157827","2"
"157849","1"
"157895","2"
"157946","1"
"158007","1"
"158044","4"
"158066","5"
"158071","1"
"158079","9"
"158196","0"
"158207","3"
"158220","2"
"158261","0"
"158263","1"
"158309","3"
"158423","1"
"158439","0"
"158618","0"
"158708","0"
"158731","1"
"158866","1"
"158887","3"
"158891","1"
"158914","3"
"158947","0"
"158965","4"
"158967","6"
"158971","4"
"159016","1"
"159019","2"
"159069","4"
"159080","0"
"159255","1"
"159406","4"
"159417","0"
"159441","2"
"159474","4"
"159506","2"
"159540","0"
"159556","0"
"159613","1"
"159636","1"
"159677","2"
"159744","2"
"159803","4"
"159920","0"
"159946","1"
"159966","1"
"159969","1"
"160014","2"
"160020","2"
"160117","2"
"160175","1"
"160199","0"
"160235","26"
"160349","0"
"160405","1"
"160418","-4"
"160434","2"
"160469","3"
"160526","1"
"160605","0"
"160634","1"
"160635","3"
"160639","3"
"160683","1"
"160685","1"
"160769","5"
"160808","38"
"160837","1"
"160869","1"
"160899","0"
"160918","1"
"160921","1"
"161027","0"
"161111","4"
"161112","4"
"161148","0"
"161254","2"
"161260","2"
"161280","1"
"161523","1"
"161535","2"
"161575","2"
"161589","2"
"161624","0"
"161719","0"
"161729","0"
"161742","1"
"161777","1"
"161833","2"
"161912","0"
"161967","1"
"161987","1"
"162111","3"
"162115","1"
"162206","10"
"162211","2"
"162222","1"
"162240","16"
"162270","0"
"162272","1"
"162330","2"
"162374","3"
"162551","2"
"162690","57"
"162776","0"
"162802","0"
"162957","19"
"162979","5"
"163054","0"
"163115","-1"
"163168","2"
"163196","1"
"163212","7"
"163254","-1"
"163363","8"
"163386","2"
"163394","-1"
"163396","0"
"163516","0"
"163553","0"
"163613","0"
"163687","0"
"164726","3"
"164727","0"
"164732","1"
"164741","9"
"164756","3"
"164935","6"
"165027","0"
"165054","0"
"165321","-2"
"165328","1"
"165367","2"
"165454","-1"
"165466","2"
"165501","0"
"165536","0"
"165631","1"
"165683","3"
"165695","0"
"165706","3"
"165711","1"
"165778","8"
"165848","0"
"165931","3"
"166113","1"
"166140","0"
"166190","2"
"166191","1"
"166271","0"
"166321","2"
"166370","0"
"166386","5"
"166425","7"
"166492","0"
"166571","-2"
"166589","1"
"166683","1"
"166695","1"
"166754","2"
"166803","3"
"166806","1"
"166827","0"
"166863","0"
"166869","3"
"167040","0"
"167087","1"
"167105","1"
"167166","5"
"167172","0"
"167208","1"
"167242","0"
"167278","0"
"167297","-2"
"167372","1"
"167399","0"
"167422","56"
"167460","1"
"167513","6"
"167760","1"
"167766","0"
"167846","5"
"168052","2"
"168067","2"
"168093","0"
"168101","4"
"168137","7"
"168237","2"
"168304","0"
"168371","0"
"168393","1"
"168399","1"
"168412","4"
"168433","1"
"168487","0"
"168538","1"
"168605","1"
"168868","3"
"168879","1"
"168909","7"
"168932","2"
"168998","4"
"169027","7"
"169069","1"
"169074","1"
"169079","5"
"169083","2"
"169114","1"
"169115","-2"
"169124","4"
"169133","0"
"169150","0"
"169187","23"
"169209","1"
"169215","1"
"169228","0"
"169254","0"
"169257","1"
"169272","0"
"169291","2"
"169293","0"
"169302","2"
"169303","5"
"169364","3"
"169384","0"
"169406","0"
"169427","3"
"169431","-1"
"169435","0"
"169448","0"
"169456","-2"
"169499","1"
"169506","1"
"169527","5"
"169580","3"
"169594","1"
"169663","0"
"169666","1"
"169709","1"
"169716","1"
"169735","1"
"169747","2"
"169748","7"
"169756","-2"
"169790","3"
"169858","1"
"169872","2"
"169886","0"
"169902","-2"
"169969","2"
"169974","4"
"169982","1"
"170000","5"
"170018","3"
"170019","1"
"170027","0"
"170040","1"
"170046","-5"
"170047","1"
"170070","6"
"170076","-6"
"170091","3"
"170140","0"
"170229","1"
"170238","4"
"170243","1"
"170256","1"
"170302","1"
"170352","1"
"170378","69"
"170388","61"
"170420","1"
"170444","1"
"170448","0"
"170454","1"
"170459","7"
"170473","0"
"170477","14"
"170501","12"
"170523","6"
"170539","1"
"170571","1"
"170572","-3"
"170588","1"
"170599","21"
"170603","2"
"170615","14"
"170616","-3"
"170620","6"
"170648","10"
"170649","1"
"170650","1"
"170652","1"
"170682","2"
"170695","0"
"170715","-1"
"170739","1"
"170740","0"
"170741","1"
"170763","0"
"170785","1"
"170815","0"
"170830","0"
"170844","1"
"170850","1"
"170860","0"
"170900","0"
"170941","1"
"170954","0"
"170955","-1"
"170958","2"
"170993","0"
"171000","-4"
"171012","1"
"171028","2"
"171052","0"
"171053","1"
"171061","1"
"171087","0"
"171089","2"
"171113","5"
"171133","3"
"171167","2"
"171180","1"
"171182","0"
"171191","0"
"171238","7"
"171266","3"
"171275","3"
"171294","0"
"171319","5"
"171354","16"
"171356","256"
"171357","4"
"171361","2"
"171381","35"
"171402","142"
"171406","1"
"171407","0"
"171430","4"
"171431","17"
"171451","17"
"171454","5"
"171460","3"
"171466","10"
"171469","5"
"171474","33"
"171478","10"
"171499","3"
"171509","0"
"171533","2"
"171542","2"
"171569","1"
"171579","4"
"171582","-1"
"171628","5"
"171636","4"
"171645","0"
"171672","1"
"171711","10"
"171720","2"
"171727","4"
"171728","0"
"171738","1"
"171741","3"
"171776","0"
"171793","0"
"171806","2"
"171813","0"
"171833","4"
"171841","4"
"171855","0"
"171858","1"
"171875","2"
"171891","0"
"171898","1"
"171903","-1"
"171907","1"
"171951","0"
"171969","1"
"171980","0"
"172025","12"
"172026","0"
"172041","1"
"172051","0"
"172053","1"
"172075","1"
"172080","5"
"172109","0"
"172124","4"
"172148","301"
"172162","5"
"172192","0"
"172202","0"
"172242","1"
"172243","3"
"172247","1"
"172259","2"
"172294","0"
"172297","19"
"172319","1"
"172326","6"
"172339","2"
"172343","1"
"172366","2"
"172369","1"
"172372","12"
"172396","0"
"172415","2"
"172419","0"
"172427","-1"
"172435","1"
"172511","1"
"172513","1"
"172536","0"
"172551","2"
"172556","4"
"172566","0"
"172574","3"
"172582","0"
"172583","2"
"172586","0"
"172593","-3"
"172606","3"
"172630","-3"
"172632","2"
"172637","5"
"172638","0"
"172669","0"
"172670","1"
"172683","5"
"172687","3"
"172695","2"
"172700","1"
"172719","1"
"172721","7"
"172758","1"
"172815","0"
"172816","0"
"172878","4"
"172889","3"
"172893","1"
"172908","4"
"172923","5"
"172960","1"
"172984","0"
"173021","2"
"173025","3"
"173032","1"
"173059","3"
"173071","0"
"173073","1"
"173080","8"
"173094","2"
"173096","7"
"173162","1"
"173171","2"
"173180","0"
"173187","7"
"173200","10"
"173248","0"
"173283","3"
"173284","102"
"173338","1"
"173348","0"
"173349","26"
"173361","0"
"173405","1"
"173415","0"
"173459","6"
"173475","6"
"173567","0"
"173611","1"
"173645","0"
"173674","3"
"173681","0"
"173691","2"
"173694","1"
"173700","4"
"173710","3"
"173729","1"
"173741","1"
"173750","2"
"173752","-1"
"173786","2"
"173799","1"
"173804","1"
"173828","3"
"173837","2"
"173841","1"
"173846","3"
"173850","1"
"173854","1"
"173858","1"
"173869","6"
"173886","1"
"173901","73"
"173920","0"
"173952","0"
"173958","0"
"173961","2"
"173982","0"
"173997","4"
"174018","4"
"174023","1"
"174068","2"
"174105","0"
"174109","0"
"174128","3"
"174147","1"
"174159","0"
"174160","-1"
"174170","4"
"174182","0"
"174187","0"
"174218","4"
"174245","0"
"174263","1"
"174306","0"
"174371","1"
"174384","8"
"174405","98"
"174476","6"
"174477","6"
"174523","5"
"174563","0"
"174568","1"
"174571","1"
"174578","2"
"174581","3"
"174594","3"
"174663","0"
"174672","0"
"174684","2"
"174696","5"
"174702","3"
"174732","4"
"174755","-1"
"174791","0"
"174801","4"
"174812","2"
"174838","0"
"174877","5"
"174929","1"
"174932","5"
"174936","0"
"174950","0"
"174967","2"
"175000","3"
"175017","1"
"175112","1"
"175125","2"
"175178","4"
"175211","5"
"175243","1"
"175257","1"
"175263","1"
"175264","0"
"175266","3"
"175267","0"
"175304","4"
"175306","-1"
"175338","9"
"175339","1"
"175341","6"
"175376","0"
"175386","46"
"175396","0"
"175411","33"
"175412","3"
"175422","1"
"175431","5"
"175493","3"
"175504","3"
"175506","8"
"175528","3"
"175533","0"
"175534","-5"
"175536","62"
"175591","0"
"175609","3"
"175611","2"
"175623","1"
"175630","7"
"175679","1"
"175680","-3"
"175686","5"
"175692","1"
"175703","3"
"175714","10"
"175722","0"
"175723","1"
"175743","7"
"175783","52"
"175825","1"
"175837","3"
"175856","15"
"175887","2"
"175898","0"
"175903","2"
"175943","1"
"175950","3"
"175971","-2"
"175977","105"
"175982","2"
"175983","-1"
"176000","1"
"176025","1"
"176066","1"
"176077","10"
"176121","6"
"176147","8"
"176149","4"
"176174","3"
"176181","3"
"176186","0"
"176195","2"
"176213","5"
"176216","5"
"176223","6"
"176239","6"
"176263","1"
"176316","-4"
"176330","4"
"176343","-3"
"176345","0"
"176437","-1"
"176443","0"
"176454","-2"
"176460","-4"
"176468","0"
"176477","2"
"176484","2"
"176489","0"
"176492","1"
"176501","-1"
"176502","0"
"176512","4"
"176522","1"
"176534","1"
"176548","2"
"176570","1"
"176573","-2"
"176595","24"
"176606","7"
"176613","2"
"176619","4"
"176628","1"
"176631","21"
"176635","13"
"176641","68"
"176646","4"
"176655","-1"
"176678","7"
"176692","2"
"176702","13"
"176709","25"
"176713","1"
"176730","-3"
"176737","4"
"176755","2"
"176765","3"
"176782","5"
"176788","2"
"176794","2"
"176803","167"
"176806","7"
"176807","3"
"176813","0"
"176836","0"
"176856","6"
"176858","3"
"176863","0"
"176889","0"
"176897","0"
"176906","3"
"176916","4"
"176923","3"
"176932","2"
"176943","1"
"176994","1"
"177024","5"
"177049","55"
"177054","1"
"177099","2"
"177118","0"
"177124","-1"
"177147","4"
"177155","6"
"177161","2"
"177164","0"
"177166","5"
"177195","2"
"177203","5"
"177218","7"
"177235","5"
"177255","4"
"177257","1"
"177261","9"
"177279","0"
"177287","8"
"177291","-1"
"177300","7"
"177307","1"
"177318","-3"
"177337","3"
"177339","5"
"177351","5"
"177353","1"
"177365","2"
"177374","36"
"177386","1"
"177401","2"
"177415","53"
"177417","1"
"177418","4"
"177426","2"
"177447","1"
"177448","1"
"177458","4"
"177460","1"
"177486","6"
"177501","1"
"177506","2"
"177533","0"
"177543","2"
"177547","6"
"177556","3"
"177575","0"
"177577","9"
"177609","3"
"177630","0"
"177635","1"
"177636","1"
"177637","2"
"177645","7"
"177663","4"
"177679","1"
"177730","3"
"177774","0"
"177778","2"
"177784","0"
"177796","2"
"177812","1"
"177816","1"
"177819","-2"
"177856","5"
"177886","-1"
"177958","2"
"177960","2"
"177962","5"
"177963","31"
"177970","6"
"177999","0"
"178006","2"
"178041","1"
"178068","1"
"178073","1"
"178090","4"
"178092","-1"
"178101","1"
"178141","1"
"178143","0"
"178154","-3"
"178176","2"
"178203","-1"
"178206","10"
"178210","1"
"178214","1"
"178294","3"
"178309","88"
"178342","2"
"178355","2"
"178380","0"
"178382","2"
"178399","0"
"178421","5"
"178430","5"
"178433","1"
"178439","6"
"178443","5"
"178465","0"
"178484","3"
"178497","6"
"178499","2"
"178504","2"
"178509","1"
"178531","-2"
"178534","2"
"178555","1"
"178561","2"
"178565","4"
"178566","1"
"178588","1"
"178597","3"
"178610","13"
"178626","3"
"178649","2"
"178652","1"
"178655","0"
"178726","5"
"178731","2"
"178750","6"
"178771","2"
"178772","1"
"178780","0"
"178802","3"
"178808","1"
"178809","4"
"178843","1"
"178845","1"
"178857","5"
"178876","2"
"178881","1"
"178882","6"
"178888","2"
"178913","0"
"178925","1"
"178932","1"
"178949","1"
"178952","3"
"178963","3"
"178965","1"
"179003","10"
"179026","1"
"179035","3"
"179036","1"
"179046","1"
"179059","3"
"179061","1"
"179077","0"
"179116","-1"
"179154","3"
"179171","2"
"179252","0"
"179261","3"
"179278","10"
"179289","3"
"179363","19"
"179373","0"
"179382","0"
"179396","0"
"179419","1"
"179428","0"
"179446","27"
"179469","2"
"179494","3"
"179495","-1"
"179498","17"
"179502","1"
"179529","3"
"179530","9"
"179550","2"
"179551","1"
"179576","2"
"179603","1"
"179604","3"
"179612","2"
"179679","0"
"179682","3"
"179688","47"
"179725","1"
"179747","2"
"179764","0"
"179766","-3"
"179801","1"
"179813","1"
"179831","1"
"179892","2"
"179900","1"
"179957","3"
"179977","-6"
"179996","2"
"180000","0"
"180021","1"
"180022","16"
"180053","1"
"180065","0"
"180076","2"
"180106","-2"
"180109","25"
"180110","7"
"180114","2"
"180119","3"
"180169","5"
"180194","4"
"180204","0"
"180215","1"
"180230","2"
"180277","2"
"180287","3"
"180335","7"
"180357","21"
"180406","0"
"180410","1"
"180420","2"
"180457","2"
"180475","0"
"180505","5"
"180533","3"
"180535","31"
"180596","1"
"180627","1"
"180630","2"
"180634","1"
"180639","0"
"180641","0"
"180651","5"
"180665","1"
"180680","9"
"180686","2"
"180706","1"
"180730","3"
"180764","0"
"180824","1"
"180877","1"
"180924","1"
"180928","2"
"180974","0"
"180975","1"
"180976","-2"
"181001","2"
"181012","1"
"181023","5"
"181045","1"
"181108","20"
"181116","2"
"181121","10"
"181157","4"
"181165","-2"
"181196","3"
"181206","3"
"181221","-2"
"181259","3"
"181282","1"
"181289","1"
"181304","-1"
"181312","2"
"181328","140"
"181350","2"
"181377","-1"
"181380","0"
"181388","1"
"181397","3"
"181409","5"
"181411","4"
"181470","1"
"181473","1"
"181496","1"
"181535","4"
"181538","4"
"181560","1"
"181564","2"
"181565","1"
"181579","0"
"181594","1"
"181611","1"
"181616","12"
"181626","5"
"181630","2"
"181639","3"
"181652","2"
"181663","-1"
"181669","1"
"181686","2"
"181688","1"
"181700","1"
"181704","4"
"181720","0"
"181749","0"
"181770","10"
"181771","2"
"181854","2"
"181873","3"
"181886","3"
"181890","0"
"181892","1"
"181893","1"
"181927","0"
"181986","-6"
"181997","0"
"182026","1"
"182048","3"
"182054","3"
"182082","1"
"182089","0"
"182199","2"
"182206","2"
"182220","2"
"182237","3"
"182278","0"
"182284","113"
"182293","0"
"182301","1"
"182326","1"
"182346","-1"
"182359","3"
"182390","1"
"182391","-3"
"182409","6"
"182452","0"
"182455","0"
"182458","7"
"182481","3"
"182489","1"
"182495","1"
"182501","3"
"182510","2"
"182564","1"
"182602","-4"
"182612","2"
"182614","0"
"182638","1"
"182653","3"
"182667","0"
"182669","1"
"182688","1"
"182692","0"
"182696","7"
"182723","1"
"182724","3"
"182739","4"
"182744","3"
"182747","1"
"182750","1"
"182754","1"
"182770","2"
"182793","1"
"182830","2"
"182841","4"
"182889","0"
"182930","0"
"182932","1"
"182933","0"
"182934","4"
"182942","0"
"182960","3"
"182989","0"
"183014","4"
"183020","-3"
"183032","2"
"183052","3"
"183056","6"
"183068","0"
"183070","1"
"183089","2"
"183124","1"
"183126","0"
"183130","-2"
"183150","2"
"183151","8"
"183176","1"
"183192","-1"
"183194","5"
"183209","0"
"183225","1"
"183245","7"
"183265","0"
"183334","0"
"183374","0"
"183383","-1"
"183387","0"
"183402","3"
"183428","6"
"183453","0"
"183509","11"
"183540","0"
"183545","1"
"183553","7"
"183561","0"
"183565","4"
"183583","11"
"183607","2"
"183618","1"
"183620","2"
"183630","1"
"183656","3"
"183668","0"
"183685","1"
"183702","4"
"183723","3"
"183728","2"
"183735","34"
"183736","0"
"183755","2"
"183766","-4"
"183796","11"
"183809","0"
"183811","5"
"183832","5"
"183837","3"
"183855","3"
"183856","3"
"183872","1"
"183920","0"
"183927","1"
"183943","0"
"183962","5"
"183972","4"
"184001","0"
"184003","2"
"184006","4"
"184011","1"
"184014","6"
"184022","3"
"184025","0"
"184039","0"
"184052","5"
"184060","4"
"184083","3"
"184095","2"
"184115","0"
"184121","1"
"184134","1"
"184136","4"
"184139","1"
"184151","6"
"184172","0"
"184186","2"
"184215","3"
"184223","-4"
"184248","2"
"184263","0"
"184272","1"
"184273","3"
"184276","1"
"184288","1"
"184308","3"
"184313","1"
"184318","19"
"184319","1"
"184365","-1"
"184384","-4"
"184416","2"
"184419","2"
"184427","2"
"184436","7"
"184461","2"
"184480","3"
"184512","0"
"184521","-2"
"184529","3"
"184555","2"
"184576","5"
"184581","2"
"184586","81"
"184587","4"
"184595","2"
"184599","0"
"184618","5"
"184628","1"
"184639","2"
"184642","2"
"184662","5"
"184709","0"
"184738","1"
"184742","-3"
"184778","5"
"184782","-1"
"184787","-1"
"184810","-2"
"184816","1"
"184842","1"
"184849","-2"
"184850","6"
"184857","3"
"184878","0"
"184885","6"
"184887","5"
"184910","3"
"184919","7"
"184925","1"
"184928","1"
"184933","1"
"184956","0"
"184962","-2"
"184969","1"
"184984","3"
"185009","2"
"185085","2"
"185091","-2"
"185125","1"
"185138","2"
"185170","0"
"185228","7"
"185259","1"
"185269","3"
"185287","1"
"185320","-1"
"185344","1"
"185370","2"
"185395","4"
"185419","6"
"185421","1"
"185437","0"
"185438","1"
"185447","1"
"185455","25"
"185488","0"
"185516","1"
"185527","0"
"185528","2"
"185547","1"
"185574","4"
"185581","1"
"185599","1"
"185610","1"
"185622","2"
"185629","6"
"185631","3"
"185642","14"
"185644","1"
"185667","0"
"185672","1"
"185695","2"
"185696","1"
"185701","4"
"185702","2"
"185733","2"
"185766","1"
"185794","0"
"185809","7"
"185810","1"
"185814","0"
"185844","30"
"185900","1"
"185913","1"
"185920","2"
"185923","9"
"185931","1"
"185952","11"
"185962","1"
"185995","4"
"186001","3"
"186004","1"
"186033","1"
"186051","4"
"186076","1"
"186096","0"
"186099","3"
"186107","4"
"186108","2"
"186109","0"
"186164","1"
"186173","1"
"186210","6"
"186227","0"
"186314","1"
"186342","1"
"186345","0"
"186353","0"
"186369","5"
"186386","0"
"186400","1"
"186506","4"
"186535","1"
"186564","1"
"186571","0"
"186580","0"
"186595","1"
"186601","4"
"186606","-4"
"186613","2"
"186618","1"
"186632","0"
"186644","1"
"186657","55"
"186680","-2"
"186720","2"
"186728","5"
"186737","1"
"186738","7"
"186741","1"
"186756","1"
"186762","-1"
"186773","1"
"186777","2"
"186804","2"
"186812","1"
"186816","0"
"186826","0"
"186852","1"
"186856","3"
"186859","1"
"186865","4"
"186875","6"
"186880","1"
"186897","1"
"186951","3"
"186956","4"
"186972","3"
"186976","4"
"186989","3"
"186999","5"
"187049","4"
"187062","1"
"187072","-4"
"187114","1"
"187132","2"
"187144","1"
"187194","4"
"187196","3"
"187225","-1"
"187237","2"
"187241","1"
"187242","3"
"187249","0"
"187254","0"
"187260","2"
"187265","6"
"187267","0"
"187282","3"
"187308","3"
"187324","2"
"187326","1"
"187327","-4"
"187345","1"
"187353","0"
"187372","3"
"187381","-1"
"187386","0"
"187415","2"
"187427","1"
"187440","0"
"187449","-1"
"187461","1"
"187476","0"
"187479","0"
"187502","6"
"187507","2"
"187511","2"
"187534","4"
"187574","0"
"187584","1"
"187602","4"
"187607","-2"
"187608","3"
"187611","6"
"187637","2"
"187646","5"
"187647","3"
"187651","1"
"187667","0"
"187669","14"
"187687","0"
"187706","2"
"187731","2"
"187740","3"
"187767","2"
"187768","3"
"187776","1"
"187778","1"
"187780","2"
"187792","1"
"187793","4"
"187799","5"
"187822","-1"
"187855","7"
"187857","0"
"187866","5"
"187880","0"
"187882","1"
"187901","1"
"187912","163"
"187914","1"
"187916","2"
"187927","3"
"187943","1"
"187959","3"
"187988","1"
"188001","5"
"188018","2"
"188029","3"
"188033","2"
"188108","-1"
"188134","1"
"188157","34"
"188182","2"
"188188","2"
"188197","2"
"188199","0"
"188215","0"
"188237","2"
"188244","1"
"188272","0"
"188283","0"
"188290","2"
"188293","3"
"188303","0"
"188306","0"
"188315","1"
"188368","0"
"188371","1"
"188392","1"
"188393","2"
"188418","0"
"188424","1"
"188429","1"
"188464","-1"
"188466","0"
"188519","1"
"188551","1"
"188567","5"
"188589","0"
"188600","0"
"188609","1"
"188647","-2"
"188701","0"
"188707","7"
"188721","1"
"188738","2"
"188788","0"
"188858","-1"
"188876","3"
"188884","2"
"188921","2"
"188942","7"
"188998","0"
"189002","0"
"189011","0"
"189021","25"
"189045","1"
"189060","0"
"189073","2"
"189133","1"
"189134","2"
"189146","0"
"189147","0"
"189153","1"
"189155","2"
"189189","2"
"189196","0"
"189227","6"
"189264","0"
"189277","0"
"189278","1"
"189326","7"
"189331","1"
"189335","1"
"189358","1"
"189360","2"
"189376","2"
"189399","0"
"189402","-6"
"189404","1"
"189436","1"
"189442","2"
"189467","1"
"189474","5"
"189477","9"
"189515","0"
"189516","35"
"189520","6"
"189541","3"
"189548","0"
"189563","-2"
"189564","0"
"189579","0"
"189588","1"
"189602","2"
"189607","0"
"189617","-1"
"189627","1"
"189649","-1"
"189659","0"
"189757","3"
"189766","12"
"189815","4"
"189821","1"
"189850","0"
"189859","4"
"189866","1"
"189871","0"
"189922","0"
"189936","0"
"189939","2"
"189940","-1"
"189958","0"
"189971","-1"
"190039","0"
"190047","3"
"190061","1"
"190119","2"
"190123","-1"
"190133","7"
"190147","0"
"190151","0"
"190166","1"
"190196","3"
"190232","1"
"190271","4"
"190282","1"
"190293","0"
"190298","6"
"190301","3"
"190308","-1"
"190331","5"
"190354","1"
"190373","2"
"190380","0"
"190387","0"
"190418","0"
"190444","1"
"190459","2"
"190467","0"
"190486","1"
"190493","0"
"190521","2"
"190523","2"
"190535","1"
"190536","1"
"190556","2"
"190575","2"
"190588","0"
"190595","2"
"190597","1"
"190599","1"
"190610","4"
"190616","0"
"190627","-1"
"190635","0"
"190700","0"
"190713","2"
"190714","1"
"190747","2"
"190751","2"
"190770","2"
"190791","2"
"190813","1"
"190818","2"
"190849","3"
"190882","1"
"190907","1"
"190930","1"
"190938","1"
"190960","1"
"190976","0"
"190981","9"
"190986","1"
"190989","-1"
"190995","0"
"191016","1"
"191017","95"
"191025","0"
"191067","0"
"191071","1"
"191115","0"
"191124","0"
"191139","1"
"191155","0"
"191173","0"
"191174","0"
"191194","0"
"191203","0"
"191209","1"
"191216","-1"
"191296","2"
"191301","1"
"191316","1"
"191349","1"
"191355","1"
"191392","0"
"191396","0"
"191409","3"
"191421","2"
"191458","1"
"191487","0"
"191494","1"
"191556","2"
"191566","-2"
"191592","0"
"191648","0"
"191687","2"
"191709","2"
"191725","1"
"191727","5"
"191758","3"
"191772","1"
"191777","5"
"191791","0"
"191837","-1"
"191841","1"
"191846","2"
"191853","2"
"191863","0"
"191892","2"
"191901","2"
"191933","2"
"191952","1"
"191970","1"
"191980","3"
"191985","0"
"191992","1"
"192005","1"
"192006","4"
"192065","0"
"192080","4"
"192082","0"
"192088","3"
"192099","0"
"192107","2"
"192155","0"
"192156","1"
"192161","0"
"192164","4"
"192170","0"
"192201","3"
"192207","0"
"192214","0"
"192215","0"
"192225","0"
"192260","2"
"192274","1"
"192286","1"
"192291","1"
"192309","1"
"192316","1"
"192334","0"
"192335","1"
"192336","63"
"192345","1"
"192346","0"
"192368","1"
"192369","0"
"192373","-3"
"192389","0"
"192404","1"
"192428","2"
"192437","1"
"192449","1"
"192451","0"
"192463","-1"
"192467","0"
"192468","0"
"192478","3"
"192503","2"
"192548","0"
"192552","1"
"192553","3"
"192569","0"
"192574","2"
"192624","1"
"192635","3"
"192644","3"
"192670","3"
"192680","2"
"192716","21"
"192722","1"
"192725","0"
"192749","3"
"192756","3"
"192800","0"
"192803","1"
"192830","0"
"192840","1"
"192851","-2"
"192887","0"
"192905","3"
"192906","4"
"192910","1"
"192925","0"
"192931","3"
"192964","-2"
"192967","1"
"193002","0"
"193013","2"
"193052","-1"
"193144","1"
"193160","0"
"193172","2"
"193218","1"
"193231","1"
"193238","0"
"193247","2"
"193277","1"
"193372","-1"
"193391","-2"
"193397","5"
"193424","2"
"193429","31"
"193456","1"
"193481","-4"
"193487","3"
"193488","4"
"193507","2"
"193523","0"
"193564","3"
"193567","2"
"193573","1"
"193578","-4"
"193588","1"
"193604","2"
"193622","1"
"193634","0"
"193661","8"
"193683","5"
"193740","1"
"193777","2"
"193779","1"
"193806","0"
"193815","7"
"193861","0"
"193863","1"
"193890","2"
"193917","0"
"193934","2"
"193994","0"
"193997","11"
"194004","0"
"194006","0"
"194020","1"
"194037","32"
"194048","50"
"194069","-1"
"194076","1"
"194116","2"
"194119","0"
"194123","1"
"194197","2"
"194223","0"
"194228","1"
"194238","-1"
"194240","1"
"194248","1"
"194287","0"
"194397","1"
"194401","0"
"194406","1"
"194413","1"
"194418","0"
"194437","-1"
"194474","2"
"194508","1"
"194519","1"
"194542","0"
"194546","1"
"194557","2"
"194559","2"
"194564","0"
"194585","-1"
"194590","1"
"194597","1"
"194645","0"
"194655","1"
"194687","0"
"194705","0"
"194777","1"
"194877","1"
"194936","5"
"194940","-1"
"194957","0"
"194972","1"
"195036","8"
"195048","1"
"195049","2"
"195053","1"
"195072","2"
"195076","0"
"195099","6"
"195100","2"
"195122","1"
"195131","1"
"195144","0"
"195151","-1"
"195161","1"
"195164","2"
"195194","-1"
"195196","1"
"195220","-1"
"195242","-2"
"195251","2"
"195271","5"
"195276","12"
"195304","3"
"195311","1"
"195345","1"
"195390","4"
"195419","6"
"195441","3"
"195444","0"
"195457","4"
"195496","1"
"195548","2"
"195599","2"
"195607","0"
"195619","2"
"195641","2"
"195643","3"
"195646","0"
"195726","0"
"195765","2"
"195782","0"
"195834","71"
"195863","1"
"195919","0"
"195920","3"
"195927","0"
"195940","2"
"195947","1"
"195959","0"
"195981","2"
"195990","2"
"196000","1"
"196023","6"
"196030","0"
"196055","2"
"196058","1"
"196060","2"
"196086","1"
"196092","2"
"196097","2"
"196114","2"
"196121","15"
"196142","2"
"196205","-1"
"196238","0"
"196281","0"
"196296","-1"
"196303","3"
"196363","1"
"196364","2"
"196378","0"
"196397","3"
"196404","0"
"196412","-1"
"196425","3"
"196439","1"
"196447","0"
"196469","3"
"196491","2"
"196522","2"
"196537","1"
"196551","3"
"196557","0"
"196562","1"
"196571","1"
"196573","1"
"196590","6"
"196598","2"
"196600","3"
"196606","0"
"196610","0"
"196651","0"
"196652","0"
"196655","2"
"196664","64"
"196674","1"
"196685","0"
"196690","-1"
"196697","2"
"196698","1"
"196703","1"
"196715","3"
"196731","1"
"196753","2"
"196847","0"
"196853","4"
"196891","1"
"196908","2"
"196924","0"
"196943","2"
"196950","1"
"196967","2"
"196976","6"
"196980","4"
"197016","14"
"197028","0"
"197032","6"
"197038","27"
"197041","2"
"197061","0"
"197069","0"
"197082","5"
"197088","-1"
"197134","3"
"197147","2"
"197167","2"
"197201","2"
"197232","3"
"197259","-1"
"197292","0"
"197325","2"
"197327","2"
"197341","1"
"197342","2"
"197387","1"
"197426","0"
"197429","0"
"197432","2"
"197446","1"
"197453","0"
"197464","0"
"197468","1"
"197478","2"
"197484","0"
"197488","1"
"197509","2"
"197532","0"
"197583","3"
"197589","0"
"197603","0"
"197624","2"
"197628","-1"
"197657","3"
"197667","0"
"197693","3"
"197698","0"
"197702","4"
"197705","0"
"197715","3"
"197724","0"
"197734","1"
"197785","3"
"197844","2"
"197871","1"
"197876","3"
"197877","0"
"197900","1"
"197916","1"
"197929","5"
"197940","3"
"197946","3"
"197957","0"
"197963","0"
"197972","0"
"197990","2"
"197993","1"
"198039","3"
"198069","0"
"198158","1"
"198175","4"
"198185","1"
"198203","1"
"198208","0"
"198272","0"
"198291","1"
"198309","2"
"198314","2"
"198337","0"
"198366","1"
"198368","0"
"198413","2"
"198455","2"
"198468","24"
"198480","4"
"198483","0"
"198498","1"
"198500","19"
"198501","1"
"198533","0"
"198557","2"
"198560","2"
"198566","1"
"198568","2"
"198569","0"
"198572","2"
"198573","0"
"198598","1"
"198611","3"
"198641","3"
"198642","2"
"198718","6"
"198749","-1"
"198762","1"
"198776","1"
"198791","1"
"198818","1"
"198869","0"
"198872","0"
"198907","1"
"198918","0"
"198928","2"
"198951","94"
"198985","1"
"198999","0"
"199037","4"
"199052","0"
"199096","0"
"199105","1"
"199166","1"
"199168","-2"
"199171","0"
"199197","1"
"199209","1"
"199211","2"
"199219","0"
"199226","40"
"199232","6"
"199234","0"
"199238","-2"
"199241","0"
"199273","3"
"199276","0"
"199285","2"
"199292","0"
"199344","1"
"199352","1"
"199360","0"
"199367","4"
"199403","1"
"199415","2"
"199418","4"
"199432","0"
"199443","2"
"199450","0"
"199452","1"
"199458","4"
"199480","3"
"199495","0"
"199527","1"
"199530","2"
"199560","0"
"199573","5"
"199575","1"
"199583","1"
"199597","0"
"199620","1"
"199672","29"
"199684","-1"
"199685","1"
"199696","1"
"199699","0"
"199708","1"
"199728","1"
"199738","1"
"199746","1"
"199748","1"
"199751","2"
"199787","1"
"199788","-1"
"199793","0"
"199799","5"
"199827","1"
"199855","0"
"199868","2"
"199876","3"
"199879","15"
"199895","2"
"199908","0"
"199928","1"
"199944","1"
"199952","-1"
"199981","1"
"199987","1"
"200008","1"
"200017","-1"
"200029","4"
"200033","1"
"200038","1"
"200077","1"
"200093","3"
"200132","1"
"200139","0"
"200173","2"
"200174","0"
"200190","0"
"200195","2"
"200196","1"
"200205","0"
"200208","0"
"200215","1"
"200307","2"
"200315","2"
"200338","2"
"200344","0"
"200352","1"
"200382","2"
"200383","1"
"200415","0"
"200417","0"
"200421","0"
"200427","1"
"200463","2"
"200470","3"
"200492","1"
"200505","1"
"200519","7"
"200521","1"
"200525","0"
"200534","0"
"200573","1"
"200578","1"
"200590","0"
"200610","2"
"200630","1"
"200632","0"
"200634","0"
"200664","0"
"200668","1"
"200694","1"
"200703","1"
"200725","61"
"200736","1"
"200740","3"
"200770","2"
"200799","2"
"200817","2"
"200860","1"
"200900","1"
"200901","4"
"200936","3"
"200946","2"
"200964","0"
"201057","2"
"201068","0"
"201074","0"
"201086","0"
"201088","1"
"201121","1"
"201163","1"
"201190","5"
"201196","6"
"201199","2"
"201221","0"
"201224","2"
"201245","0"
"201268","2"
"201274","10"
"201277","3"
"201303","2"
"201306","0"
"201310","3"
"201334","2"
"201368","1"
"201370","1"
"201396","1"
"201412","1"
"201414","2"
"201425","0"
"201429","19"
"201437","3"
"201441","0"
"201476","1"
"201504","2"
"201505","0"
"201508","3"
"201516","1"
"201521","-1"
"201573","2"
"201576","1"
"201642","2"
"201652","1"
"201653","1"
"201657","29"
"201737","0"
"201747","2"
"201763","2"
"201772","1"
"201773","1"
"201775","-1"
"201893","1"
"201896","1"
"201900","0"
"201913","0"
"201934","0"
"201952","-1"
"201966","0"
"201975","2"
"201992","149"
"201998","3"
"202005","0"
"202006","0"
"202019","1"
"202031","1"
"202035","2"
"202137","0"
"202152","2"
"202196","7"
"202246","0"
"202254","0"
"202259","2"
"202265","-1"
"202267","1"
"202336","4"
"202348","2"
"202354","0"
"202355","44"
"202358","1"
"202363","1"
"202373","3"
"202375","3"
"202431","3"
"202433","0"
"202439","1"
"202451","0"
"202481","57"
"202515","1"
"202529","0"
"202543","-3"
"202563","1"
"202576","7"
"202579","0"
"202582","1"
"202586","1"
"202588","0"
"202591","0"
"202605","0"
"202649","1"
"202656","-1"
"202674","0"
"202697","1"
"202717","0"
"202746","0"
"202756","1"
"202783","1"
"202801","1"
"202802","0"
"202816","0"
"202817","1"
"202819","1"
"202834","0"
"202839","0"
"202847","1"
"202848","1"
"202876","2"
"202878","1"
"202891","0"
"202902","237"
"202913","0"
"202928","1"
"202941","0"
"202945","2"
"202953","0"
"202987","1"
"203016","8"
"203022","2"
"203048","3"
"203057","0"
"203081","2"
"203105","1"
"203143","0"
"203171","1"
"203173","1"
"203193","23"
"203206","5"
"203212","0"
"203213","0"
"203237","1"
"203249","2"
"203289","9"
"203293","-6"
"203314","0"
"203316","0"
"203330","2"
"203436","88"
"203442","0"
"203494","0"
"203508","0"
"203556","1"
"203563","1"
"203578","9"
"203587","0"
"203612","1"
"203638","1"
"203655","2"
"203661","0"
"203666","1"
"203667","2"
"203672","3"
"203712","0"
"203716","1"
"203757","1"
"203771","1"
"203787","2"
"203843","37"
"203845","0"
"203874","-1"
"203882","0"
"203890","8"
"203916","0"
"203917","0"
"203942","1"
"203945","0"
"203963","1"
"203968","1"
"203977","1"
"203981","2"
"203987","39"
"203995","2"
"203996","0"
"203997","0"
"203999","0"
"204013","1"
"204041","1"
"204056","1"
"204096","2"
"204105","1"
"204170","1"
"204174","0"
"204182","1"
"204190","0"
"204194","0"
"204205","1"
"204213","7"
"204237","-1"
"204264","1"
"204288","0"
"204338","0"
"204389","0"
"204400","0"
"204446","0"
"204459","36"
"204481","0"
"204494","-1"
"204497","1"
"204500","1"
"204542","1"
"204562","4"
"204579","0"
"204610","3"
"204615","2"
"204669","81"
"204681","5"
"204687","1"
"204694","1"
"204700","1"
"204706","5"
"204718","2"
"204723","2"
"204735","0"
"204737","10"
"204740","1"
"204752","0"
"204765","0"
"204791","0"
"204815","0"
"204830","-4"
"204859","2"
"204862","0"
"204899","3"
"204900","2"
"204906","6"
"204907","0"
"204925","0"
"204931","-1"
"204936","0"
"204946","1"
"204955","0"
"204961","0"
"204974","0"
"204983","0"
"205000","2"
"205059","-1"
"205069","0"
"205104","2"
"205106","1"
"205122","2"
"205124","-4"
"205132","0"
"205142","0"
"205160","1"
"205208","1"
"205216","0"
"205218","3"
"205235","3"
"205236","3"
"205264","-2"
"205271","57"
"205305","1"
"205317","4"
"205333","-1"
"205384","2"
"205410","2"
"205424","1"
"205428","1"
"205435","0"
"205436","2"
"205457","0"
"205470","5"
"205473","0"
"205490","0"
"205494","1"
"205518","0"
"205530","1"
"205549","1"
"205562","0"
"205568","1"
"205591","0"
"205599","1"
"205626","0"
"205641","3"
"205663","0"
"205670","0"
"205685","-1"
"205713","2"
"205723","3"
"205736","2"
"205750","1"
"205754","0"
"205758","2"
"205775","1"
"205788","1"
"205800","1"
"205809","2"
"205810","1"
"205830","3"
"205839","3"
"205847","0"
"205851","3"
"205864","1"
"205878","3"
"205927","0"
"205929","2"
"205975","13"
"205978","1"
"205991","0"
"205999","-1"
"206008","-1"
"206018","5"
"206024","1"
"206044","1"
"206045","0"
"206048","0"
"206054","1"
"206056","2"
"206080","0"
"206099","2"
"206144","-1"
"206160","0"
"206191","0"
"206195","1"
"206230","0"
"206237","1"
"206244","1"
"206248","1"
"206277","0"
"206290","1"
"206314","1"
"206319","2"
"206322","0"
"206342","0"
"206364","43"
"206380","1"
"206390","0"
"206393","0"
"206424","1"
"206443","1"
"206450","2"
"206462","4"
"206473","1"
"206520","39"
"206524","3"
"206543","1"
"206554","0"
"206560","2"
"206579","60"
"206583","4"
"206584","1"
"206606","96"
"206627","2"
"206634","1"
"206644","3"
"206649","50"
"206666","1"
"206704","-3"
"206705","0"
"206730","2"
"206746","2"
"206756","1"
"206782","0"
"206811","14"
"206817","4"
"206821","2"
"206879","1"
"206893","1"
"206914","0"
"206935","0"
"206947","1"
"206957","0"
"206964","3"
"206967","0"
"207016","3"
"207017","1"
"207037","2"
"207059","3"
"207074","2"
"207085","3"
"207090","2"
"207103","0"
"207105","1"
"207122","66"
"207127","2"
"207143","1"
"207193","-2"
"207208","2"
"207225","0"
"207226","2"
"207233","5"
"207252","2"
"207257","-1"
"207267","4"
"207281","5"
"207282","0"
"207306","0"
"207314","3"
"207332","1"
"207342","0"
"207351","4"
"207418","12"
"207428","3"
"207436","0"
"207442","-2"
"207450","1"
"207457","5"
"207460","1"
"207461","0"
"207474","1"
"207478","0"
"207520","0"
"207536","-1"
"207548","1"
"207595","3"
"207613","-1"
"207657","-1"
"207666","2"
"207679","3"
"207694","1"
"207731","1"
"207741","0"
"207754","1"
"207777","10"
"207795","0"
"207801","1"
"207860","2"
"207886","0"
"207898","0"
"207901","0"
"208917","1"
"208923","0"
"208925","0"
"208933","0"
"208941","0"
"208947","4"
"208957","2"
"208970","1"
"208990","0"
"208993","1"
"209002","1"
"209014","1"
"209037","0"
"209092","0"
"209100","2"
"209103","0"
"209131","3"
"209147","-2"
"209153","0"
"209174","2"
"209178","0"
"209190","1"
"209195","28"
"209220","0"
"209230","0"
"209238","1"
"209277","1"
"209289","0"
"209324","0"
"209342","6"
"209349","0"
"209389","1"
"209450","1"
"209455","0"
"209456","-2"
"209462","3"
"209464","1"
"209479","0"
"209491","0"
"209504","0"
"209528","4"
"209532","0"
"209549","0"
"209553","1"
"209554","-4"
"209562","0"
"209579","-1"
"209594","2"
"209598","0"
"209690","3"
"209739","1"
"209770","0"
"209817","0"
"209822","1"
"209897","1"
"209907","0"
"209908","39"
"209974","2"
"209993","5"
"209997","6"
"210002","0"
"210038","2"
"210072","56"
"210078","5"
"210120","0"
"210136","0"
"210154","0"
"210194","1"
"210209","11"
"210212","1"
"210243","67"
"210244","1"
"210253","1"
"210272","0"
"210346","1"
"210396","1"
"210407","-1"
"210441","0"
"210479","1"
"210490","0"
"210504","1"
"210507","1"
"210513","1"
"210519","0"
"210573","1"
"210581","1"
"210589","1"
"210593","0"
"210596","1"
"210619","3"
"210620","0"
"210629","42"
"210670","0"
"210673","2"
"210704","1"
"210720","1"
"210737","1"
"210744","0"
"210785","0"
"210821","2"
"210844","4"
"210848","2"
"210851","5"
"210859","1"
"210867","0"
"210868","1"
"210871","4"
"210902","0"
"210946","1"
"210952","0"
"210984","1"
"211023","3"
"211052","9"
"211056","1"
"211069","3"
"211091","-2"
"211094","0"
"211139","2"
"211166","0"
"211184","0"
"211202","0"
"211210","0"
"211242","-1"
"211265","3"
"211286","1"
"211289","0"
"211323","0"
"211324","0"
"211352","1"
"211371","2"
"211388","1"
"211389","2"
"211390","-1"
"211405","0"
"211406","0"
"211419","47"
"211423","1"
"211467","0"
"211470","0"
"211487","1"
"211493","1"
"211495","0"
"211502","1"
"211552","0"
"211554","1"
"211568","1"
"211581","2"
"211584","1"
"211593","0"
"211594","0"
"211597","1"
"211631","23"
"211638","2"
"211676","0"
"211687","0"
"211715","1"
"211724","2"
"211741","0"
"211761","1"
"211775","-2"
"211797","0"
"211810","0"
"211828","0"
"211836","2"
"211879","2"
"211916","1"
"211932","3"
"211938","2"
"211954","1"
"211981","1"
"211994","1"
"212020","1"
"212029","1"
"212036","5"
"212064","-1"
"212077","68"
"212085","0"
"212110","3"
"212128","1"
"212144","2"
"212163","1"
"212175","2"
"212215","1"
"212218","7"
"212247","3"
"212306","0"
"212338","1"
"212348","41"
"212369","2"
"212377","3"
"212381","0"
"212385","4"
"212400","0"
"212403","2"
"212413","0"
"212427","1"
"212455","0"
"212459","1"
"212473","11"
"212476","0"
"212495","2"
"212503","0"
"212506","0"
"212548","0"
"212564","2"
"212572","-1"
"212574","1"
"212577","0"
"212589","48"
"212596","0"
"212631","0"
"212633","0"
"212657","1"
"212668","-1"
"212748","0"
"212765","1"
"212784","-1"
"212785","2"
"212788","0"
"212812","4"
"212830","1"
"212859","2"
"212905","1"
"212945","0"
"212955","1"
"212956","0"
"212988","-2"
"213002","0"
"213012","0"
"213018","1"
"213033","1"
"213062","0"
"213078","3"
"213084","0"
"213089","3"
"213103","1"
"213112","2"
"213169","1"
"213215","2"
"213233","0"
"213302","0"
"213312","0"
"213332","0"
"213338","0"
"213366","0"
"213371","7"
"213375","0"
"213417","4"
"213426","0"
"213437","-1"
"213466","-5"
"213472","2"
"213512","0"
"213562","0"
"213564","0"
"213566","19"
"213581","1"
"213583","2"
"213602","20"
"213613","1"
"213620","-1"
"213633","4"
"213637","1"
"213645","0"
"213650","2"
"213653","0"
"213714","1"
"213737","0"
"213738","2"
"213772","2"
"213818","0"
"213840","0"
"213885","1"
"213898","1"
"213917","0"
"213928","0"
"213934","-1"
"213938","1"
"213942","3"
"213959","0"
"213998","0"
"214002","0"
"214020","0"
"214040","2"
"214043","-2"
"214056","1"
"214066","1"
"214080","1"
"214084","0"
"214091","3"
"214136","1"
"214186","2"
"214214","-1"
"214226","1"
"214237","2"
"214238","0"
"214311","0"
"214312","0"
"214372","2"
"214401","-2"
"214415","3"
"214433","0"
"214443","-1"
"214450","1"
"214467","0"
"214487","1"
"214498","3"
"214508","6"
"214517","0"
"214519","0"
"214529","0"
"214534","5"
"214540","3"
"214558","4"
"214575","0"
"214588","1"
"214620","0"
"214653","1"
"214674","1"
"214680","0"
"214683","0"
"214689","18"
"214726","3"
"214754","-2"
"214800","3"
"214806","0"
"214820","1"
"214823","0"
"214832","0"
"214840","1"
"214892","0"
"214897","1"
"214915","1"
"214933","3"
"214941","0"
"214957","1"
"214967","2"
"214991","1"
"214992","1"
"214994","4"
"215005","2"
"215014","0"
"215034","1"
"215039","1"
"215041","1"
"215042","1"
"215057","-2"
"215063","1"
"215095","1"
"215111","1"
"215124","0"
"215133","1"
"215137","0"
"215138","1"
"215155","5"
"215164","5"
"215205","37"
"215209","0"
"215216","0"
"215233","3"
"215265","0"
"215266","3"
"215271","0"
"215279","0"
"215328","3"
"215375","2"
"215376","1"
"215421","1"
"215428","1"
"215453","0"
"215467","0"
"215497","4"
"215510","0"
"215526","0"
"215553","7"
"215561","1"
"215564","1"
"215569","1"
"215575","0"
"215611","1"
"215622","0"
"215651","2"
"215688","1"
"215694","0"
"215698","0"
"215700","0"
"215708","0"
"215734","-1"
"215736","0"
"215761","1"
"215780","1"
"215813","0"
"215826","2"
"215835","1"
"215854","0"
"215875","0"
"215877","1"
"215895","2"
"215902","0"
"215940","1"
"215954","2"
"215973","-1"
"215997","2"
"216020","39"
"216025","2"
"216045","1"
"216046","0"
"216071","0"
"216101","1"
"216102","-1"
"216104","20"
"216129","5"
"216135","3"
"216159","3"
"216169","1"
"216195","3"
"216217","4"
"216237","0"
"216279","3"
"216291","0"
"216309","0"
"216325","0"
"216328","1"
"216332","1"
"216366","1"
"216384","1"
"216399","-6"
"216413","3"
"216426","0"
"216428","1"
"216492","0"
"216515","5"
"216531","-1"
"216586","1"
"216595","-1"
"216663","2"
"216700","1"
"216724","0"
"216731","0"
"216733","1"
"216735","0"
"216781","1"
"216801","0"
"216803","1"
"216808","1"
"216819","1"
"216852","1"
"217868","1"
"217884","55"
"217891","1"
"217894","1"
"217969","0"
"218040","2"
"218042","0"
"218086","3"
"218092","6"
"218106","1"
"218108","0"
"218132","1"
"218148","1"
"218166","0"
"218179","0"
"218198","-1"
"218237","2"
"218250","1"
"218251","2"
"218272","3"
"218273","1"
"218285","30"
"218407","0"
"218476","0"
"218491","4"
"218510","2"
"218517","2"
"218541","2"
"218542","4"
"218546","0"
"218547","3"
"218553","0"
"218575","0"
"218611","0"
"218614","0"
"218625","2"
"218646","1"
"218648","2"
"218667","0"
"218669","0"
"218673","1"
"218682","6"
"218691","0"
"218713","0"
"218725","0"
"218734","6"
"218748","1"
"218766","1"
"218767","7"
"218792","0"
"218806","5"
"218807","3"
"218809","1"
"218836","1"
"218871","1"
"218876","0"
"218911","0"
"218928","0"
"218930","-1"
"218950","2"
"218981","3"
"218988","-2"
"218994","1"
"219006","2"
"219011","-1"
"219020","1"
"219028","0"
"219033","1"
"219035","0"
"219042","2"
"219053","1"
"219059","1"
"219068","0"
"219098","1"
"219105","2"
"219115","1"
"219123","1"
"219162","0"
"219173","2"
"219190","0"
"219195","0"
"219208","1"
"219232","-1"
"219248","6"
"219255","1"
"219258","0"
"219275","1"
"219280","0"
"219310","1"
"219319","0"
"219320","2"
"219335","0"
"219341","0"
"219368","1"
"219415","0"
"219431","0"
"219446","1"
"219480","2"
"219481","2"
"219482","0"
"219491","5"
"219504","0"
"219528","0"
"219553","4"
"219559","1"
"219587","1"
"219590","3"
"219600","0"
"219605","0"
"219617","0"
"219619","2"
"219620","1"
"219624","0"
"219654","0"
"219657","0"
"219658","1"
"219663","1"
"219678","0"
"219692","1"
"219694","1"
"219714","2"
"219738","1"
"219753","2"
"219754","1"
"219756","0"
"219764","0"
"219777","0"
"219807","2"
"219839","1"
"219858","0"
"219868","28"
"219925","0"
"219939","1"
"219960","0"
"219976","1"
"219977","1"
"219981","1"
"219982","8"
"219994","0"
"220023","-1"
"220025","0"
"220039","0"
"220041","0"
"220060","7"
"220096","3"
"220114","2"
"220121","0"
"220136","7"
"220140","0"
"220149","0"
"220179","2"
"220180","3"
"220231","3"
"220235","1"
"220237","2"
"220265","8"
"220267","1"
"220280","-1"
"220308","3"
"220315","1"
"220350","1"
"220359","1"
"220370","2"
"220371","1"
"220396","5"
"220418","2"
"220470","1"
"220473","1"
"220482","1"
"220499","0"
"220515","2"
"220545","1"
"220549","44"
"220551","2"
"220556","0"
"220572","2"
"220587","0"
"220589","3"
"220600","1"
"220628","1"
"220638","1"
"220649","0"
"220663","2"
"220708","0"
"220712","1"
"220717","0"
"220741","1"
"220769","1"
"220783","1"
"220797","1"
"220805","1"
"220847","1"
"220848","-2"
"220928","1"
"220938","1"
"220951","0"
"220999","1"
"221006","0"
"221013","0"
"221018","130"
"221032","0"
"221042","2"
"221073","0"
"221104","0"
"221109","3"
"221137","3"
"221140","1"
"221152","34"
"221171","0"
"221189","2"
"221202","0"
"221222","3"
"221252","0"
"221291","1"
"221301","1"
"221311","1"
"221342","2"
"221355","1"
"221364","1"
"221370","3"
"221376","2"
"221377","2"
"221388","1"
"221400","7"
"221406","1"
"221408","37"
"221420","2"
"221443","1"
"221444","3"
"221448","3"
"221462","2"
"221494","2"
"221497","0"
"221530","1"
"221534","0"
"221570","0"
"221584","2"
"221585","1"
"221606","0"
"221619","2"
"221621","1"
"221652","0"
"221658","9"
"221664","1"
"221682","1"
"221692","0"
"221693","2"
"221707","1"
"221756","2"
"221759","0"
"221779","1"
"221787","0"
"221797","1"
"221841","1"
"221844","-3"
"221846","1"
"221851","3"
"221862","0"
"221864","1"
"221867","2"
"221880","45"
"221891","0"
"221895","1"
"221909","0"
"221924","1"
"221942","2"
"221943","0"
"221973","1"
"221987","0"
"221989","-2"
"221995","3"
"221996","2"
"222010","0"
"222012","5"
"222018","29"
"222023","-2"
"222025","3"
"222062","0"
"222072","1"
"222080","0"
"222094","2"
"222099","31"
"222143","0"
"222154","1"
"222163","2"
"222191","1"
"222217","1"
"222237","5"
"222254","19"
"222259","2"
"222290","4"
"222318","0"
"222319","-1"
"222334","3"
"222340","2"
"222342","0"
"222356","2"
"222359","2"
"222378","0"
"222381","2"
"222403","1"
"222407","0"
"222435","0"
"222437","0"
"222451","2"
"222479","2"
"222492","0"
"222502","1"
"222505","4"
"222512","1"
"222527","5"
"222532","2"
"222541","0"
"222542","1"
"222561","0"
"222568","2"
"222571","0"
"222589","4"
"222591","0"
"222619","2"
"222622","2"
"222690","1"
"222701","1"
"222740","0"
"222743","0"
"222753","4"
"222760","1"
"222765","3"
"222772","0"
"222773","1"
"222787","0"
"222795","16"
"222819","0"
"222833","0"
"222850","-3"
"222851","1"
"222855","1"
"222856","-1"
"222869","0"
"222887","1"
"222891","2"
"222892","0"
"222951","1"
"222965","1"
"222970","1"
"223002","2"
"223022","5"
"223037","0"
"223061","8"
"223089","0"
"223144","0"
"223154","1"
"223155","0"
"223178","10"
"223200","1"
"223212","1"
"223258","2"
"223262","0"
"223287","0"
"223290","7"
"223369","0"
"223389","4"
"223438","0"
"223448","26"
"223481","1"
"223502","0"
"223516","0"
"223518","3"
"223564","1"
"223578","0"
"223588","0"
"223608","2"
"223642","1"
"223662","0"
"223663","0"
"223671","3"
"223685","0"
"223688","18"
"223699","1"
"223713","4"
"223729","2"
"223737","65"
"223754","0"
"223760","0"
"223765","1"
"223782","1"
"223820","1"
"223853","1"
"223859","-1"
"223891","2"
"223925","3"
"223942","2"
"223977","0"
"223980","0"
"224007","1"
"224039","1"
"224044","1"
"224045","0"
"224052","0"
"224059","2"
"224069","1"
"224082","1"
"224103","0"
"224118","1"
"224179","1"
"224199","3"
"224200","38"
"224220","1"
"224241","0"
"224251","0"
"224260","0"
"224275","5"
"224301","0"
"224320","0"
"224322","0"
"224330","0"
"224338","1"
"224371","10"
"224382","0"
"224393","1"
"224404","5"
"224420","0"
"224437","0"
"224441","0"
"224442","0"
"224447","54"
"224515","0"
"224547","0"
"224557","0"
"224559","1"
"224573","1"
"224581","14"
"224629","0"
"224638","3"
"224645","0"
"224650","0"
"224655","0"
"224665","1"
"224673","79"
"224695","2"
"224701","41"
"224710","0"
"224713","1"
"224744","0"
"224763","1"
"224793","8"
"224799","0"
"224821","1"
"224839","0"
"224849","1"
"224854","0"
"224864","0"
"224896","0"
"224911","2"
"224913","0"
"224945","0"
"224968","1"
"224971","4"
"224981","0"
"224986","0"
"224987","1"
"224988","0"
"224999","0"
"225000","1"
"225001","41"
"225016","0"
"225044","-2"
"225054","6"
"225056","2"
"225069","0"
"225076","1"
"225100","0"
"225101","0"
"225132","2"
"225165","0"
"225168","0"
"225174","0"
"225210","0"
"225228","2"
"225262","13"
"225277","0"
"225286","0"
"225292","4"
"225305","0"
"225307","1"
"225325","2"
"225331","2"
"225333","0"
"225376","0"
"225406","1"
"225415","5"
"225439","2"
"225446","0"
"225464","2"
"225478","3"
"225495","1"
"225513","1"
"225520","0"
"225522","3"
"225526","2"
"225531","0"
"225545","1"
"225575","0"
"225605","0"
"225656","0"
"225668","0"
"225693","0"
"225700","-1"
"225708","5"
"225717","2"
"225724","0"
"225755","1"
"225762","2"
"225787","1"
"225799","1"
"225844","1"
"225873","48"
"225881","6"
"225900","0"
"225910","-2"
"225916","1"
"225917","1"
"225923","0"
"225925","1"
"225962","0"
"225968","0"
"225980","1"
"225990","0"
"225998","1"
"226007","0"
"226019","0"
"226022","2"
"226028","0"
"226035","0"
"226062","1"
"226065","0"
"226070","21"
"226072","0"
"226082","0"
"226085","0"
"226095","8"
"226100","1"
"226114","0"
"226141","1"
"226219","5"
"226331","1"
"226338","0"
"226343","2"
"226368","2"
"226372","0"
"226389","1"
"226393","-1"
"226407","2"
"226408","0"
"226415","0"
"226454","1"
"226464","0"
"226470","1"
"226495","0"
"226499","1"
"226532","0"
"226538","0"
"226553","0"
"226556","0"
"226594","-1"
"226596","0"
"226597","1"
"226600","32"
"226666","0"
"226708","2"
"226740","0"
"226752","0"
"226755","1"
"226757","33"
"226771","0"
"226796","-1"
"226819","2"
"226820","2"
"226827","3"
"226850","-2"
"226860","-1"
"226907","3"
"226920","0"
"226932","0"
"226934","1"
"226944","0"
"226945","3"
"226946","4"
"226954","0"
"226955","0"
"226969","2"
"226976","1"
"226977","0"
"226983","1"
"226990","0"
"226994","1"
"227045","2"
"227060","1"
"227077","0"
"227089","0"
"227093","0"
"227095","7"
"227098","2"
"227105","3"
"227115","-3"
"227176","1"
"227181","0"
"227183","1"
"227187","0"
"227202","1"
"227215","3"
"227284","0"
"227286","0"
"227287","0"
"227300","4"
"227302","0"
"227343","0"
"227346","1"
"227364","4"
"227371","-3"
"227383","0"
"227397","1"
"227433","0"
"227436","4"
"227446","1"
"227466","1"
"227477","1"
"227479","1"
"227509","0"
"227531","0"
"227536","3"
"227547","1"
"227561","0"
"227595","0"
"227620","2"
"227625","0"
"227660","1"
"227671","1"
"227678","1"
"227716","-1"
"227750","1"
"227753","2"
"227757","1"
"227758","1"
"227763","1"
"227770","1"
"227780","0"
"227789","0"
"227791","0"
"227814","0"
"227821","0"
"227826","3"
"227845","0"
"228893","0"
"228912","1"
"228920","0"
"228922","0"
"228925","0"
"228935","0"
"228992","1"
"228997","2"
"229015","50"
"229020","0"
"229022","3"
"229038","0"
"229039","0"
"229050","1"
"229055","2"
"229065","1"
"229105","2"
"229117","-1"
"229118","1"
"229121","2"
"229139","0"
"229148","0"
"229179","1"
"229206","1"
"229227","0"
"229238","3"
"229267","1"
"229282","1"
"229295","0"
"229328","0"
"229333","0"
"229353","5"
"229377","1"
"229388","2"
"229391","1"
"229466","0"
"229480","0"
"229484","0"
"229486","2"
"229500","0"
"229510","0"
"229591","1"
"229599","2"
"229602","1"
"229606","-2"
"229640","0"
"229652","0"
"229653","2"
"229656","1"
"229678","1"
"229694","1"
"229702","3"
"229714","0"
"229715","0"
"229744","0"
"229747","-1"
"229761","3"
"229771","0"
"229781","0"
"229789","0"
"229804","2"
"229812","0"
"229820","0"
"229868","2"
"229871","0"
"229872","1"
"229908","0"
"229928","1"
"229932","1"
"229934","1"
"229945","0"
"229963","0"
"229994","0"
"230008","0"
"230014","2"
"230035","47"
"230055","2"
"230083","0"
"230129","-4"
"230131","0"
"230150","-1"
"230152","0"
"230161","0"
"230165","-2"
"230185","0"
"230186","0"
"230221","0"
"230224","2"
"230232","0"
"230236","0"
"230250","2"
"230256","3"
"230272","0"
"230273","1"
"230293","0"
"230314","0"
"230319","1"
"230343","0"
"230356","0"
"230373","0"
"230380","1"
"230389","0"
"230456","0"
"230463","0"
"230464","1"
"230467","0"
"230479","0"
"230500","1"
"230504","0"
"230528","-1"
"230530","1"
"230588","1"
"230609","0"
"230621","0"
"230627","-1"
"230635","4"
"230644","0"
"230654","0"
"230657","2"
"230678","0"
"230680","2"
"230687","0"
"230689","1"
"230704","0"
"230711","1"
"230726","-1"
"230727","0"
"230757","0"
"230771","-2"
"230773","0"
"230776","-1"
"230804","0"
"230809","1"
"230832","1"
"230838","0"
"230841","-1"
"230868","0"
"230907","0"
"230914","0"
"230925","0"
"230930","2"
"230935","0"
"230943","0"
"230968","0"
"230976","0"
"230979","0"
"230984","35"
"230990","0"
"231042","1"
"231060","1"
"231079","0"
"231101","0"
"231147","0"
"231161","8"
"231178","0"
"231203","0"
"231216","0"
"231217","0"
"231218","1"
"231219","0"
"231229","0"
"231266","0"
"231280","0"
"231281","0"
"231292","1"
"231323","0"
"231347","1"
"231374","1"
"231438","1"
"231447","1"
"231455","1"
"231467","0"
"231476","0"
"231487","1"
"231491","0"
"231506","1"
"231519","1"
"231525","32"
"231526","0"
"231535","3"
"231558","2"
"231565","0"
"231579","1"
"231587","0"
"231598","0"
"231614","1"
"231622","4"
"231652","1"
"231703","0"
"231710","1"
"231724","-2"
"231727","1"
"231752","2"
"231758","1"
"231768","0"
"231793","0"
"231796","1"
"231804","0"
"231839","1"
"231844","0"
"231846","6"
"231864","0"
"231880","-2"
"231930","11"
"231958","1"
"231964","0"
"231991","2"
"232007","0"
"232030","1"
"232049","0"
"232058","3"
"232077","0"
"232078","10"
"232099","0"
"232116","0"
"232120","0"
"232125","0"
"232134","2"
"232213","2"
"232254","0"
"232263","1"
"232273","9"
"232286","9"
"232301","0"
"232310","1"
"232370","0"
"232406","1"
"232414","1"
"232423","0"
"232434","0"
"232439","0"
"232458","-1"
"232460","0"
"232465","0"
"232474","0"
"232478","1"
"232494","0"
"232506","0"
"232507","0"
"232521","0"
"232528","0"
"232572","0"
"232574","0"
"232575","2"
"232583","3"
"232656","1"
"232670","0"
"232717","0"
"232732","0"
"232739","0"
"232744","1"
"232783","1"
"232833","0"
"232845","0"
"232849","1"
"232866","2"
"232909","0"
"232936","0"
"232967","1"
"232974","2"
"232982","0"
"233026","2"
"233027","2"
"233028","0"
"233051","0"
"233052","0"
"233053","0"
"233059","2"
"233090","0"
"233097","1"
"233137","2"
"233139","0"
"233141","1"
"233170","1"
"233186","0"
"233220","0"
"233228","1"
"233235","0"
"233261","-1"
"233272","1"
"233285","0"
"233294","8"
"233302","0"
"233304","0"
"233338","1"
"233359","1"
"233378","0"
"233394","0"
"233412","0"
"233432","-1"
"233453","0"
"233501","1"
"233536","0"
"233553","0"
"233583","0"
"233592","1"
"233594","2"
"233595","2"
"233603","2"
"233614","0"
"233651","2"
"233666","0"
"233689","0"
"233698","1"
"233701","1"
"233709","1"
"233721","0"
"233731","0"
"233733","0"
"233748","2"
"233759","3"
"233793","0"
"233815","-1"
"233818","1"
"233849","1"
"233884","0"
"233887","1"
"233901","4"
"233906","0"
"233980","1"
"233995","0"